STATE,FACILITY ID,FACILITY NAME,FACILITY ADDRESS,FACILITY STATUS,FACILITY CATEGORY,NO. OF STALLS,MONTHLY INVENTORY,PARKWHIZ,# of stall,WAY.COM,# of stall,NEIGHBOR,# of stall,SPACER,# of stall,GPS COORDINATES,FACILITY NOTES,REVENUE CATEGORY,LANDLORD,"FACILITY LOCATION
FOR WINTER SEASON",REMARKS LAST WINTER 2024,,,,,,,,,,,,,,,,,,,,,,,,,,,,,,,,,,,,,,,,,,,,,,,,,,,,,,,,,,,,,,,,,,,,,,,,,,,,,,,,,,,,,,,,,,,,,,,,,,,,,,,,,,,,,,,,,,,,,,,,,,,,,,,,,,
MA,,1 Coolidge Ave. - Spot #33 (ARCHIVED),"1 Coolidge Avenue, Boston, MA 02114",PERMANENTLY CLOSED,PERMANENTLY CLOSED,0,0,Not Listed,,Not Listed,,Not Listed,,Not Listed,,N/A,N/A,N/A,Jasmine,,,,,,,,,,,,,,,,,,,,,,,,,,,,,,,,,,,,,,,,,,,,,,,,,,,,,,,,,,,,,,,,,,,,,,,,,,,,,,,,,,,,,,,,,,,,,,,,,,,,,,,,,,,,,,,,,,,,,,,,,,,,,,,,,,,,
MA,81099,1 Emmet Pl. - Left Spot only,"1 Emmet Place Boston, MA, 02128",IN OPERATION,Daily Only,1,N/A,Not Listed,,Not Listed,,Not Listed,,Not Listed,,"42.368251,-71.037267",,70/30,Jordan Rabb,Plain(Flat) Access,,,,,,,,,,,,,,,,,,,,,,,,,,,,,,,,,,,,,,,,,,,,,,,,,,,,,,,,,,,,,,,,,,,,,,,,,,,,,,,,,,,,,,,,,,,,,,,,,,,,,,,,,,,,,,,,,,,,,,,,,,,,,,,,,,,
WASHINGTON DC,,1 Snows Ct. NW - Parking Spot (ARCHIVED),"1 Snows Court Northwest Washington, DC, 20037",PERMANENTLY CLOSED,PERMANENTLY CLOSED,0,0,Not Listed,,Not Listed,,Not Listed,,Not Listed,,N/A,N/A,N/A,William Cowdrick,,,,,,,,,,,,,,,,,,,,,,,,,,,,,,,,,,,,,,,,,,,,,,,,,,,,,,,,,,,,,,,,,,,,,,,,,,,,,,,,,,,,,,,,,,,,,,,,,,,,,,,,,,,,,,,,,,,,,,,,,,,,,,,,,,,,
MA,130104,1 Terrace St. (1430 Tremont St.) - Spot #11 or #14 Only,"1 Terrace Street, Boston, MA 02120",IN OPERATION,Daily Only,2,N/A,Not Listed,,Not Listed,,Not Listed,,Not Listed,,"42°19'52.6""N 71°05'48.3""W",,,Debbie Adamidis,Plain(Flat) Access,,,,,,,,,,,,,,,,,,,,,,,,,,,,,,,,,,,,,,,,,,,,,,,,,,,,,,,,,,,,,,,,,,,,,,,,,,,,,,,,,,,,,,,,,,,,,,,,,,,,,,,,,,,,,,,,,,,,,,,,,,,,,,,,,,,
MA,87015,10 Soden St. - Spots #1 - #10 Only,"10 Soden Street Cambridge, MA, 02139",IN OPERATION,Daily&Monthly,10,9,Listed,2,Not Listed,,Listed,1,Not Listed,,"42°21'55.5""N 71°06'32.7""W",,FIXED,Parking Boston Inc. - Jasmine Taylor,Plain(Flat) Access,,,,,,,,,,,,,,,,,,,,,,,,,,,,,,,,,,,,,,,,,,,,,,,,,,,,,,,,,,,,,,,,,,,,,,,,,,,,,,,,,,,,,,,,,,,,,,,,,,,,,,,,,,,,,,,,,,,,,,,,,,,,,,,,,,,
MA,130666,10 Allen St. - Driveway Rear Spot Only,"10 Allen St, North Cambridge, MA 02140, USA",IN OPERATION,Events and Daily ONLY,1,N/A,Not Listed,,Not Listed,,Not Listed,,Not Listed,,"42°23'25.1""N 71°07'11.3""W",,,Cynthia Luo,Plain(Flat) Access,,,,,,,,,,,,,,,,,,,,,,,,,,,,,,,,,,,,,,,,,,,,,,,,,,,,,,,,,,,,,,,,,,,,,,,,,,,,,,,,,,,,,,,,,,,,,,,,,,,,,,,,,,,,,,,,,,,,,,,,,,,,,,,,,,,
MA,130505,10 Darling St. - Garage Spot P1 Only (ARCHIVED),"10 Darling St, Boston, MA 02120, USA",PERMANENTLY CLOSED,Events and Daily ONLY,1,0,Not Listed,,Not Listed,,Not Listed,,Not Listed,,"42°19'55.0""N 71°06'19.9""W",Keypad code #3550 or 5550,,Alp Kantar; Puspa Jelita,Plain(Flat) Access,,,,,,,,,,,,,,,,,,,,,,,,,,,,,,,,,,,,,,,,,,,,,,,,,,,,,,,,,,,,,,,,,,,,,,,,,,,,,,,,,,,,,,,,,,,,,,,,,,,,,,,,,,,,,,,,,,,,,,,,,,,,,,,,,,,
MA,131985,10 Greylock Rd. - Spot #6 or #7 Only,"10 Greylock Rd, Boston, MA 02134, USA",IN OPERATION,Events and Daily ONLY,2,N/A,Not Listed,,Not Listed,,Not Listed,,Not Listed,,"42°21'02.1""N 71°08'07.2""W",,,Parking Boston Inc. - Jasmine Taylor,Plain(Flat) Access,,,,,,,,,,,,,,,,,,,,,,,,,,,,,,,,,,,,,,,,,,,,,,,,,,,,,,,,,,,,,,,,,,,,,,,,,,,,,,,,,,,,,,,,,,,,,,,,,,,,,,,,,,,,,,,,,,,,,,,,,,,,,,,,,,,
MA,150053,10 Museum Rd. - Huntington Parking Lot,"10-12 Museum Road Boston, MA, 02115",PERMANENTLY CLOSED,PERMANENTLY CLOSED,5,N/A,Listed,0,Not Listed,,Not Listed,,Not Listed,,"42°20'18.4""N 71°05'42.9""W",,FIXED,Parking Boston Inc./ Jasmine ,,,,,,,,,,,,,,,,,,,,,,,,,,,,,,,,,,,,,,,,,,,,,,,,,,,,,,,,,,,,,,,,,,,,,,,,,,,,,,,,,,,,,,,,,,,,,,,,,,,,,,,,,,,,,,,,,,,,,,,,,,,,,,,,,,,,
PA,74169,100 N 21st St. -Spot #100A,"100 North 21st Street Philadelphia, PA, 19103",IN OPERATION,Daily Only,1,N/A,Not Listed,,Not Listed,,Not Listed,,Not Listed,,"39.956029, -75.175342",,FIXED,Deepak Bharathan,,,,,,,,,,,,,,,,,,,,,,,,,,,,,,,,,,,,,,,,,,,,,,,,,,,,,,,,,,,,,,,,,,,,,,,,,,,,,,,,,,,,,,,,,,,,,,,,,,,,,,,,,,,,,,,,,,,,,,,,,,,,,,,,,,,,
IL,115585,1015 W Adams St. - Parallel Spots,"1015 West Adams Street Chicago, IL, 60607",IN OPERATION,Daily Monthly & Event,7,5,Not Listed,,Listed,2,Not Listed,,Not Listed,,"41.878817,-87.652652",,70/30,Dean Topping - PR Adams LLC,Plain(Flat) Access,,,,,,,,,,,,,,,,,,,,,,,,,,,,,,,,,,,,,,,,,,,,,,,,,,,,,,,,,,,,,,,,,,,,,,,,,,,,,,,,,,,,,,,,,,,,,,,,,,,,,,,,,,,,,,,,,,,,,,,,,,,,,,,,,,,
LA,85393,1016 Loyola Ave. - Garage,"1016 Loyola Avenue, New Orleans, LA, 70113",IN OPERATION,Daily Monthly & Event,10,6,Listed,0,Not Listed,,Not Listed,,Not Listed,,"29.945462,-90.077068",Combination Code: 1776,70/30,Michael Sevilla,,,,,,,,,,,,,,,,,,,,,,,,,,,,,,,,,,,,,,,,,,,,,,,,,,,,,,,,,,,,,,,,,,,,,,,,,,,,,,,,,,,,,,,,,,,,,,,,,,,,,,,,,,,,,,,,,,,,,,,,,,,,,,,,,,,,
IL,87270,"1016 W Jackson Blvd. - Spots #40, #41, #42 or #43 Only","1016 West Jackson Blvd., Chicago IL 60607",IN OPERATION,Daily Monthly & Event,4,3,Not Listed,,Listed,1,Not Listed,,Not Listed,,"41.878025,-87.652757",garage code:  6060#,FIXED,Jackson Center Licensing LLC,Plain(Flat) Access,,,,,,,,,,,,,,,,,,,,,,,,,,,,,,,,,,,,,,,,,,,,,,,,,,,,,,,,,,,,,,,,,,,,,,,,,,,,,,,,,,,,,,,,,,,,,,,,,,,,,,,,,,,,,,,,,,,,,,,,,,,,,,,,,,,
IL,101163,1018 W Roscoe St. - Left or Right Spot Only,"1018 West Roscoe Street Chicago, IL, 60657",IN OPERATION,Events and Daily ONLY,2,N/A,Not Listed,,Not Listed,,Not Listed,,Not Listed,,"41.944,-87.655056",,70/30,Aidana Izbasarova ,Plain(Flat) Access,,,,,,,,,,,,,,,,,,,,,,,,,,,,,,,,,,,,,,,,,,,,,,,,,,,,,,,,,,,,,,,,,,,,,,,,,,,,,,,,,,,,,,,,,,,,,,,,,,,,,,,,,,,,,,,,,,,,,,,,,,,,,,,,,,,
MA,85021,102 Buttonwood St. - Spot #2 Only,"102 Buttonwood Street, Boston, MA, 02125",IN OPERATION,Daily&Monthly,1,1,Not Listed,,Not Listed,,Not Listed,,Not Listed,,"42.322149, -71.055929",,FIXED,Alp Kantar; Puspa Jelita,Plain(Flat) Access,,,,,,,,,,,,,,,,,,,,,,,,,,,,,,,,,,,,,,,,,,,,,,,,,,,,,,,,,,,,,,,,,,,,,,,,,,,,,,,,,,,,,,,,,,,,,,,,,,,,,,,,,,,,,,,,,,,,,,,,,,,,,,,,,,,
MA,85392,102 Sewall Ave. - Spot #27 Only,"102 Sewall Avenue, Brookline, MA, 02446",IN OPERATION,Events and Daily ONLY,1,N/A,Not Listed,,Not Listed,,Not Listed,,Not Listed,,"42.341991, -71.116040",,FIXED,Green Ocean Property Management,Plain(Flat) Access,Mountain of snow dumped infront of the spot,,,,,,,,,,,,,,,,,,,,,,,,,,,,,,,,,,,,,,,,,,,,,,,,,,,,,,,,,,,,,,,,,,,,,,,,,,,,,,,,,,,,,,,,,,,,,,,,,,,,,,,,,,,,,,,,,,,,,,,,,,,,,,,,,,
WASHINGTON DC,,1020 Pennsylvania Ave. - Personal Spot #1 (ARCHIVED),"1020 Pennsylvania Avenue Southeast, Washington, DC 20003",PERMANENTLY CLOSED,PERMANENTLY CLOSED,0,0,Not Listed,,Not Listed,,Not Listed,,Not Listed,,N/A,N/A,N/A,Jaymi Light,,,,,,,,,,,,,,,,,,,,,,,,,,,,,,,,,,,,,,,,,,,,,,,,,,,,,,,,,,,,,,,,,,,,,,,,,,,,,,,,,,,,,,,,,,,,,,,,,,,,,,,,,,,,,,,,,,,,,,,,,,,,,,,,,,,,
IL,94961,1020 W Belmont Ave. - Left Spot Only,"1020 W Belmont Ave, Chicago, IL 60657, USA",IN OPERATION,Events and Daily ONLY,1,N/A,Not Listed,,Not Listed,,Not Listed,,Not Listed,,"41.940306,-87.654972",,FIXED,Sim Hulings,Plain(Flat) Access,,,,,,,,,,,,,,,,,,,,,,,,,,,,,,,,,,,,,,,,,,,,,,,,,,,,,,,,,,,,,,,,,,,,,,,,,,,,,,,,,,,,,,,,,,,,,,,,,,,,,,,,,,,,,,,,,,,,,,,,,,,,,,,,,,,
IL,,1020 W Roscoe St. - Spot #2 (ARCHIVED),"1020 W Roscoe St, Chicago, IL 60657",PERMANENTLY CLOSED,PERMANENTLY CLOSED,0,0,Not Listed,,Not Listed,,Not Listed,,Not Listed,,N/A,N/A,N/A,Jason Fischman,,,,,,,,,,,,,,,,,,,,,,,,,,,,,,,,,,,,,,,,,,,,,,,,,,,,,,,,,,,,,,,,,,,,,,,,,,,,,,,,,,,,,,,,,,,,,,,,,,,,,,,,,,,,,,,,,,,,,,,,,,,,,,,,,,,,
IL,118191,1022 W Byron St. - Spot #29 Only,"1022 West Byron Street, Chicago, IL 60613",IN OPERATION,Event Only,0,0,Not Listed,,Not Listed,,Not Listed,,Not Listed,,"41°57'11.3""N 87°39'20.1""W",,70/30,Imario Nuñez,,,,,,,,,,,,,,,,,,,,,,,,,,,,,,,,,,,,,,,,,,,,,,,,,,,,,,,,,,,,,,,,,,,,,,,,,,,,,,,,,,,,,,,,,,,,,,,,,,,,,,,,,,,,,,,,,,,,,,,,,,,,,,,,,,,,
WASHINGTON DC,101958,1023 Euclid St. NW,"1023 Euclid St NW, Washington, DC 20001",IN OPERATION,Daily Only,1,N/A,Not Listed,,Not Listed,,Not Listed,,Not Listed,,"38.924167,-77.026333",,FIXED,Lisa Frazier,,,,,,,,,,,,,,,,,,,,,,,,,,,,,,,,,,,,,,,,,,,,,,,,,,,,,,,,,,,,,,,,,,,,,,,,,,,,,,,,,,,,,,,,,,,,,,,,,,,,,,,,,,,,,,,,,,,,,,,,,,,,,,,,,,,,
IL,104793,1025 W Adams St. - Spots #21 - 36 Only,"1021 West Adams Street Chicago, IL, 60607",IN OPERATION,Daily Monthly & Event,16,12,Listed,0,Listed,2,Not Listed,,Not Listed,,"41.879111,-87.652972",,70/30,"Dean Topping - PR ADAMS, LLC",Plain(Flat) Access,,,,,,,,,,,,,,,,,,,,,,,,,,,,,,,,,,,,,,,,,,,,,,,,,,,,,,,,,,,,,,,,,,,,,,,,,,,,,,,,,,,,,,,,,,,,,,,,,,,,,,,,,,,,,,,,,,,,,,,,,,,,,,,,,,,
IL,21897,"1026 W Dakin St. - Garage Spot #1, #2 or #3","1026 West Dakin Street, Chicago, IL 60613",IN OPERATION,Daily Monthly & Event,3,2,Not Listed,,Listed,0,Not Listed,,Not Listed,,"41.953778,-87.655389",Garage code: 1234,FIXED,Frank De Amont,Plain(Flat) Access,,,,,,,,,,,,,,,,,,,,,,,,,,,,,,,,,,,,,,,,,,,,,,,,,,,,,,,,,,,,,,,,,,,,,,,,,,,,,,,,,,,,,,,,,,,,,,,,,,,,,,,,,,,,,,,,,,,,,,,,,,,,,,,,,,,
MA,26224,1028 Commonwealth Ave. - Lot,"1028 Commonwealth Avenue, Boston, MA 02215",IN OPERATION,Daily Monthly & Event,9,8,Not Listed,,Not Listed,,Not Listed,,Not Listed,,"42.351354,-71.121989",,FIXED,Angela Politman,Plain(Flat) Access,,,,,,,,,,,,,,,,,,,,,,,,,,,,,,,,,,,,,,,,,,,,,,,,,,,,,,,,,,,,,,,,,,,,,,,,,,,,,,,,,,,,,,,,,,,,,,,,,,,,,,,,,,,,,,,,,,,,,,,,,,,,,,,,,,,
MA,94963,103 Bolton St. - Spot #1," 103 Bolton St, Boston, MA 02127",IN OPERATION,Events and Daily ONLY,1,N/A,Not Listed,,Not Listed,,Not Listed,,Not Listed,,"42°20'26.9""N 71°03'05.0""W",,FIXED,Jillian Bargar,Plain(Flat) Access,,,,,,,,,,,,,,,,,,,,,,,,,,,,,,,,,,,,,,,,,,,,,,,,,,,,,,,,,,,,,,,,,,,,,,,,,,,,,,,,,,,,,,,,,,,,,,,,,,,,,,,,,,,,,,,,,,,,,,,,,,,,,,,,,,,
MA,,103 Browne St. - Spot #1 or #4 only (ARCHIVED),"103 Browne Street, Brookline, MA, 02446",PERMANENTLY CLOSED,PERMANENTLY CLOSED,0,0,Not Listed,,Not Listed,,Not Listed,,Not Listed,,N/A,N/A,N/A,Flora Pourati,,,,,,,,,,,,,,,,,,,,,,,,,,,,,,,,,,,,,,,,,,,,,,,,,,,,,,,,,,,,,,,,,,,,,,,,,,,,,,,,,,,,,,,,,,,,,,,,,,,,,,,,,,,,,,,,,,,,,,,,,,,,,,,,,,,,
IL,80078,1030 W Byron St. - Spot #24 Only,"1030 West Byron Street, Chicago, IL, 60613",IN OPERATION,Events and Daily ONLY,1,N/A,Not Listed,,Not Listed,,Not Listed,,Not Listed,,"41.9531302,-87.6557946",,70/30,Jack Rodgers,Plain(Flat) Access,,,,,,,,,,,,,,,,,,,,,,,,,,,,,,,,,,,,,,,,,,,,,,,,,,,,,,,,,,,,,,,,,,,,,,,,,,,,,,,,,,,,,,,,,,,,,,,,,,,,,,,,,,,,,,,,,,,,,,,,,,,,,,,,,,,
IL,131898,1030 W Newport Ave. - Right Garage Spot Only,"1030 West Newport Avenue, Chicago, IL, 60657",PERMANENTLY CLOSED,Event Only,1,N/A,Not Listed,,Not Listed,,Not Listed,,Not Listed,,"41°56'41.7""N 87°39'20.0""W",Garage Keypad Code (20160),,Danny Klang,Plain(Flat) Access,,,,,,,,,,,,,,,,,,,,,,,,,,,,,,,,,,,,,,,,,,,,,,,,,,,,,,,,,,,,,,,,,,,,,,,,,,,,,,,,,,,,,,,,,,,,,,,,,,,,,,,,,,,,,,,,,,,,,,,,,,,,,,,,,,,
WASHINGTON DC,,1031 Michigan Ave. NE - Spot #6 (ARCHIVED),"1031 Michigan Avenue Northeast Washington, DC, 20017",PERMANENTLY CLOSED,PERMANENTLY CLOSED,0,0,Not Listed,,Not Listed,,Not Listed,,Not Listed,,N/A,N/A,N/A,Rody Damis,,,,,,,,,,,,,,,,,,,,,,,,,,,,,,,,,,,,,,,,,,,,,,,,,,,,,,,,,,,,,,,,,,,,,,,,,,,,,,,,,,,,,,,,,,,,,,,,,,,,,,,,,,,,,,,,,,,,,,,,,,,,,,,,,,,,
IL,36385,1032 W Byron St. - Spot #22 Only (ARCHIVED),"1032 West Byron Street, Chicago, IL 60613",PERMANENTLY CLOSED,Event Only,1,N/A,Not Listed,,Not Listed,,Not Listed,,Not Listed,,"41.9531264,-87.6559151",,70/30,Stratton Harrison,Plain(Flat) Access,,,,,,,,,,,,,,,,,,,,,,,,,,,,,,,,,,,,,,,,,,,,,,,,,,,,,,,,,,,,,,,,,,,,,,,,,,,,,,,,,,,,,,,,,,,,,,,,,,,,,,,,,,,,,,,,,,,,,,,,,,,,,,,,,,,
IL,,1032 W Dakin St. - Left Spot Only (ARCHIVED),"1032 W Dakin St, Chicago, IL 60613, USA",PERMANENTLY CLOSED,PERMANENTLY CLOSED,0,0,Not Listed,,Not Listed,,Not Listed,,Not Listed,,N/A,N/A,N/A,,,,,,,,,,,,,,,,,,,,,,,,,,,,,,,,,,,,,,,,,,,,,,,,,,,,,,,,,,,,,,,,,,,,,,,,,,,,,,,,,,,,,,,,,,,,,,,,,,,,,,,,,,,,,,,,,,,,,,,,,,,,,,,,,,,,,
IL,125979,1037 W Wellington Ave. - Outdoor Spot #1,"1037 W Wellington Ave, Chicago, IL 60657, USA",IN OPERATION,Events and Daily ONLY,1,N/A,Not Listed,,Not Listed,,Not Listed,,Not Listed,,"41.935806,-87.655528",,FIXED,Tom Moran,Plain(Flat) Access,,,,,,,,,,,,,,,,,,,,,,,,,,,,,,,,,,,,,,,,,,,,,,,,,,,,,,,,,,,,,,,,,,,,,,,,,,,,,,,,,,,,,,,,,,,,,,,,,,,,,,,,,,,,,,,,,,,,,,,,,,,,,,,,,,,
MA,86215,104 Trowbridge St. - Spot #2 Only - NO SUV's,"104 Trowbridge Street, Cambridge, MA, 02138",IN OPERATION,Daily Only,1,N/A,Not Listed,,Not Listed,,Not Listed,,Not Listed,,"42.3764416,-71.1097083",,FIXED,Julie Vu,Plain(Flat) Access,,,,,,,,,,,,,,,,,,,,,,,,,,,,,,,,,,,,,,,,,,,,,,,,,,,,,,,,,,,,,,,,,,,,,,,,,,,,,,,,,,,,,,,,,,,,,,,,,,,,,,,,,,,,,,,,,,,,,,,,,,,,,,,,,,,
IL,80010,1044 W Byron St. - Spot #19 Only,"1044 West Byron Street, Chicago, IL, 60613",IN OPERATION,Events and Daily ONLY,1,N/A,Not Listed,,Not Listed,,Not Listed,,Not Listed,,"41.953139,-87.656333",,70/30,Luis M Petitjean,Plain(Flat) Access,,,,,,,,,,,,,,,,,,,,,,,,,,,,,,,,,,,,,,,,,,,,,,,,,,,,,,,,,,,,,,,,,,,,,,,,,,,,,,,,,,,,,,,,,,,,,,,,,,,,,,,,,,,,,,,,,,,,,,,,,,,,,,,,,,,
,152650,1044 W Byron St. - Spot #16 Only,"1044 West Byron Street Chicago, IL 60613",IN OPERATION,Events and Daily ONLY,1,N/A,Not Listed,,Not Listed,,Not Listed,,Not Listed,,"41°57'11.2""N 87°39'21.9""W",,,,,,,,,,,,,,,,,,,,,,,,,,,,,,,,,,,,,,,,,,,,,,,,,,,,,,,,,,,,,,,,,,,,,,,,,,,,,,,,,,,,,,,,,,,,,,,,,,,,,,,,,,,,,,,,,,,,,,,,,,,,,,,,,,,,,,,
IL,104761,1045 W Dakin St. - Left Spot Only,"1045 West Dakin Street, Chicago, IL, 60613",IN OPERATION,Events and Daily ONLY,1,N/A,Not Listed,,Not Listed,,Not Listed,,Not Listed,,"41.953139,-87.656333",,70/30,Landlord-Sammy Mohammed El-Banna,Plain(Flat) Access,,,,,,,,,,,,,,,,,,,,,,,,,,,,,,,,,,,,,,,,,,,,,,,,,,,,,,,,,,,,,,,,,,,,,,,,,,,,,,,,,,,,,,,,,,,,,,,,,,,,,,,,,,,,,,,,,,,,,,,,,,,,,,,,,,,
MA,19947,105 Peterborough St. (Private Alley 932)- Compact Spots #1 or #2 Only,"105 Peterborough Street, Boston, MA 02215",IN OPERATION,Events and Daily ONLY,2,N/A,Not Listed,,Not Listed,,Not Listed,,Not Listed,,"42.34328,-71.099977",,FIXED,Sabet Management,Plain(Flat) Access,,,,,,,,,,,,,,,,,,,,,,,,,,,,,,,,,,,,,,,,,,,,,,,,,,,,,,,,,,,,,,,,,,,,,,,,,,,,,,,,,,,,,,,,,,,,,,,,,,,,,,,,,,,,,,,,,,,,,,,,,,,,,,,,,,,
IL,60970,1054 W Wellington Ave. - Left or Right Spot only,"1054 West Wellington Avenue Chicago, IL, 60657",IN OPERATION,Events and Daily ONLY,2,N/A,Not Listed,,Listed,1,Not Listed,,Not Listed,,"41.936722,-87.656167",,FIXED,Eli Gratz,Plain(Flat) Access,,,,,,,,,,,,,,,,,,,,,,,,,,,,,,,,,,,,,,,,,,,,,,,,,,,,,,,,,,,,,,,,,,,,,,,,,,,,,,,,,,,,,,,,,,,,,,,,,,,,,,,,,,,,,,,,,,,,,,,,,,,,,,,,,,,
MA,125089,"108 Callender St. - Spots #1, #2, #3, #4 or #5 Only","108 Callender Street, Boston, MA, 02124",IN OPERATION,Daily&Monthly,5,4,Listed,1,Not Listed,,Listed,1,Not Listed,,"42.28825,-71.083167",,FIXED,Groma Property Management ,Plain(Flat) Access,,,,,,,,,,,,,,,,,,,,,,,,,,,,,,,,,,,,,,,,,,,,,,,,,,,,,,,,,,,,,,,,,,,,,,,,,,,,,,,,,,,,,,,,,,,,,,,,,,,,,,,,,,,,,,,,,,,,,,,,,,,,,,,,,,,
NY,70177,108-29 66th Ave. - Left or Right Only,"108-29 66th Avenue NY, 11375",IN OPERATION,Daily&Monthly,2,1,Not Listed,,Not Listed,,Not Listed,,Not Listed,,"40.730658, -73.847127",N/A,N/A,Ravi Bhasin,,,,,,,,,,,,,,,,,,,,,,,,,,,,,,,,,,,,,,,,,,,,,,,,,,,,,,,,,,,,,,,,,,,,,,,,,,,,,,,,,,,,,,,,,,,,,,,,,,,,,,,,,,,,,,,,,,,,,,,,,,,,,,,,,,,,
MA,27903,"1089 Boylston St. - Spot #14, #15, or #16 Only","1089 Boylston Street, Boston, MA 02115",IN OPERATION,Events and Daily ONLY,3,N/A,Not Listed,,Not Listed,,Not Listed,,Not Listed,,"42.347417,-71.089333",,FIXED,Parking Boston Inc. - Jasmine Taylor,Plain(Flat) Access,,,,,,,,,,,,,,,,,,,,,,,,,,,,,,,,,,,,,,,,,,,,,,,,,,,,,,,,,,,,,,,,,,,,,,,,,,,,,,,,,,,,,,,,,,,,,,,,,,,,,,,,,,,,,,,,,,,,,,,,,,,,,,,,,,,
WASHINGTON DC,18993,109 C St. SE - Left or Right Whole Tandem Spot,"109 C Street Southeast, Washington, DC 20003",IN OPERATION,Daily Only,2,N/A,Not Listed,,Not Listed,,Not Listed,,Not Listed,,"38.885669, -77.005374",,FIXED,EJF Realty,,,,,,,,,,,,,,,,,,,,,,,,,,,,,,,,,,,,,,,,,,,,,,,,,,,,,,,,,,,,,,,,,,,,,,,,,,,,,,,,,,,,,,,,,,,,,,,,,,,,,,,,,,,,,,,,,,,,,,,,,,,,,,,,,,,,
WASHINGTON DC,,109 C St. SE - Right Tandem Spot (ARCHIVED),"109 C Street Southeast, Washington, DC 20003",PERMANENTLY CLOSED,PERMANENTLY CLOSED,0,0,Not Listed,,Not Listed,,Not Listed,,Not Listed,,N/A,N/A,N/A,EJF Realty,,,,,,,,,,,,,,,,,,,,,,,,,,,,,,,,,,,,,,,,,,,,,,,,,,,,,,,,,,,,,,,,,,,,,,,,,,,,,,,,,,,,,,,,,,,,,,,,,,,,,,,,,,,,,,,,,,,,,,,,,,,,,,,,,,,,
MA,19944,Compact Car Only: 109 Peterborough St. (Private Alley 932) - Spots #10 or #11,"109 Peterborough Street, Boston, MA 02215",IN OPERATION,Events and Daily ONLY,2,N/A,Not Listed,,Not Listed,,Not Listed,,Not Listed,,"42.343224,-71.100173",,FIXED,Sabet Management,Plain(Flat) Access,,,,,,,,,,,,,,,,,,,,,,,,,,,,,,,,,,,,,,,,,,,,,,,,,,,,,,,,,,,,,,,,,,,,,,,,,,,,,,,,,,,,,,,,,,,,,,,,,,,,,,,,,,,,,,,,,,,,,,,,,,,,,,,,,,,
MA,139737,10-12 Greenway Ct. - Parallel Spot #26 Only,"10-12 Greenway Court, Brookline, MA 02446",IN OPERATION,Events and Daily ONLY,1,N/A,Not Listed,,Not Listed,,Not Listed,,Not Listed,,"42°20'35.6""N 71°07'18.2""W",,FIXED,,Plain(Flat) Access,,,,,,,,,,,,,,,,,,,,,,,,,,,,,,,,,,,,,,,,,,,,,,,,,,,,,,,,,,,,,,,,,,,,,,,,,,,,,,,,,,,,,,,,,,,,,,,,,,,,,,,,,,,,,,,,,,,,,,,,,,,,,,,,,,,
MA,107241,16 Highgate St. (11 Linden St.) - Left Spot Only,"11 Linden Street, Boston, MA, 02134",IN OPERATION,Daily Only,1,N/A,Not Listed,,Not Listed,,Not Listed,,Not Listed,,"42.355472,-71.131315",,FIXED,June Homes - Ferran ,Plain(Flat) Access,,,,,,,,,,,,,,,,,,,,,,,,,,,,,,,,,,,,,,,,,,,,,,,,,,,,,,,,,,,,,,,,,,,,,,,,,,,,,,,,,,,,,,,,,,,,,,,,,,,,,,,,,,,,,,,,,,,,,,,,,,,,,,,,,,,
MA,69681,"11 Parker Hill Ave. - Spots #2, 3, 8, 9, or 12","11 Parker Hill Ave, Boston, MA 02120",IN OPERATION,Daily Monthly & Event,5,4,Not Listed,,Not Listed,,Not Listed,,Not Listed,,"42.332516,-71.110246",,FIXED,Atlas Group - Sarah Hamdeh,Plain(Flat) Access,,,,,,,,,,,,,,,,,,,,,,,,,,,,,,,,,,,,,,,,,,,,,,,,,,,,,,,,,,,,,,,,,,,,,,,,,,,,,,,,,,,,,,,,,,,,,,,,,,,,,,,,,,,,,,,,,,,,,,,,,,,,,,,,,,,
MA,45823,"11 Ransom Rd. - Spot #1, 2 ,4 or 5 only","11 Ransom Road, Boston, MA 02135",IN OPERATION,Daily&Monthly,4,3,Not Listed,,Not Listed,,Not Listed,,Not Listed,,"42.343546,-71.145147",,FIXED,Jasmine- Parking Boston Inc,Plain(Flat) Access,Salting due to slippery driveway/pavement,,,,,,,,,,,,,,,,,,,,,,,,,,,,,,,,,,,,,,,,,,,,,,,,,,,,,,,,,,,,,,,,,,,,,,,,,,,,,,,,,,,,,,,,,,,,,,,,,,,,,,,,,,,,,,,,,,,,,,,,,,,,,,,,,,
MA,97668,"11 Stearns Rd. - Spots #9, 10 or 11 Only","11 Stearns Rd, Brookline, MA 02446",IN OPERATION,Daily Monthly & Event,3,2,Not Listed,,Not Listed,,Not Listed,,Not Listed,,"42.339945,-71.120116",,FIXED,Jasmine-Parking Boston Inc,Plain(Flat) Access,Thick ice,,,,,,,,,,,,,,,,,,,,,,,,,,,,,,,,,,,,,,,,,,,,,,,,,,,,,,,,,,,,,,,,,,,,,,,,,,,,,,,,,,,,,,,,,,,,,,,,,,,,,,,,,,,,,,,,,,,,,,,,,,,,,,,,,,
MA,26583,110 2nd St. - Spot #16,"110 Second Street, Cambridge, MA 02141",IN OPERATION,Daily Only,1,N/A,Not Listed,,Not Listed,,Not Listed,,Not Listed,,"42.367489,-71.079057",,FIXED,Parking Boston Inc. - Jasmine Taylor,Plain(Flat) Access,,,,,,,,,,,,,,,,,,,,,,,,,,,,,,,,,,,,,,,,,,,,,,,,,,,,,,,,,,,,,,,,,,,,,,,,,,,,,,,,,,,,,,,,,,,,,,,,,,,,,,,,,,,,,,,,,,,,,,,,,,,,,,,,,,,
MA,27873,110 2nd St. - Spots #19 or #23 Only,"110 Second Street, Cambridge, MA, 02141",IN OPERATION,Daily Only,2,N/A,Not Listed,,Not Listed,,Not Listed,,Not Listed,,"42.367489,-71.079057",,FIXED,Parking Boston Inc. - Jasmine Taylor,Plain(Flat) Access,,,,,,,,,,,,,,,,,,,,,,,,,,,,,,,,,,,,,,,,,,,,,,,,,,,,,,,,,,,,,,,,,,,,,,,,,,,,,,,,,,,,,,,,,,,,,,,,,,,,,,,,,,,,,,,,,,,,,,,,,,,,,,,,,,,
MA,55755,110 Babcock St - Fence Spots,"110 Babcock Street, Brookline, MA 02446",PERMANENTLY CLOSED,Daily Monthly & Event,2,1,Not Listed,,Not Listed,,Not Listed,,Not Listed,,"42.347078,-71.121667",,FIXED,Parking Boston Inc. - Jasmine Taylor,Plain(Flat) Access,,,,,,,,,,,,,,,,,,,,,,,,,,,,,,,,,,,,,,,,,,,,,,,,,,,,,,,,,,,,,,,,,,,,,,,,,,,,,,,,,,,,,,,,,,,,,,,,,,,,,,,,,,,,,,,,,,,,,,,,,,,,,,,,,,,
WASHINGTON DC,,110 G St. SW - Spot #25 Only (ARCHIVED),"110 G St SW, Washington, DC 20024",PERMANENTLY CLOSED,PERMANENTLY CLOSED,0,0,Not Listed,,Not Listed,,Not Listed,,Not Listed,,N/A,N/A,N/A,Brooke Ryan,,,,,,,,,,,,,,,,,,,,,,,,,,,,,,,,,,,,,,,,,,,,,,,,,,,,,,,,,,,,,,,,,,,,,,,,,,,,,,,,,,,,,,,,,,,,,,,,,,,,,,,,,,,,,,,,,,,,,,,,,,,,,,,,,,,,
MA,131622,110 Strathmore Rd. - Spot PH1 Only,"110 Strathmore Road Boston, MA, 02135",IN OPERATION,Daily Only,1,N/A,Not Listed,,Not Listed,,Not Listed,,Not Listed,,"42°20'20.9""N 71°09'05.2""W",,,Anton Khinchuk ,Plain(Flat) Access,,,,,,,,,,,,,,,,,,,,,,,,,,,,,,,,,,,,,,,,,,,,,,,,,,,,,,,,,,,,,,,,,,,,,,,,,,,,,,,,,,,,,,,,,,,,,,,,,,,,,,,,,,,,,,,,,,,,,,,,,,,,,,,,,,,
IL,146333,"1100 W Polk St. - Spots #2, 3, 4 or #5 Only","1100 West Polk Street Chicago, IL 60607",IN OPERATION,Events and Daily ONLY,4,3,Not Listed,,Not Listed,,Not Listed,,Not Listed,,"41°52'20.0""N 87°39'16.0""W",,,,,,,,,,,,,,,,,,,,,,,,,,,,,,,,,,,,,,,,,,,,,,,,,,,,,,,,,,,,,,,,,,,,,,,,,,,,,,,,,,,,,,,,,,,,,,,,,,,,,,,,,,,,,,,,,,,,,,,,,,,,,,,,,,,,,,,
WASHINGTON DC,96743,"1101 Clifton St. NW - Spots #1, #2 or #3 Only","1101 Clifton Street Northwest Washington, DC, 20009",IN OPERATION,Daily&Monthly,3,2,Not Listed,,Not Listed,,Not Listed,,Not Listed,,"38.922833,-77.02725",,FIXED,Ulyana Doncheva,,,,,,,,,,,,,,,,,,,,,,,,,,,,,,,,,,,,,,,,,,,,,,,,,,,,,,,,,,,,,,,,,,,,,,,,,,,,,,,,,,,,,,,,,,,,,,,,,,,,,,,,,,,,,,,,,,,,,,,,,,,,,,,,,,,,
IL,,"1101 W Grace St - Spot #2, 3, 4, 5 or 6 Only (ARCHIVED)","1101 West Grace Street Chicago, IL, 60613",PERMANENTLY CLOSED,PERMANENTLY CLOSED,0,0,Not Listed,,Not Listed,,Not Listed,,Not Listed,,N/A,N/A,N/A,Laurelei Sanabria,,,,,,,,,,,,,,,,,,,,,,,,,,,,,,,,,,,,,,,,,,,,,,,,,,,,,,,,,,,,,,,,,,,,,,,,,,,,,,,,,,,,,,,,,,,,,,,,,,,,,,,,,,,,,,,,,,,,,,,,,,,,,,,,,,,,
WASHINGTON DC,107367,1107 1/2 M St. NW - Alley Spot,"1107 1/2 M Street Northwest, Washington, DC, 20005",PERMANENTLY CLOSED,Daily Only,1,N/A,Not Listed,,Not Listed,,Not Listed,,Not Listed,,"38.906,-77.027583",,FIXED,June Homes - Ferran ,,,,,,,,,,,,,,,,,,,,,,,,,,,,,,,,,,,,,,,,,,,,,,,,,,,,,,,,,,,,,,,,,,,,,,,,,,,,,,,,,,,,,,,,,,,,,,,,,,,,,,,,,,,,,,,,,,,,,,,,,,,,,,,,,,,,
MA,,1109 Boylston St. - Spot #20 (ARCHIVED),"1109 Boylston Street Boston, MA, 02215",PERMANENTLY CLOSED,PERMANENTLY CLOSED,0,0,Not Listed,,Not Listed,,Not Listed,,Not Listed,,N/A,N/A,N/A,Parking Boston Inc. - Jasmine Taylor,,,,,,,,,,,,,,,,,,,,,,,,,,,,,,,,,,,,,,,,,,,,,,,,,,,,,,,,,,,,,,,,,,,,,,,,,,,,,,,,,,,,,,,,,,,,,,,,,,,,,,,,,,,,,,,,,,,,,,,,,,,,,,,,,,,,
MA,98559,111 Saint Botolph St. - Left Spot Only,"111 Saint Botolph St, BOSTON, MA 02115",IN OPERATION,Events and Daily ONLY,1,N/A,Not Listed,,Not Listed,,Not Listed,,Not Listed,,"42.344722,-71.081694",,FIXED,Karen Boretsky,Plain(Flat) Access,,,,,,,,,,,,,,,,,,,,,,,,,,,,,,,,,,,,,,,,,,,,,,,,,,,,,,,,,,,,,,,,,,,,,,,,,,,,,,,,,,,,,,,,,,,,,,,,,,,,,,,,,,,,,,,,,,,,,,,,,,,,,,,,,,,
IL,71892,1114 W Roscoe St. - Right or Middle Spot Only,"1114 West Roscoe Street Chicago, IL, 60657",IN OPERATION,Events and Daily ONLY,2,N/A,Not Listed,,Listed,0,Not Listed,,Not Listed,,"41.943889,-87.657389",,FIXED,Wei Zhang,Plain(Flat) Access,,,,,,,,,,,,,,,,,,,,,,,,,,,,,,,,,,,,,,,,,,,,,,,,,,,,,,,,,,,,,,,,,,,,,,,,,,,,,,,,,,,,,,,,,,,,,,,,,,,,,,,,,,,,,,,,,,,,,,,,,,,,,,,,,,,
MA,26486,"11-15 Scottfield - Parallel Spots #1, 2, 3 or #5 Only","7 Scottfield Road, Boston, MA, 02134",IN OPERATION,Daily Monthly & Event,4,3,Not Listed,,Not Listed,,Not Listed,,Not Listed,,"42.347262,-71.136544",,FIXED,Parking Boston Inc. - Jasmine Taylor,Plain(Flat) Access,,,,,,,,,,,,,,,,,,,,,,,,,,,,,,,,,,,,,,,,,,,,,,,,,,,,,,,,,,,,,,,,,,,,,,,,,,,,,,,,,,,,,,,,,,,,,,,,,,,,,,,,,,,,,,,,,,,,,,,,,,,,,,,,,,,
MA,23020,"112 Allston St. - Spots # 1, 2, 3 ,4 or 8 Only","112 Allston Street, Boston, MA 02134",IN OPERATION,Daily Monthly & Event,5,4,Not Listed,,Not Listed,,Not Listed,,Not Listed,,"42.349556,-71.136889",,FIXED,Alp Kantar; Puspa Jelita,Plain(Flat) Access,Salting due to slippery driveway/pavement,,,,,,,,,,,,,,,,,,,,,,,,,,,,,,,,,,,,,,,,,,,,,,,,,,,,,,,,,,,,,,,,,,,,,,,,,,,,,,,,,,,,,,,,,,,,,,,,,,,,,,,,,,,,,,,,,,,,,,,,,,,,,,,,,,
MA,100272,112 Longwood Ave. - Spot #16 outdoor or Garage #5 Only,112 Longwood Ave Brookline MA 02446,IN OPERATION,Daily Monthly & Event,2,1,Not Listed,,Not Listed,,Not Listed,,Not Listed,,"42.340951,-71.115273","Garage code ""1234""",FIXED,Parking Boston Inc-Jasmine,Plain(Flat) Access,,,,,,,,,,,,,,,,,,,,,,,,,,,,,,,,,,,,,,,,,,,,,,,,,,,,,,,,,,,,,,,,,,,,,,,,,,,,,,,,,,,,,,,,,,,,,,,,,,,,,,,,,,,,,,,,,,,,,,,,,,,,,,,,,,,
WASHINGTON DC,25791,1121 24th St. NW - Spot #2 only - NO SUV's,"1121 24th Street Northwest, Washington, DC 20037",IN OPERATION,Events and Daily ONLY,1,N/A,Not Listed,,Not Listed,,Not Listed,,Not Listed,,"38°54'15.4""N 77°03'02.8""W",,FIXED,Mukesh Kumar,,,,,,,,,,,,,,,,,,,,,,,,,,,,,,,,,,,,,,,,,,,,,,,,,,,,,,,,,,,,,,,,,,,,,,,,,,,,,,,,,,,,,,,,,,,,,,,,,,,,,,,,,,,,,,,,,,,,,,,,,,,,,,,,,,,,
WASHINGTON DC,135255,1121 I St. NE - Left Garage Spot Only,"1121 I Street Northeast, Washington, DC 20002",IN OPERATION,MONTHLY ONLY,1,1,Not Listed,,Not Listed,,Not Listed,,Not Listed,,"38°54'03.2""N 76°59'27.3""W",,FIXED,,,,,,,,,,,,,,,,,,,,,,,,,,,,,,,,,,,,,,,,,,,,,,,,,,,,,,,,,,,,,,,,,,,,,,,,,,,,,,,,,,,,,,,,,,,,,,,,,,,,,,,,,,,,,,,,,,,,,,,,,,,,,,,,,,,,,
MA,123176,112-116 Longwood Ave. - Garage Spot #6 Only,"112 Longwood Avenue, Brookline, MA 02446",IN OPERATION,Events and Daily ONLY,1,N/A,Not Listed,,Not Listed,,Not Listed,,Not Listed,,"42.341053,-71.115365",Keypad Code 1234 (number only),FIXED,Parking Boston Inc. - Jasmine Taylor,Plain(Flat) Access,,,,,,,,,,,,,,,,,,,,,,,,,,,,,,,,,,,,,,,,,,,,,,,,,,,,,,,,,,,,,,,,,,,,,,,,,,,,,,,,,,,,,,,,,,,,,,,,,,,,,,,,,,,,,,,,,,,,,,,,,,,,,,,,,,,
IL,40018,1122 W Newport Ave. - Spot #P8 (Compact Cars Only),"1122 West Newport Avenue, Chicago, IL 60657",IN OPERATION,Events and Daily ONLY,1,N/A,Not Listed,,Not Listed,,Not Listed,,Not Listed,,"41.9448855,-87.6577161",,70/30,Yue Moua,Plain(Flat) Access,,,,,,,,,,,,,,,,,,,,,,,,,,,,,,,,,,,,,,,,,,,,,,,,,,,,,,,,,,,,,,,,,,,,,,,,,,,,,,,,,,,,,,,,,,,,,,,,,,,,,,,,,,,,,,,,,,,,,,,,,,,,,,,,,,,
IL,83607,"1126 W Roscoe St. - Left, Middle, or Right Spot","1126 West Roscoe Street Chicago, IL, 60657",IN OPERATION,Events and Daily ONLY,3,N/A,Not Listed,,Listed,0,Not Listed,,Not Listed,,"41.943917,-87.657278",,FIXED,Wei Zhang,Plain(Flat) Access,,,,,,,,,,,,,,,,,,,,,,,,,,,,,,,,,,,,,,,,,,,,,,,,,,,,,,,,,,,,,,,,,,,,,,,,,,,,,,,,,,,,,,,,,,,,,,,,,,,,,,,,,,,,,,,,,,,,,,,,,,,,,,,,,,,
MA,,113 Governor Winthrop Rd. - Spot #2 (ARCHIVED),"113 Governor Winthrop Road Somerville, MA, 02145",PERMANENTLY CLOSED,PERMANENTLY CLOSED,0,0,Not Listed,,Not Listed,,Not Listed,,Not Listed,,N/A,N/A,N/A,Coco Chen,,,,,,,,,,,,,,,,,,,,,,,,,,,,,,,,,,,,,,,,,,,,,,,,,,,,,,,,,,,,,,,,,,,,,,,,,,,,,,,,,,,,,,,,,,,,,,,,,,,,,,,,,,,,,,,,,,,,,,,,,,,,,,,,,,,,
MA,134889,"113-115 Lanark Rd. - Spot #1, 2, 3 or #6 Only","113-115 Lanark Rd, Brighton, MA 02135, USA",IN OPERATION,Daily&Monthly,4,3,Not Listed,,Not Listed,,Not Listed,,Not Listed,,"42°20'26.3""N 71°08'52.5""W",,,Yin Li,,,,,,,,,,,,,,,,,,,,,,,,,,,,,,,,,,,,,,,,,,,,,,,,,,,,,,,,,,,,,,,,,,,,,,,,,,,,,,,,,,,,,,,,,,,,,,,,,,,,,,,,,,,,,,,,,,,,,,,,,,,,,,,,,,,,
WASHINGTON DC,,1131 Atlas Ct. NE - Left Spot Only (ARCHIVED),"1131 Atlas Ct NE, Washington, DC 20002
",PERMANENTLY CLOSED,PERMANENTLY CLOSED,0,0,Not Listed,,Not Listed,,Not Listed,,Not Listed,,N/A,N/A,N/A,Jerold Weinstein,,,,,,,,,,,,,,,,,,,,,,,,,,,,,,,,,,,,,,,,,,,,,,,,,,,,,,,,,,,,,,,,,,,,,,,,,,,,,,,,,,,,,,,,,,,,,,,,,,,,,,,,,,,,,,,,,,,,,,,,,,,,,,,,,,,,
IL,38166,1135 N Damen Ave. - Middle or Right Spot,"1135 North Damen Avenue, Chicago, IL 60622",IN OPERATION,Events and Daily ONLY,2,N/A,Not Listed,,Not Listed,,Not Listed,,Not Listed,,"41.9024874,-87.6766332",,FIXED,Spartan Chicago,Plain(Flat) Access,,,,,,,,,,,,,,,,,,,,,,,,,,,,,,,,,,,,,,,,,,,,,,,,,,,,,,,,,,,,,,,,,,,,,,,,,,,,,,,,,,,,,,,,,,,,,,,,,,,,,,,,,,,,,,,,,,,,,,,,,,,,,,,,,,,
IL,,1138 W Addison St. - Personal Spot (Archived),"1138 West Addison Street, Chicago, IL 60613",PERMANENTLY CLOSED,PERMANENTLY CLOSED,0,0,Not Listed,,Not Listed,,Not Listed,,Not Listed,,N/A,N/A,N/A,,,,,,,,,,,,,,,,,,,,,,,,,,,,,,,,,,,,,,,,,,,,,,,,,,,,,,,,,,,,,,,,,,,,,,,,,,,,,,,,,,,,,,,,,,,,,,,,,,,,,,,,,,,,,,,,,,,,,,,,,,,,,,,,,,,,,
MA,86349,114 Buttonwood St. - Left Spot Only,"114 Buttonwood Street Boston, MA, 02125",PERMANENTLY CLOSED,Daily&Monthly,1,0,Not Listed,,Not Listed,,Not Listed,,Not Listed,,N/A,N/A,N/A,Alp Kantar; Puspa Jelita,Plain(Flat) Access,,,,,,,,,,,,,,,,,,,,,,,,,,,,,,,,,,,,,,,,,,,,,,,,,,,,,,,,,,,,,,,,,,,,,,,,,,,,,,,,,,,,,,,,,,,,,,,,,,,,,,,,,,,,,,,,,,,,,,,,,,,,,,,,,,,
MA,19949,114 Orleans St. - Lot,"114 Orleans Street, Boston, MA 02128",IN OPERATION,Daily&Monthly,10,9,Listed,1,Not Listed,,Not Listed,,Not Listed,,"42.3697401,-71.0364685",,FIXED,CRM Property Corp. - Sangye Sherpa,Plain(Flat) Access,Shovel driveway and salting,,,,,,,,,,,,,,,,,,,,,,,,,,,,,,,,,,,,,,,,,,,,,,,,,,,,,,,,,,,,,,,,,,,,,,,,,,,,,,,,,,,,,,,,,,,,,,,,,,,,,,,,,,,,,,,,,,,,,,,,,,,,,,,,,,
MA,,114 St Botolph St. - Parallel Spot (ARCHIVED),"114 St Botolph St, Boston, MA 02115 ",PERMANENTLY CLOSED,PERMANENTLY CLOSED,0,0,Not Listed,,Not Listed,,Not Listed,,Not Listed,,N/A,N/A,N/A,Boston Proper Real Estate- Abbe Bonnevie,,,,,,,,,,,,,,,,,,,,,,,,,,,,,,,,,,,,,,,,,,,,,,,,,,,,,,,,,,,,,,,,,,,,,,,,,,,,,,,,,,,,,,,,,,,,,,,,,,,,,,,,,,,,,,,,,,,,,,,,,,,,,,,,,,,,
IL,54567,1140 W Roscoe Ave. -Whole Tandem Row - Spot #1 or #3,"1140 West Roscoe Street, Chicago, IL 60657",IN OPERATION,Events and Daily ONLY,2,N/A,Not Listed,,Listed,0,Not Listed,,Not Listed,,"41°56'37.8""N 87°39'29.7""W",,FIXED,Alaba Adelakun - Frey Realty LLC,Plain(Flat) Access,,,,,,,,,,,,,,,,,,,,,,,,,,,,,,,,,,,,,,,,,,,,,,,,,,,,,,,,,,,,,,,,,,,,,,,,,,,,,,,,,,,,,,,,,,,,,,,,,,,,,,,,,,,,,,,,,,,,,,,,,,,,,,,,,,,
IL,128520,1148 W Addison St. - Rear Spot P2 Only ,"1148 West Addison Street Chicago, IL, 60613",IN OPERATION,Event Only,1,0,Not Listed,,Not Listed,,Not Listed,,Not Listed,,"41°56'51.5""N 87°39'32.1""W",,,Justin Waiz,Plain(Flat) Access,,,,,,,,,,,,,,,,,,,,,,,,,,,,,,,,,,,,,,,,,,,,,,,,,,,,,,,,,,,,,,,,,,,,,,,,,,,,,,,,,,,,,,,,,,,,,,,,,,,,,,,,,,,,,,,,,,,,,,,,,,,,,,,,,,,
MA,,115 Browne St. - Whole Tandem Row Spot #2 Only (ARCHIVED) ,"115 Browne Street, Brookline, MA, 02446",PERMANENTLY CLOSED,PERMANENTLY CLOSED,0,0,Not Listed,,Not Listed,,Not Listed,,Not Listed,,N/A,N/A,N/A,Flora Pourati,,,,,,,,,,,,,,,,,,,,,,,,,,,,,,,,,,,,,,,,,,,,,,,,,,,,,,,,,,,,,,,,,,,,,,,,,,,,,,,,,,,,,,,,,,,,,,,,,,,,,,,,,,,,,,,,,,,,,,,,,,,,,,,,,,,,
MA,21869,115 Northampton St. (89-93 Northampton St.) - Parmelee Ct Spots,"89 Northampton Street, Boston, MA, 02118",IN OPERATION,Daily Monthly & Event,16,8,Not Listed,,Not Listed,,Listed,2,Not Listed,,"42.33528,-71.076397",,FIXED,Parmelee Court Homes,Plain(Flat) Access,Snow removal by landlord,,,,,,,,,,,,,,,,,,,,,,,,,,,,,,,,,,,,,,,,,,,,,,,,,,,,,,,,,,,,,,,,,,,,,,,,,,,,,,,,,,,,,,,,,,,,,,,,,,,,,,,,,,,,,,,,,,,,,,,,,,,,,,,,,,
IL,133239,1151 W Erie St. - Spot P2 or P5 Only,"1151 West Erie Street, Chicago, IL, 60642",PERMANENTLY CLOSED,Daily Only,2,N/A,Not Listed,,Not Listed,,Not Listed,,Not Listed,,"41°53'33.9""N 87°39'24.0""W",,,Edge and Up,Plain(Flat) Access,,,,,,,,,,,,,,,,,,,,,,,,,,,,,,,,,,,,,,,,,,,,,,,,,,,,,,,,,,,,,,,,,,,,,,,,,,,,,,,,,,,,,,,,,,,,,,,,,,,,,,,,,,,,,,,,,,,,,,,,,,,,,,,,,,,
IL,,1155 W Madison St. - Spot #46 (ARCHIVED),"1155 West Madison Street, Chicago, IL 60607",PERMANENTLY CLOSED,PERMANENTLY CLOSED,0,0,Not Listed,,Not Listed,,Not Listed,,Not Listed,,N/A,N/A,N/A,,,,,,,,,,,,,,,,,,,,,,,,,,,,,,,,,,,,,,,,,,,,,,,,,,,,,,,,,,,,,,,,,,,,,,,,,,,,,,,,,,,,,,,,,,,,,,,,,,,,,,,,,,,,,,,,,,,,,,,,,,,,,,,,,,,,,
IL,79152,1157 W Newport Ave. - Spot B Only,"1157 West Newport Avenue Chicago, IL, 60657",IN OPERATION,Event Only,1,N/A,Not Listed,,Not Listed,,Not Listed,,Not Listed,,"41.9444045,-87.6587313",,70/30,Jennifer LeBlanc,Plain(Flat) Access,,,,,,,,,,,,,,,,,,,,,,,,,,,,,,,,,,,,,,,,,,,,,,,,,,,,,,,,,,,,,,,,,,,,,,,,,,,,,,,,,,,,,,,,,,,,,,,,,,,,,,,,,,,,,,,,,,,,,,,,,,,,,,,,,,,
IL,37447,1157 W Newport Ave. - Spot C Only,"1157 West Newport Avenue, Chicago, IL 60657",IN OPERATION,Events and Daily ONLY,1,N/A,Not Listed,,Not Listed,,Not Listed,,Not Listed,,"41.9444045,-87.6587313",,70/30,Claire Anderson/ Anthony Anderson,Plain(Flat) Access,,,,,,,,,,,,,,,,,,,,,,,,,,,,,,,,,,,,,,,,,,,,,,,,,,,,,,,,,,,,,,,,,,,,,,,,,,,,,,,,,,,,,,,,,,,,,,,,,,,,,,,,,,,,,,,,,,,,,,,,,,,,,,,,,,,
MA,55557,"116 Old Harbor St - Spots #3, 4 or 5 Only","116 Old Harbor Street, Boston, MA 02127",IN OPERATION,Daily&Monthly,3,2,Not Listed,,Not Listed,,Not Listed,,Not Listed,,"42.330861,-71.047028",,FIXED,Parking Boston Inc. - Jasmine Taylor,Plain(Flat) Access,,,,,,,,,,,,,,,,,,,,,,,,,,,,,,,,,,,,,,,,,,,,,,,,,,,,,,,,,,,,,,,,,,,,,,,,,,,,,,,,,,,,,,,,,,,,,,,,,,,,,,,,,,,,,,,,,,,,,,,,,,,,,,,,,,,
ON,,1168 Islington Ave. - Driveway Right Side Spot (ARCHIVED),"1168 Islington Avenue, Toronto, ON M8Z 4S7",PERMANENTLY CLOSED,PERMANENTLY CLOSED,0,0,Not Listed,,Not Listed,,Not Listed,,Not Listed,,N/A,N/A,N/A,David Nolan,,,,,,,,,,,,,,,,,,,,,,,,,,,,,,,,,,,,,,,,,,,,,,,,,,,,,,,,,,,,,,,,,,,,,,,,,,,,,,,,,,,,,,,,,,,,,,,,,,,,,,,,,,,,,,,,,,,,,,,,,,,,,,,,,,,,
ON,135352,117 Huron St. - Spot #3 or #5 Only,"117 Huron Street Toronto, ON M5T 2B3",IN OPERATION,Daily&Monthly,2,1,Not Listed,,Not Listed,,Not Listed,,Not Listed,,"43°39'21.0""N 79°23'47.9""W",,,Fei Woo,,,,,,,,,,,,,,,,,,,,,,,,,,,,,,,,,,,,,,,,,,,,,,,,,,,,,,,,,,,,,,,,,,,,,,,,,,,,,,,,,,,,,,,,,,,,,,,,,,,,,,,,,,,,,,,,,,,,,,,,,,,,,,,,,,,,
MA,86024,"119 Browne St. - Spot #1, #4 or #5 Only","119 Browne St, Brookline, MA 02446",IN OPERATION,Daily Monthly & Event,3,2,Not Listed,,Not Listed,,Not Listed,,Not Listed,,"42°20'45.1""N 71°07'08.6""W",,FIXED,Carlos Xu,Plain(Flat) Access,,,,,,,,,,,,,,,,,,,,,,,,,,,,,,,,,,,,,,,,,,,,,,,,,,,,,,,,,,,,,,,,,,,,,,,,,,,,,,,,,,,,,,,,,,,,,,,,,,,,,,,,,,,,,,,,,,,,,,,,,,,,,,,,,,,
MA,131625,119 Marlborough St. - Spot #3 Only,"119 Marlborough Street Boston, MA, 02116",IN OPERATION,Daily Only,1,N/A,Not Listed,,Not Listed,,Not Listed,,Not Listed,,"42°21'13.7""N 71°04'36.7""W",,,Parking Boston Inc. - Jasmine Taylor,Plain(Flat) Access,,,,,,,,,,,,,,,,,,,,,,,,,,,,,,,,,,,,,,,,,,,,,,,,,,,,,,,,,,,,,,,,,,,,,,,,,,,,,,,,,,,,,,,,,,,,,,,,,,,,,,,,,,,,,,,,,,,,,,,,,,,,,,,,,,,
MA,,12 Arnold Circle - Spot U9 only (ARCHIVED) ,12 Arnold Circle Cambridge 02139,PERMANENTLY CLOSED,PERMANENTLY CLOSED,0,0,Not Listed,,Not Listed,,Not Listed,,Not Listed,,N/A,N/A,N/A,Abigail Marks,,,,,,,,,,,,,,,,,,,,,,,,,,,,,,,,,,,,,,,,,,,,,,,,,,,,,,,,,,,,,,,,,,,,,,,,,,,,,,,,,,,,,,,,,,,,,,,,,,,,,,,,,,,,,,,,,,,,,,,,,,,,,,,,,,,,
MA,88199,"12 Bay State Rd. - Spots #1, 2, 3, 4, 5, 6, 7, 8 or #9 Only","12 Bay State Road, Boston, MA, 02215",IN OPERATION,Events and Daily ONLY,9,N/A,Not Listed,,Not Listed,,Not Listed,,Not Listed,,"62 Queensberry St. - Spots #1, 2, 3, 4, 5, or 6 Only",,FIXED,Yan Schechter,Plain(Flat) Access,,,,,,,,,,,,,,,,,,,,,,,,,,,,,,,,,,,,,,,,,,,,,,,,,,,,,,,,,,,,,,,,,,,,,,,,,,,,,,,,,,,,,,,,,,,,,,,,,,,,,,,,,,,,,,,,,,,,,,,,,,,,,,,,,,,
MA,34338,"12 Bucknam St. - Spots #1, 2, 3, 4, 5, 6, 7 or 8","12 Bucknam Street, Boston, MA 02120",IN OPERATION,Daily&Monthly,8,7,Not Listed,,Not Listed,,Not Listed,,Not Listed,,"42.3273569,-71.1042013",,FIXED,Parking Boston Inc. - Jasmine Taylor,Plain(Flat) Access,,,,,,,,,,,,,,,,,,,,,,,,,,,,,,,,,,,,,,,,,,,,,,,,,,,,,,,,,,,,,,,,,,,,,,,,,,,,,,,,,,,,,,,,,,,,,,,,,,,,,,,,,,,,,,,,,,,,,,,,,,,,,,,,,,,
MA,147999,12 Greenway Ct. - Spot #18 Only,"12 Greenway Court, Brookline, MA 02446",IN OPERATION,Daily Only,1,N/A,Not Listed,,Not Listed,,Not Listed,,Not Listed,,"42°20'35.6""N 71°07'18.2""W",,,,,,,,,,,,,,,,,,,,,,,,,,,,,,,,,,,,,,,,,,,,,,,,,,,,,,,,,,,,,,,,,,,,,,,,,,,,,,,,,,,,,,,,,,,,,,,,,,,,,,,,,,,,,,,,,,,,,,,,,,,,,,,,,,,,,,,
MA,,12 Greylock Rd. - Spots #4-7 (ARCHIVED),"12 Greylock Road, Boston, MA 02134",PERMANENTLY CLOSED,PERMANENTLY CLOSED,0,0,Not Listed,,Not Listed,,Not Listed,,Not Listed,,N/A,N/A,N/A,Parking Boston Inc. - Jasmine Taylor,,,,,,,,,,,,,,,,,,,,,,,,,,,,,,,,,,,,,,,,,,,,,,,,,,,,,,,,,,,,,,,,,,,,,,,,,,,,,,,,,,,,,,,,,,,,,,,,,,,,,,,,,,,,,,,,,,,,,,,,,,,,,,,,,,,,
MA,,12 Greylock Rd. - Spot #8 Only,"12 Greylock Road, Boston, MA 02134",IN OPERATION,Daily Only,1,0,Not Listed,,Not Listed,,Not Listed,,Not Listed,,N/A,N/A,N/A,Parking Boston Inc. - Jasmine Taylor,,,,,,,,,,,,,,,,,,,,,,,,,,,,,,,,,,,,,,,,,,,,,,,,,,,,,,,,,,,,,,,,,,,,,,,,,,,,,,,,,,,,,,,,,,,,,,,,,,,,,,,,,,,,,,,,,,,,,,,,,,,,,,,,,,,,
MA,85662,12 Harris St. - Lot,"12 Harris St, Brookline, MA 02446",IN OPERATION,Daily Monthly & Event,10,9,Listed,2,Listed,2,Listed,1,Listed,1,"42.337944,-71.121889",,FIXED,ALPHA MANAGEMENT,Plain(Flat) Access,,,,,,,,,,,,,,,,,,,,,,,,,,,,,,,,,,,,,,,,,,,,,,,,,,,,,,,,,,,,,,,,,,,,,,,,,,,,,,,,,,,,,,,,,,,,,,,,,,,,,,,,,,,,,,,,,,,,,,,,,,,,,,,,,,,
MA,108391,12 Nonantum St. - Driveway Spot,"12 Nonantum St, Boston, MA 02135, USA",IN OPERATION,Daily Only,1,N/A,Not Listed,,Not Listed,,Not Listed,,Not Listed,,"42.350109,-71.168283",,FIXED,Roost Living LLC,Plain(Flat) Access,,,,,,,,,,,,,,,,,,,,,,,,,,,,,,,,,,,,,,,,,,,,,,,,,,,,,,,,,,,,,,,,,,,,,,,,,,,,,,,,,,,,,,,,,,,,,,,,,,,,,,,,,,,,,,,,,,,,,,,,,,,,,,,,,,,
MA,20189,"12 Shepherd Ave. - Spots #2, 3, 4, 5, or #6 Only","12 Shepherd Avenue, Boston, MA 02115",IN OPERATION,Daily Monthly & Event,5,4,Not Listed,,Not Listed,,Not Listed,,Not Listed,,"42.332722,-71.108778",,FIXED,RAJ DHANDAPANI ,Plain(Flat) Access,,,,,,,,,,,,,,,,,,,,,,,,,,,,,,,,,,,,,,,,,,,,,,,,,,,,,,,,,,,,,,,,,,,,,,,,,,,,,,,,,,,,,,,,,,,,,,,,,,,,,,,,,,,,,,,,,,,,,,,,,,,,,,,,,,,
MA,57240,12 Stoneholm St. - Spot #13 or 14,"12 Stoneholm Street, Boston, MA 02115",IN OPERATION,Events and Daily ONLY,2,N/A,Not Listed,,Not Listed,,Not Listed,,Not Listed,,"42.345827070397604,-71.08846909629517",,FIXED,Alp Kantar; Puspa Jelita,Plain(Flat) Access,,,,,,,,,,,,,,,,,,,,,,,,,,,,,,,,,,,,,,,,,,,,,,,,,,,,,,,,,,,,,,,,,,,,,,,,,,,,,,,,,,,,,,,,,,,,,,,,,,,,,,,,,,,,,,,,,,,,,,,,,,,,,,,,,,,
MA,107105,12 Stoneholm St. - Spot #26 Only,"12 Stoneholm Street, Boston, MA, 02115",IN OPERATION,Events and Daily ONLY,1,N/A,Not Listed,,Not Listed,,Not Listed,,Not Listed,,"42.345833,-71.088611",,FIXED,Sreeni,Plain(Flat) Access,,,,,,,,,,,,,,,,,,,,,,,,,,,,,,,,,,,,,,,,,,,,,,,,,,,,,,,,,,,,,,,,,,,,,,,,,,,,,,,,,,,,,,,,,,,,,,,,,,,,,,,,,,,,,,,,,,,,,,,,,,,,,,,,,,,
MA,85785,12 Verndale St. - Whole Tandem Driveway Spot,"12 Verndale Street, Brookline, MA, 02446",IN OPERATION,Events and Daily ONLY,1,N/A,Not Listed,,Not Listed,,Not Listed,,Not Listed,,"42.348194,-71.129917",,FIXED,Chi,Plain(Flat) Access,,,,,,,,,,,,,,,,,,,,,,,,,,,,,,,,,,,,,,,,,,,,,,,,,,,,,,,,,,,,,,,,,,,,,,,,,,,,,,,,,,,,,,,,,,,,,,,,,,,,,,,,,,,,,,,,,,,,,,,,,,,,,,,,,,,
MA,41433,120 Hillside St. - Driveway Spots,"120 Hillside Street, Boston, MA 02120",IN OPERATION,Daily Monthly & Event,2,2,Not Listed,,Not Listed,,Not Listed,,Not Listed,,"42.330833,-71.104667",,FIXED,Alp Kantar; Puspa Jelita,Plain(Flat) Access,,,,,,,,,,,,,,,,,,,,,,,,,,,,,,,,,,,,,,,,,,,,,,,,,,,,,,,,,,,,,,,,,,,,,,,,,,,,,,,,,,,,,,,,,,,,,,,,,,,,,,,,,,,,,,,,,,,,,,,,,,,,,,,,,,,
WASHINGTON DC,129219,1202 Longfellow St. NW - Spot 'B' Only,"1202 Longfellow St NW, Washington, DC 20011, USA",IN OPERATION,Daily Only,1,N/A,Not Listed,,Not Listed,,Not Listed,,Not Listed,,"38°57'24.4""N 77°01'42.3""W",,,"1202 Longfellow St NW LLC -Supreet,",,,,,,,,,,,,,,,,,,,,,,,,,,,,,,,,,,,,,,,,,,,,,,,,,,,,,,,,,,,,,,,,,,,,,,,,,,,,,,,,,,,,,,,,,,,,,,,,,,,,,,,,,,,,,,,,,,,,,,,,,,,,,,,,,,,,
IL,,1206 W Henderson St. - Spot 1N (ARCHIVED) ,"1206 West Henderson Street, Chicago, IL, 60657",PERMANENTLY CLOSED,PERMANENTLY CLOSED,0,0,Not Listed,,Not Listed,,Not Listed,,Not Listed,,N/A,N/A,N/A,Lorenzo Giancarlo John Parola,,,,,,,,,,,,,,,,,,,,,,,,,,,,,,,,,,,,,,,,,,,,,,,,,,,,,,,,,,,,,,,,,,,,,,,,,,,,,,,,,,,,,,,,,,,,,,,,,,,,,,,,,,,,,,,,,,,,,,,,,,,,,,,,,,,,
MA,105758,"121 Browne St. - Spots #2, #3, #4 or #5 Only","121 Browne St, Brookline, MA 02446, USA",IN OPERATION,Daily Monthly & Event,4,3,Not Listed,,Not Listed,,Not Listed,,Not Listed,,"42.346917,-71.119083",,FIXED,"Lexwin Realty LLC, Carlos Xu, Property Manager",Plain(Flat) Access,,,,,,,,,,,,,,,,,,,,,,,,,,,,,,,,,,,,,,,,,,,,,,,,,,,,,,,,,,,,,,,,,,,,,,,,,,,,,,,,,,,,,,,,,,,,,,,,,,,,,,,,,,,,,,,,,,,,,,,,,,,,,,,,,,,
WASHINGTON DC,,121 C St. SE - Compact Car Spot (ARCHIVED),"121 C Street Southeast, Washington, DC 20003",PERMANENTLY CLOSED,PERMANENTLY CLOSED,0,0,Not Listed,,Not Listed,,Not Listed,,Not Listed,,N/A,N/A,N/A,,,,,,,,,,,,,,,,,,,,,,,,,,,,,,,,,,,,,,,,,,,,,,,,,,,,,,,,,,,,,,,,,,,,,,,,,,,,,,,,,,,,,,,,,,,,,,,,,,,,,,,,,,,,,,,,,,,,,,,,,,,,,,,,,,,,,
IL,,1210 W Henderson St. - Whole Tandem Middle Spot - No SUV's (ARCHIVED) ,"1210 West Henderson Street, Chicago, IL, 60657",PERMANENTLY CLOSED,PERMANENTLY CLOSED,0,0,Not Listed,,Not Listed,,Not Listed,,Not Listed,,N/A,N/A,N/A,Margaret Ann Annunziata,,,,,,,,,,,,,,,,,,,,,,,,,,,,,,,,,,,,,,,,,,,,,,,,,,,,,,,,,,,,,,,,,,,,,,,,,,,,,,,,,,,,,,,,,,,,,,,,,,,,,,,,,,,,,,,,,,,,,,,,,,,,,,,,,,,,
IL,,1211 N Lasalle Dr. - Spot #16 (ARCHIVED),"1260 North Clark Street, Chicago, IL 60610",PERMANENTLY CLOSED,PERMANENTLY CLOSED,0,0,Not Listed,,Not Listed,,Not Listed,,Not Listed,,N/A,N/A,N/A,,,,,,,,,,,,,,,,,,,,,,,,,,,,,,,,,,,,,,,,,,,,,,,,,,,,,,,,,,,,,,,,,,,,,,,,,,,,,,,,,,,,,,,,,,,,,,,,,,,,,,,,,,,,,,,,,,,,,,,,,,,,,,,,,,,,,
IL,,1211 N La Salle Dr. - Spot #22 (ARCHIVED) ,"1211 North LaSalle Drive, Chicago, IL 60610",PERMANENTLY CLOSED,PERMANENTLY CLOSED,0,0,Not Listed,,Not Listed,,Not Listed,,Not Listed,,N/A,N/A,N/A,,,,,,,,,,,,,,,,,,,,,,,,,,,,,,,,,,,,,,,,,,,,,,,,,,,,,,,,,,,,,,,,,,,,,,,,,,,,,,,,,,,,,,,,,,,,,,,,,,,,,,,,,,,,,,,,,,,,,,,,,,,,,,,,,,,,,
IL,153478,1211 W Newport Ave. - Garage Spot #1 or #2,"1211 West Newport Avenue Chicago, IL 60657",IN OPERATION,Event Only,2,NA,Not Listed,,Not Listed,,Not Listed,,Not Listed,,"41°56'38.2""N 87°39'35.0""W",Garage Code: (14920),,,,,,,,,,,,,,,,,,,,,,,,,,,,,,,,,,,,,,,,,,,,,,,,,,,,,,,,,,,,,,,,,,,,,,,,,,,,,,,,,,,,,,,,,,,,,,,,,,,,,,,,,,,,,,,,,,,,,,,,,,,,,,,,,,,,,,
IL,,1213 W Newport Ave. - Garage Spots Left and Middle Side Only (ARCHIVED),"1213 West Newport Avenue Chicago, IL, 60657",PERMANENTLY CLOSED,PERMANENTLY CLOSED,0,0,Not Listed,,Not Listed,,Not Listed,,Not Listed,,N/A,N/A,N/A,Ricky Lyons,,,,,,,,,,,,,,,,,,,,,,,,,,,,,,,,,,,,,,,,,,,,,,,,,,,,,,,,,,,,,,,,,,,,,,,,,,,,,,,,,,,,,,,,,,,,,,,,,,,,,,,,,,,,,,,,,,,,,,,,,,,,,,,,,,,,
IL,137143,1216 W Montana St. - Left or Right Spot Only,"1216 West Montana Street, Chicago, IL, 60614",IN OPERATION,Daily Only,2,N/A,Not Listed,,Not Listed,,Not Listed,,Not Listed,,"41°55'36.0""N 87°39'32.8""W",,,,,,,,,,,,,,,,,,,,,,,,,,,,,,,,,,,,,,,,,,,,,,,,,,,,,,,,,,,,,,,,,,,,,,,,,,,,,,,,,,,,,,,,,,,,,,,,,,,,,,,,,,,,,,,,,,,,,,,,,,,,,,,,,,,,,,,
MA,97204,122 Park St. - Spot #1 or #3 Only,"122 Park Street Brookline, MA, 02446",IN OPERATION,Daily Monthly & Event,2,1,Not Listed,,Not Listed,,Not Listed,,Not Listed,,"42.340694,-71.124361",,FIXED,Jasmine,Plain(Flat) Access,,,,,,,,,,,,,,,,,,,,,,,,,,,,,,,,,,,,,,,,,,,,,,,,,,,,,,,,,,,,,,,,,,,,,,,,,,,,,,,,,,,,,,,,,,,,,,,,,,,,,,,,,,,,,,,,,,,,,,,,,,,,,,,,,,,
ON,128949,"122 Sherbourne St. - Spots #2, 3, 4 or #5 Only","122 Sherbourne Street, Toronto, ON M5A 2R4",IN OPERATION,Daily&Monthly,4,3,Not Listed,,Not Listed,,Not Listed,,Not Listed,,"43°39'14.3""N 79°22'11.4""W",,,(Q&S) GP Inc. -Sharon Golberg,,,,,,,,,,,,,,,,,,,,,,,,,,,,,,,,,,,,,,,,,,,,,,,,,,,,,,,,,,,,,,,,,,,,,,,,,,,,,,,,,,,,,,,,,,,,,,,,,,,,,,,,,,,,,,,,,,,,,,,,,,,,,,,,,,,,
VA,83179,1221 N Quinn St. - Spot #17 Only,"1221 North Quinn Street Arlington, VA, 22209",IN OPERATION,Daily Only,1,N/A,Not Listed,,Not Listed,,Not Listed,,Not Listed,,"38.8883691,-77.0779882",,70/30,Mehdi Shakiba,,,,,,,,,,,,,,,,,,,,,,,,,,,,,,,,,,,,,,,,,,,,,,,,,,,,,,,,,,,,,,,,,,,,,,,,,,,,,,,,,,,,,,,,,,,,,,,,,,,,,,,,,,,,,,,,,,,,,,,,,,,,,,,,,,,,
MA,,"1223 Beacon St.- Spot #4, 5 or 6 Only (ARCHIVED)",1223 Beacon St Brookline 02446,PERMANENTLY CLOSED,PERMANENTLY CLOSED,0,0,Not Listed,,Not Listed,,Not Listed,,Not Listed,,N/A,N/A,N/A,Parking Boston Inc.-Jasmine,,,,,,,,,,,,,,,,,,,,,,,,,,,,,,,,,,,,,,,,,,,,,,,,,,,,,,,,,,,,,,,,,,,,,,,,,,,,,,,,,,,,,,,,,,,,,,,,,,,,,,,,,,,,,,,,,,,,,,,,,,,,,,,,,,,,
WASHINGTON DC,99253,1224 4th St. NW - Spot #10 Only,"1224 4th Street Northwest, Washington, DC, 20001",IN OPERATION,Events and Daily ONLY,1,N/A,Not Listed,,Not Listed,,Not Listed,,Not Listed,,"38.906611,-77.016667",,FIXED,Luigi Lannutti,,,,,,,,,,,,,,,,,,,,,,,,,,,,,,,,,,,,,,,,,,,,,,,,,,,,,,,,,,,,,,,,,,,,,,,,,,,,,,,,,,,,,,,,,,,,,,,,,,,,,,,,,,,,,,,,,,,,,,,,,,,,,,,,,,,,
WASHINGTON DC,61464,1225 Fairmont St NW - Spot #3,"1225 Fairmont Street Northwest, Washington, DC, 20009",IN OPERATION,Daily Only,1,N/A,Not Listed,,Not Listed,,Not Listed,,Not Listed,,"38.92525,-77.028833",,FIXED,Jay Garg,,,,,,,,,,,,,,,,,,,,,,,,,,,,,,,,,,,,,,,,,,,,,,,,,,,,,,,,,,,,,,,,,,,,,,,,,,,,,,,,,,,,,,,,,,,,,,,,,,,,,,,,,,,,,,,,,,,,,,,,,,,,,,,,,,,,
FL ,,1228 Pennsylvania Ave. - Spot #1 (ARCHIVED),"1228 Pennsylvania Avenue Miami Beach, FL, 33139",PERMANENTLY CLOSED,PERMANENTLY CLOSED,0,0,Not Listed,,Not Listed,,Not Listed,,Not Listed,,N/A,N/A,N/A,Laura Sylvia,,,,,,,,,,,,,,,,,,,,,,,,,,,,,,,,,,,,,,,,,,,,,,,,,,,,,,,,,,,,,,,,,,,,,,,,,,,,,,,,,,,,,,,,,,,,,,,,,,,,,,,,,,,,,,,,,,,,,,,,,,,,,,,,,,,,
WASHINGTON DC,80142,1238 Maryland Ave. NE - Spot #1 Only,"1238 Maryland Avenue Northeast, Washington, DC, 20002",PERMANENTLY CLOSED,Daily Only,1,0,Not Listed,,Not Listed,,Not Listed,,Not Listed,,N/A,N/A,N/A,Raymond Sass,,,,,,,,,,,,,,,,,,,,,,,,,,,,,,,,,,,,,,,,,,,,,,,,,,,,,,,,,,,,,,,,,,,,,,,,,,,,,,,,,,,,,,,,,,,,,,,,,,,,,,,,,,,,,,,,,,,,,,,,,,,,,,,,,,,,
MA,86214,124 Columbia St. - Spot #3 Only ,"124 Columbia Street, Brookline, MA, 02446",IN OPERATION,Daily Monthly & Event,1,1,Not Listed,,Not Listed,,Not Listed,,Not Listed,,"42°20'46.8""N 71°08'00.6""W",,FIXED,Stella Chan,Plain(Flat) Access,Shared driveway,,,,,,,,,,,,,,,,,,,,,,,,,,,,,,,,,,,,,,,,,,,,,,,,,,,,,,,,,,,,,,,,,,,,,,,,,,,,,,,,,,,,,,,,,,,,,,,,,,,,,,,,,,,,,,,,,,,,,,,,,,,,,,,,,,
MA,24636,124 St Mary’s St. - Spot #5 or 6,"124 Saint Marys Street, Boston, MA 02215",IN OPERATION,Events and Daily ONLY,2,N/A,Not Listed,,Not Listed,,Not Listed,,Not Listed,,"42.345778,-71.106222",,FIXED,Jessica Ainsbrey  (spot 5),Plain(Flat) Access,,,,,,,,,,,,,,,,,,,,,,,,,,,,,,,,,,,,,,,,,,,,,,,,,,,,,,,,,,,,,,,,,,,,,,,,,,,,,,,,,,,,,,,,,,,,,,,,,,,,,,,,,,,,,,,,,,,,,,,,,,,,,,,,,,,
IL,111395,1240 N Milwaukee Ave. - Spot #2 Only,"1240 North Milwaukee Avenue, Chicago, IL, 60622",IN OPERATION,Events and Daily ONLY,1,N/A,Not Listed,,Not Listed,,Not Listed,,Not Listed,,"41.904056,-87.668361",,FIXED,Jonathan Shack ,Plain(Flat) Access,,,,,,,,,,,,,,,,,,,,,,,,,,,,,,,,,,,,,,,,,,,,,,,,,,,,,,,,,,,,,,,,,,,,,,,,,,,,,,,,,,,,,,,,,,,,,,,,,,,,,,,,,,,,,,,,,,,,,,,,,,,,,,,,,,,
MA,,"1243 Commonwealth Ave. - Spots # 18, 19, & 20 (ARCHIVED)","1243 Commonwealth Avenue Boston, MA, 02134",PERMANENTLY CLOSED,PERMANENTLY CLOSED,0,0,Not Listed,,Not Listed,,Not Listed,,Not Listed,,N/A,N/A,N/A,,,,,,,,,,,,,,,,,,,,,,,,,,,,,,,,,,,,,,,,,,,,,,,,,,,,,,,,,,,,,,,,,,,,,,,,,,,,,,,,,,,,,,,,,,,,,,,,,,,,,,,,,,,,,,,,,,,,,,,,,,,,,,,,,,,,,
MA,,1243 Commonwealth Ave. - Spots #21 and #22 (ARCHIVED),"1243 Commonwealth Avenue Boston, MA, 02134",PERMANENTLY CLOSED,PERMANENTLY CLOSED,0,0,Not Listed,,Not Listed,,Not Listed,,Not Listed,,N/A,N/A,N/A,,,,,,,,,,,,,,,,,,,,,,,,,,,,,,,,,,,,,,,,,,,,,,,,,,,,,,,,,,,,,,,,,,,,,,,,,,,,,,,,,,,,,,,,,,,,,,,,,,,,,,,,,,,,,,,,,,,,,,,,,,,,,,,,,,,,,
IL,70044,1244 W Roscoe St - Alley Spot,"1244 West Roscoe Street, Chicago, IL, 60657",IN OPERATION,Events and Daily ONLY,1,N/A,Not Listed,,Not Listed,,Not Listed,,Not Listed,,"41.943917,-87.660917",,FIXED,Corey Swimmer,Plain(Flat) Access,,,,,,,,,,,,,,,,,,,,,,,,,,,,,,,,,,,,,,,,,,,,,,,,,,,,,,,,,,,,,,,,,,,,,,,,,,,,,,,,,,,,,,,,,,,,,,,,,,,,,,,,,,,,,,,,,,,,,,,,,,,,,,,,,,,
WASHINGTON DC,126441,1249 4th St. SW - Spot #4 Only,"1249 4th Street Southwest Washington, DC, 20024",IN OPERATION,Events and Daily ONLY,1,N/A,Not Listed,,Not Listed,,Not Listed,,Not Listed,,"38°52'30.6""N 77°01'03.9""W",,,Nhu Hoa La,,,,,,,,,,,,,,,,,,,,,,,,,,,,,,,,,,,,,,,,,,,,,,,,,,,,,,,,,,,,,,,,,,,,,,,,,,,,,,,,,,,,,,,,,,,,,,,,,,,,,,,,,,,,,,,,,,,,,,,,,,,,,,,,,,,,
MA,127896,125 Bolton St. - Driveway Spot,"125 Bolton Street, Boston, MA 02127",PERMANENTLY CLOSED,Events and Daily ONLY,0,N/A,Not Listed,,Not Listed,,Not Listed,,Not Listed,,"42°20'25.4""N 71°03'01.4""W",,,Joshua Kriesberg,Plain(Flat) Access,,,,,,,,,,,,,,,,,,,,,,,,,,,,,,,,,,,,,,,,,,,,,,,,,,,,,,,,,,,,,,,,,,,,,,,,,,,,,,,,,,,,,,,,,,,,,,,,,,,,,,,,,,,,,,,,,,,,,,,,,,,,,,,,,,,
MA,,125 G St. - Compact Car Spotn (ARCHIVED),"125 G Street Boston, MA, 02127",PERMANENTLY CLOSED,PERMANENTLY CLOSED,0,0,Not Listed,,Not Listed,,Not Listed,,Not Listed,,N/A,N/A,N/A,,,,,,,,,,,,,,,,,,,,,,,,,,,,,,,,,,,,,,,,,,,,,,,,,,,,,,,,,,,,,,,,,,,,,,,,,,,,,,,,,,,,,,,,,,,,,,,,,,,,,,,,,,,,,,,,,,,,,,,,,,,,,,,,,,,,,
MA,148190,1251 Commonwealth Ave. - Spot #11 Only,"1251 Commonwealth Avenue, Boston, MA 02134",IN OPERATION,Events and Daily ONLY,1,N/A,Not Listed,,Not Listed,,Not Listed,,Not Listed,,"42°20'59.9""N 71°07'59.7""W",,,,,,,,,,,,,,,,,,,,,,,,,,,,,,,,,,,,,,,,,,,,,,,,,,,,,,,,,,,,,,,,,,,,,,,,,,,,,,,,,,,,,,,,,,,,,,,,,,,,,,,,,,,,,,,,,,,,,,,,,,,,,,,,,,,,,,,
MA,140747,126 Calumet St. - Spot #2 Only,"126 Calumet Street Boston, MA, 02120",IN OPERATION,Daily Only,1,N/A,Not Listed,,Not Listed,,Not Listed,,Not Listed,,"42°19'51.5""N 71°06'09.9""W",N/A,,,,,,,,,,,,,,,,,,,,,,,,,,,,,,,,,,,,,,,,,,,,,,,,,,,,,,,,,,,,,,,,,,,,,,,,,,,,,,,,,,,,,,,,,,,,,,,,,,,,,,,,,,,,,,,,,,,,,,,,,,,,,,,,,,,,,,
MA,101626,1263 Commonwealth Ave. - Spot #6,"1263 Commonwealth Ave, Boston, MA 02134",IN OPERATION,Events and Daily ONLY,1,N/A,Not Listed,,Not Listed,,Not Listed,,Not Listed,,"42.350083,-71.132667",,FIXED,Jong Park,Plain(Flat) Access,,,,,,,,,,,,,,,,,,,,,,,,,,,,,,,,,,,,,,,,,,,,,,,,,,,,,,,,,,,,,,,,,,,,,,,,,,,,,,,,,,,,,,,,,,,,,,,,,,,,,,,,,,,,,,,,,,,,,,,,,,,,,,,,,,,
IL,,1264 W Westgate Terrace - Spot #6 Only (ARCHIVED) ,"1264 West Westgate Terrace, Chicago, IL, 60607",PERMANENTLY CLOSED,PERMANENTLY CLOSED,0,0,Not Listed,,Not Listed,,Not Listed,,Not Listed,,N/A,N/A,N/A,,,,,,,,,,,,,,,,,,,,,,,,,,,,,,,,,,,,,,,,,,,,,,,,,,,,,,,,,,,,,,,,,,,,,,,,,,,,,,,,,,,,,,,,,,,,,,,,,,,,,,,,,,,,,,,,,,,,,,,,,,,,,,,,,,,,,
ON,70971,127 Riverdale Ave. - Right Spot Only,"127 Riverdale Ave, Toronto, Ontario, Canada",IN OPERATION,Daily Only,1,N/A,Not Listed,,Not Listed,,Not Listed,,Not Listed,,N/A,N/A,N/A,Diane Smardenkas,,,,,,,,,,,,,,,,,,,,,,,,,,,,,,,,,,,,,,,,,,,,,,,,,,,,,,,,,,,,,,,,,,,,,,,,,,,,,,,,,,,,,,,,,,,,,,,,,,,,,,,,,,,,,,,,,,,,,,,,,,,,,,,,,,,,
MA,24415,"128 Hillside St. - Spots #2, or 3 Only","128 Hillside Street, Boston, MA 02120",IN OPERATION,Daily Monthly & Event,2,2,Not Listed,,Not Listed,,Not Listed,,Not Listed,,"42.330917,-71.105028",,FIXED,Alp Kantar; Puspa Jelita,Plain(Flat) Access,,,,,,,,,,,,,,,,,,,,,,,,,,,,,,,,,,,,,,,,,,,,,,,,,,,,,,,,,,,,,,,,,,,,,,,,,,,,,,,,,,,,,,,,,,,,,,,,,,,,,,,,,,,,,,,,,,,,,,,,,,,,,,,,,,,
NY,,128 Richmond Ave. Driveway Spots - Left & Right (ARCHIVED),"128 Richmond Avenue, Buffalo, NY, 14222",PERMANENTLY CLOSED,PERMANENTLY CLOSED,0,0,Not Listed,,Not Listed,,Not Listed,,Not Listed,,N/A,N/A,N/A,Humberto Hernandez ,,,,,,,,,,,,,,,,,,,,,,,,,,,,,,,,,,,,,,,,,,,,,,,,,,,,,,,,,,,,,,,,,,,,,,,,,,,,,,,,,,,,,,,,,,,,,,,,,,,,,,,,,,,,,,,,,,,,,,,,,,,,,,,,,,,,
MA,87913,1288 Commonwealth Ave. - Spot #3 or #5 only,"1288 Commonwealth Avenue, Boston, MA, 02134",IN OPERATION,Daily Monthly & Event,2,1,Not Listed,,Not Listed,,Not Listed,,Not Listed,,"42.348694,-71.132972",,FIXED,Parking Boston Inc. - Jasmine Taylor,Plain(Flat) Access,,,,,,,,,,,,,,,,,,,,,,,,,,,,,,,,,,,,,,,,,,,,,,,,,,,,,,,,,,,,,,,,,,,,,,,,,,,,,,,,,,,,,,,,,,,,,,,,,,,,,,,,,,,,,,,,,,,,,,,,,,,,,,,,,,,
MA,108524,129 Chiswick Rd. - Spot #11 Only,"129 Chiswick Road, Boston, MA, 02135",IN OPERATION,Daily&Monthly,1,1,Not Listed,,Not Listed,,Not Listed,,Not Listed,,"42.341111,-71.153083",,FIXED,Parking Boston Inc - Jasmine,Plain(Flat) Access,Shared driveway,,,,,,,,,,,,,,,,,,,,,,,,,,,,,,,,,,,,,,,,,,,,,,,,,,,,,,,,,,,,,,,,,,,,,,,,,,,,,,,,,,,,,,,,,,,,,,,,,,,,,,,,,,,,,,,,,,,,,,,,,,,,,,,,,,
MA,,"13 Greylock Rd. - Spot #4 Only
","13 Greylock Road, Boston, MA, 02134",IN OPERATION,Daily Only,0,0,Not Listed,,Not Listed,,Not Listed,,Not Listed,,N/A,N/A,N/A,,,,,,,,,,,,,,,,,,,,,,,,,,,,,,,,,,,,,,,,,,,,,,,,,,,,,,,,,,,,,,,,,,,,,,,,,,,,,,,,,,,,,,,,,,,,,,,,,,,,,,,,,,,,,,,,,,,,,,,,,,,,,,,,,,,,,
MA,110205,"13 Haviland St. (Public Alley 909) - Spot #1, 2, 3 Only","13 Haviland St, Boston, MA 02115, USA",IN OPERATION,Daily Only,3,N/A,Not Listed,,Not Listed,,Not Listed,,Not Listed,,"42.346583,-71.08875",,FIXED,Parking Boston Inc. - Jasmine Taylor,Plain(Flat) Access,,,,,,,,,,,,,,,,,,,,,,,,,,,,,,,,,,,,,,,,,,,,,,,,,,,,,,,,,,,,,,,,,,,,,,,,,,,,,,,,,,,,,,,,,,,,,,,,,,,,,,,,,,,,,,,,,,,,,,,,,,,,,,,,,,,
MA,,130 Bowdoin St. - Garage Spot (ARCHIVED),"130 Bowdoin Street Boston, MA, 02108",PERMANENTLY CLOSED,PERMANENTLY CLOSED,0,0,Not Listed,,Not Listed,,Not Listed,,Not Listed,,N/A,N/A,N/A,Parking Boston Inc. - Jasmine Taylor,,,,,,,,,,,,,,,,,,,,,,,,,,,,,,,,,,,,,,,,,,,,,,,,,,,,,,,,,,,,,,,,,,,,,,,,,,,,,,,,,,,,,,,,,,,,,,,,,,,,,,,,,,,,,,,,,,,,,,,,,,,,,,,,,,,,
MA,151238,130 Dorchester St. - Marian Manor Building Lot,"130 Dorchester Street Boston, MA 02127",IN OPERATION,Daily&Monthly,10,9,Listed,1,Not Listed,,Listed,1,Not Listed,,"42°20'04.9""N 71°02'49.8""W",,,Jeremy O'Donovan,,,,,,,,,,,,,,,,,,,,,,,,,,,,,,,,,,,,,,,,,,,,,,,,,,,,,,,,,,,,,,,,,,,,,,,,,,,,,,,,,,,,,,,,,,,,,,,,,,,,,,,,,,,,,,,,,,,,,,,,,,,,,,,,,,,,
MA,86816,"130 Fisher Ave. - Spots #1, #2 or #3 Only","130 Fisher Avenue Boston, MA, 02120",IN OPERATION,Daily Monthly & Event,3,3,Not Listed,,Not Listed,,Not Listed,,Not Listed,,"42.327944,-71.106",,FIXED,Roost Living LLC,Plain(Flat) Access,,,,,,,,,,,,,,,,,,,,,,,,,,,,,,,,,,,,,,,,,,,,,,,,,,,,,,,,,,,,,,,,,,,,,,,,,,,,,,,,,,,,,,,,,,,,,,,,,,,,,,,,,,,,,,,,,,,,,,,,,,,,,,,,,,,
IL,131392,"130 S Aberdeen St. - Alley Spots #1, 2, 3 or #4 Only","130 South Aberdeen Street, Chicago, IL 60607",IN OPERATION,Events and Daily ONLY,4,N/A,Not Listed,,Not Listed,,Not Listed,,Not Listed,,"41°52'47.1""N 87°39'17.1""W",,,Emily Hutchins,Plain(Flat) Access,,,,,,,,,,,,,,,,,,,,,,,,,,,,,,,,,,,,,,,,,,,,,,,,,,,,,,,,,,,,,,,,,,,,,,,,,,,,,,,,,,,,,,,,,,,,,,,,,,,,,,,,,,,,,,,,,,,,,,,,,,,,,,,,,,,
IL,122845,1302 W Harrison St. - Spot #6 Only,"1264 West Westgate Terrace, Chicago, IL, 60607",PERMANENTLY CLOSED,Daily Only,0,0,Not Listed,,Not Listed,,Not Listed,,Not Listed,,"41.873844,-87.659331",,FIXED,Margaret Liang,Plain(Flat) Access,,,,,,,,,,,,,,,,,,,,,,,,,,,,,,,,,,,,,,,,,,,,,,,,,,,,,,,,,,,,,,,,,,,,,,,,,,,,,,,,,,,,,,,,,,,,,,,,,,,,,,,,,,,,,,,,,,,,,,,,,,,,,,,,,,,
PA,86001,1304 Pine St. - Spot #1 Only,"1304 Pine Street, Philadelphia, PA, 19107",IN OPERATION,Daily Only,1,N/A,Not Listed,,Not Listed,,Not Listed,,Not Listed,,"39.945135,-75.163285",,FIXED,Centra Associates,,,,,,,,,,,,,,,,,,,,,,,,,,,,,,,,,,,,,,,,,,,,,,,,,,,,,,,,,,,,,,,,,,,,,,,,,,,,,,,,,,,,,,,,,,,,,,,,,,,,,,,,,,,,,,,,,,,,,,,,,,,,,,,,,,,,
WASHINGTON DC,129218,1307 Randolph St. NW - Left Spot #1 Only,"1307 Randolph Street Northwest Washington, DC, 20011",IN OPERATION,Daily Only,1,N/A,Not Listed,,Not Listed,,Not Listed,,Not Listed,,"38°56'20.9""N 77°01'49.3""W",,FIXED,Alice Ollstein,,,,,,,,,,,,,,,,,,,,,,,,,,,,,,,,,,,,,,,,,,,,,,,,,,,,,,,,,,,,,,,,,,,,,,,,,,,,,,,,,,,,,,,,,,,,,,,,,,,,,,,,,,,,,,,,,,,,,,,,,,,,,,,,,,,,
IL,129218,1307 N Campbell Ave. - Middle Spot Only,"1307 N Campbell Ave, Chicago, IL 60622, USA",IN OPERATION,Daily Only,1,N/A,Not Listed,,Not Listed,,Not Listed,,Not Listed,,"41°54'18.3""N 87°41'20.3""W",,,Richard A Smith Soto,Plain(Flat) Access,,,,,,,,,,,,,,,,,,,,,,,,,,,,,,,,,,,,,,,,,,,,,,,,,,,,,,,,,,,,,,,,,,,,,,,,,,,,,,,,,,,,,,,,,,,,,,,,,,,,,,,,,,,,,,,,,,,,,,,,,,,,,,,,,,,
IL,18138,1308 N Lasalle St. - Left or Right Spot,"1308 North LaSalle Street, Chicago, IL 60610",IN OPERATION,Daily Only,2,N/A,Not Listed,,Listed,0,Not Listed,,Not Listed,,"41.906056,-87.633778",,FIXED,Bill/Jeff Hoobler ,Plain(Flat) Access,,,,,,,,,,,,,,,,,,,,,,,,,,,,,,,,,,,,,,,,,,,,,,,,,,,,,,,,,,,,,,,,,,,,,,,,,,,,,,,,,,,,,,,,,,,,,,,,,,,,,,,,,,,,,,,,,,,,,,,,,,,,,,,,,,,
IL,36318,"1314 W Eddy St. - Spots #2, #3, or #4 Only","1314 West Eddy Street, Chicago, IL 60657",IN OPERATION,Events and Daily ONLY,3,N/A,Not Listed,,Listed,0,Not Listed,,Not Listed,,"41.946639,-87.662139",,FIXED,Farrell Friedman,Plain(Flat) Access,,,,,,,,,,,,,,,,,,,,,,,,,,,,,,,,,,,,,,,,,,,,,,,,,,,,,,,,,,,,,,,,,,,,,,,,,,,,,,,,,,,,,,,,,,,,,,,,,,,,,,,,,,,,,,,,,,,,,,,,,,,,,,,,,,,
IL,57966,1314 W Winnemac Ave. - Right Whole Tandem Row,"1314 West Winnemac Avenue Apt 3 Chicago, IL 60640",IN OPERATION,Events and Daily ONLY,1,N/A,Not Listed,,Not Listed,,Not Listed,,Not Listed,,"41.974083,-87.662944",,FIXED,Eric Cherwin,Plain(Flat) Access,,,,,,,,,,,,,,,,,,,,,,,,,,,,,,,,,,,,,,,,,,,,,,,,,,,,,,,,,,,,,,,,,,,,,,,,,,,,,,,,,,,,,,,,,,,,,,,,,,,,,,,,,,,,,,,,,,,,,,,,,,,,,,,,,,,
IL,131986,1311 W Cornelia Ave. - Driveway Spot,"1311 W Cornelia Ave, Chicago, IL 60657, USA",IN OPERATION,Event Only,1,N/A,Not Listed,,Not Listed,,Not Listed,,Not Listed,,"41°56'41.4""N 87°39'43.2""W",,,Matthew Cummings,Plain(Flat) Access,,,,,,,,,,,,,,,,,,,,,,,,,,,,,,,,,,,,,,,,,,,,,,,,,,,,,,,,,,,,,,,,,,,,,,,,,,,,,,,,,,,,,,,,,,,,,,,,,,,,,,,,,,,,,,,,,,,,,,,,,,,,,,,,,,,
MA,,13-15 Aldie St. Allston Parking - Spot #1 (ARCHIVED),"13 Aldie Street, Boston, MA, 02134",PERMANENTLY CLOSED,PERMANENTLY CLOSED,0,0,Not Listed,,Not Listed,,Not Listed,,Not Listed,,"42.359111,-71.136278",,FIXED,Haki Cebi c/o EDGE Management,,,,,,,,,,,,,,,,,,,,,,,,,,,,,,,,,,,,,,,,,,,,,,,,,,,,,,,,,,,,,,,,,,,,,,,,,,,,,,,,,,,,,,,,,,,,,,,,,,,,,,,,,,,,,,,,,,,,,,,,,,,,,,,,,,,,
IL,,1316 W Addison St. - Lot (Archived),"1316 West Addison Street Chicago, IL, 60613",PERMANENTLY CLOSED,PERMANENTLY CLOSED,0,0,Not Listed,,Not Listed,,Not Listed,,Not Listed,,N/A,N/A,N/A,,,,,,,,,,,,,,,,,,,,,,,,,,,,,,,,,,,,,,,,,,,,,,,,,,,,,,,,,,,,,,,,,,,,,,,,,,,,,,,,,,,,,,,,,,,,,,,,,,,,,,,,,,,,,,,,,,,,,,,,,,,,,,,,,,,,,
MA,67272,1318 Beacon St. - Lot,"1318 Beacon Street, Brookline, MA, 02446",IN OPERATION,Daily Monthly & Event,5,3,Not Listed,,Not Listed,,Not Listed,,Not Listed,,"42.342694,-71.121194",,FIXED,"Greg - BRADEREM, LLC",Plain(Flat) Access,,,,,,,,,,,,,,,,,,,,,,,,,,,,,,,,,,,,,,,,,,,,,,,,,,,,,,,,,,,,,,,,,,,,,,,,,,,,,,,,,,,,,,,,,,,,,,,,,,,,,,,,,,,,,,,,,,,,,,,,,,,,,,,,,,,
IL,,1319 W Erie St - RIGHT spot only (ARCHIVED) ,"1319 W Erie St, Chicago, IL 60642",PERMANENTLY CLOSED,PERMANENTLY CLOSED,0,0,Not Listed,,Not Listed,,Not Listed,,Not Listed,,N/A,N/A,N/A,Stefano Meccia,,,,,,,,,,,,,,,,,,,,,,,,,,,,,,,,,,,,,,,,,,,,,,,,,,,,,,,,,,,,,,,,,,,,,,,,,,,,,,,,,,,,,,,,,,,,,,,,,,,,,,,,,,,,,,,,,,,,,,,,,,,,,,,,,,,,
MA,28070,"132 Chiswick Road - Spot #3, 4 or 6","132 Chiswick Road, Boston, MA 02135",IN OPERATION,Daily&Monthly,3,2,Not Listed,,Not Listed,,Not Listed,,Not Listed,,"42.340361,-71.153167",,FIXED,Parking Boston Inc.,Steep Access(inclined),,,,,,,,,,,,,,,,,,,,,,,,,,,,,,,,,,,,,,,,,,,,,,,,,,,,,,,,,,,,,,,,,,,,,,,,,,,,,,,,,,,,,,,,,,,,,,,,,,,,,,,,,,,,,,,,,,,,,,,,,,,,,,,,,,,
WASHINGTON DC,118653,1320 S St. NW - Spot #2 Only,"1320 S Street Northwest, Washington, DC 20009",IN OPERATION,Daily Only,1,N/A,Not Listed,,Not Listed,,Not Listed,,Not Listed,,"38.913722,-77.030667",,FIXED,Ahmed Ait Ghezala,,,,,,,,,,,,,,,,,,,,,,,,,,,,,,,,,,,,,,,,,,,,,,,,,,,,,,,,,,,,,,,,,,,,,,,,,,,,,,,,,,,,,,,,,,,,,,,,,,,,,,,,,,,,,,,,,,,,,,,,,,,,,,,,,,,,
WASHINGTON DC,92916,1322 Half St. SW - Spot #3 Personal Spot,1322 Half Street SW Washington DC 20024,IN OPERATION,Events and Daily ONLY,1,N/A,Not Listed,,Not Listed,,Not Listed,,Not Listed,,"38.874028,-77.010056",,70/30,Mandira Sareen ,,,,,,,,,,,,,,,,,,,,,,,,,,,,,,,,,,,,,,,,,,,,,,,,,,,,,,,,,,,,,,,,,,,,,,,,,,,,,,,,,,,,,,,,,,,,,,,,,,,,,,,,,,,,,,,,,,,,,,,,,,,,,,,,,,,,
WASHINGTON DC,38177,1322 Half St. SW - Spot #8,"1322 Half Street Southwest, Washington, DC 20024",IN OPERATION,Events and Daily ONLY,1,N/A,Not Listed,,Not Listed,,Not Listed,,Not Listed,,"38.874028,-77.010056","Landlord's Bike is parked infront of the spot.

Customer can park , no need to contact landlord",70/30,Ty Groskreutz,,,,,,,,,,,,,,,,,,,,,,,,,,,,,,,,,,,,,,,,,,,,,,,,,,,,,,,,,,,,,,,,,,,,,,,,,,,,,,,,,,,,,,,,,,,,,,,,,,,,,,,,,,,,,,,,,,,,,,,,,,,,,,,,,,,,
IL,143361,1323 W Foster Ave. - Middle Spot Only,"1323 West Foster Avenue Chicago, IL 60640",IN OPERATION,Events and Daily ONLY,1,N/A,Not Listed,,Not Listed,,Not Listed,,Not Listed,,"41°58'33.0""N 87°39'48.0""W",,,,,,,,,,,,,,,,,,,,,,,,,,,,,,,,,,,,,,,,,,,,,,,,,,,,,,,,,,,,,,,,,,,,,,,,,,,,,,,,,,,,,,,,,,,,,,,,,,,,,,,,,,,,,,,,,,,,,,,,,,,,,,,,,,,,,,,
PA,98656,133 - 35 N 2nd St. - Spot #1 or 3 Only,"133 North 2nd Street, Philadelphia, PA, 19106",IN OPERATION,Daily Only,2,N/A,Not Listed,,Not Listed,,Not Listed,,Not Listed,,"39°57'10.6""N 75°08'35.0""W",,70/30,Susan Tyson ,,,,,,,,,,,,,,,,,,,,,,,,,,,,,,,,,,,,,,,,,,,,,,,,,,,,,,,,,,,,,,,,,,,,,,,,,,,,,,,,,,,,,,,,,,,,,,,,,,,,,,,,,,,,,,,,,,,,,,,,,,,,,,,,,,,,
MA,,133 Glenville Ave. - Spot #11 Only (ARCHIVED),"133 Glenville Avenue Boston, MA, 02134",PERMANENTLY CLOSED,PERMANENTLY CLOSED,0,0,Not Listed,,Not Listed,,Not Listed,,Not Listed,,N/A,N/A,N/A,Ziheng Wu,,,,,,,,,,,,,,,,,,,,,,,,,,,,,,,,,,,,,,,,,,,,,,,,,,,,,,,,,,,,,,,,,,,,,,,,,,,,,,,,,,,,,,,,,,,,,,,,,,,,,,,,,,,,,,,,,,,,,,,,,,,,,,,,,,,,
MA,122054,133 Peterborough St. - Compact Spot #19 Only,"133 Peterborough Street, Boston, MA, 02215",IN OPERATION,Daily Only,1,N/A,Not Listed,,Not Listed,,Not Listed,,Not Listed,,"42.342947,-71.100984",,FIXED,Sabet Management - M & J Associates LP,Plain(Flat) Access,,,,,,,,,,,,,,,,,,,,,,,,,,,,,,,,,,,,,,,,,,,,,,,,,,,,,,,,,,,,,,,,,,,,,,,,,,,,,,,,,,,,,,,,,,,,,,,,,,,,,,,,,,,,,,,,,,,,,,,,,,,,,,,,,,,
MA,109965,133 Peterborough St. - Spots #21 or 22 Only,"135 Peterborough Street, Boston, MA 02215",IN OPERATION,Events and Daily ONLY,2,N/A,Not Listed,,Not Listed,,Not Listed,,Not Listed,,"42.343,-71.101139",,FIXED,Sabet Management - M & J Associates LP,Plain(Flat) Access,,,,,,,,,,,,,,,,,,,,,,,,,,,,,,,,,,,,,,,,,,,,,,,,,,,,,,,,,,,,,,,,,,,,,,,,,,,,,,,,,,,,,,,,,,,,,,,,,,,,,,,,,,,,,,,,,,,,,,,,,,,,,,,,,,,
MA,,133 St Botolph St. - Alley Spot (ARCHIVED),"133 Saint Botolph Street, Boston, MA, 02115",PERMANENTLY CLOSED,PERMANENTLY CLOSED,0,0,Not Listed,,Not Listed,,Not Listed,,Not Listed,,N/A,N/A,N/A,Parking Boston Inc. - Jasmine Taylor,,,,,,,,,,,,,,,,,,,,,,,,,,,,,,,,,,,,,,,,,,,,,,,,,,,,,,,,,,,,,,,,,,,,,,,,,,,,,,,,,,,,,,,,,,,,,,,,,,,,,,,,,,,,,,,,,,,,,,,,,,,,,,,,,,,,
WASHINGTON DC,107041,1331 I St. NE - Spot #1331 Only,"1331 I Street Northeast, Washington, DC, 20002",IN OPERATION,Daily Only,1,N/A,Not Listed,,Not Listed,,Not Listed,,Not Listed,,"38.901,-76.987333",,FIXED,June Homes - Ferran ,,,,,,,,,,,,,,,,,,,,,,,,,,,,,,,,,,,,,,,,,,,,,,,,,,,,,,,,,,,,,,,,,,,,,,,,,,,,,,,,,,,,,,,,,,,,,,,,,,,,,,,,,,,,,,,,,,,,,,,,,,,,,,,,,,,,
IL,,1334 W Cornelia Ave. - Alley Spot (ARCHIVED),"1334 West Cornelia Avenue Chicago, IL, 60657",PERMANENTLY CLOSED,PERMANENTLY CLOSED,0,0,Not Listed,,Not Listed,,Not Listed,,Not Listed,,N/A,N/A,N/A,Studio Mausu LLC -  1334 W Cornelia,,,,,,,,,,,,,,,,,,,,,,,,,,,,,,,,,,,,,,,,,,,,,,,,,,,,,,,,,,,,,,,,,,,,,,,,,,,,,,,,,,,,,,,,,,,,,,,,,,,,,,,,,,,,,,,,,,,,,,,,,,,,,,,,,,,,
IL,87040,1334 W George St. - right spot only,"1334 West George Street, Chicago, IL, 60657",IN OPERATION,Events and Daily ONLY,1,N/A,Not Listed,,Not Listed,,Not Listed,,Not Listed,,"41.93475,-87.662667",,FIXED,Christian Murau,Plain(Flat) Access,,,,,,,,,,,,,,,,,,,,,,,,,,,,,,,,,,,,,,,,,,,,,,,,,,,,,,,,,,,,,,,,,,,,,,,,,,,,,,,,,,,,,,,,,,,,,,,,,,,,,,,,,,,,,,,,,,,,,,,,,,,,,,,,,,,
IL,144712,1334 W Winnemac Ave. - Spot #4 Only,"1334 West Winnemac Avenue Chicago, IL, 60640",IN OPERATION,Events and Daily ONLY,1,N/A,Not Listed,,Not Listed,,Not Listed,,Not Listed,,"41°58'26.6""N 87°39'52.6""W",,,,,,,,,,,,,,,,,,,,,,,,,,,,,,,,,,,,,,,,,,,,,,,,,,,,,,,,,,,,,,,,,,,,,,,,,,,,,,,,,,,,,,,,,,,,,,,,,,,,,,,,,,,,,,,,,,,,,,,,,,,,,,,,,,,,,,,
MA,151386,134 Pearl St. - Right Spot Only,"134 Pearl Street Somerville, MA 02145",IN OPERATION,Daily Only,1,N/A,Not Listed,,Not Listed,,Not Listed,,Not Listed,,"42°23'07.6""N 71°05'17.1""W",,70/30,"Brightline Management, INC",,,,,,,,,,,,,,,,,,,,,,,,,,,,,,,,,,,,,,,,,,,,,,,,,,,,,,,,,,,,,,,,,,,,,,,,,,,,,,,,,,,,,,,,,,,,,,,,,,,,,,,,,,,,,,,,,,,,,,,,,,,,,,,,,,,,
MA,134427,134 St. Mary's St. - Spot A Only,"134 Saint Mary's Street, Boston, MA 02215",IN OPERATION,Events and Daily ONLY,1,N/A,Not Listed,,Not Listed,,Not Listed,,Not Listed,,"42°20'43.5""N 71°06'21.6""W",,,Stonegate Properties,,,,,,,,,,,,,,,,,,,,,,,,,,,,,,,,,,,,,,,,,,,,,,,,,,,,,,,,,,,,,,,,,,,,,,,,,,,,,,,,,,,,,,,,,,,,,,,,,,,,,,,,,,,,,,,,,,,,,,,,,,,,,,,,,,,,
WASHINGTON DC,65226,1348 Independence Ave. SE - Alley Spot,"1348 Independence Avenue Southeast, Washington, DC, 20003",IN OPERATION,Daily&Monthly,2,1,Not Listed,,Not Listed,,Not Listed,,Not Listed,,"38.887833,-76.986389",,FIXED,,,,,,,,,,,,,,,,,,,,,,,,,,,,,,,,,,,,,,,,,,,,,,,,,,,,,,,,,,,,,,,,,,,,,,,,,,,,,,,,,,,,,,,,,,,,,,,,,,,,,,,,,,,,,,,,,,,,,,,,,,,,,,,,,,,,,
MA,61333,135 W 2nd St. - Spot #1 - 7 (ARCHIVED),"135 West 2nd Street Boston, MA, 02127",PERMANENTLY CLOSED,Daily Monthly & Event,7,0,Not Listed,,Not Listed,,Not Listed,,Not Listed,,"42.342222,-71.052861",,FIXED,Parking Boston Inc. - Jasmine Taylor,Plain(Flat) Access,,,,,,,,,,,,,,,,,,,,,,,,,,,,,,,,,,,,,,,,,,,,,,,,,,,,,,,,,,,,,,,,,,,,,,,,,,,,,,,,,,,,,,,,,,,,,,,,,,,,,,,,,,,,,,,,,,,,,,,,,,,,,,,,,,,
MA,,135 Washington St. - Spots #16 or 17 (ARCHIVED),"135 Washington Street, Boston, MA 02135",PERMANENTLY CLOSED,PERMANENTLY CLOSED,0,0,Not Listed,,Not Listed,,Not Listed,,Not Listed,,N/A,N/A,N/A,Parking Boston Inc. - Jasmine Taylor,,,,,,,,,,,,,,,,,,,,,,,,,,,,,,,,,,,,,,,,,,,,,,,,,,,,,,,,,,,,,,,,,,,,,,,,,,,,,,,,,,,,,,,,,,,,,,,,,,,,,,,,,,,,,,,,,,,,,,,,,,,,,,,,,,,,
IL,94202,1354 W George St. - Spot #8,"1354 W George St, Chicago, IL 60657",IN OPERATION,Events and Daily ONLY,1,1,Not Listed,,Not Listed,,Not Listed,,Not Listed,,"41.934791, -87.662873",,70/30,Zachary Heller,Plain(Flat) Access,,,,,,,,,,,,,,,,,,,,,,,,,,,,,,,,,,,,,,,,,,,,,,,,,,,,,,,,,,,,,,,,,,,,,,,,,,,,,,,,,,,,,,,,,,,,,,,,,,,,,,,,,,,,,,,,,,,,,,,,,,,,,,,,,,,
IL,107178,1359 W Hubbard St. - Spot #3 Only,"1359 West Hubbard Street, Chicago, IL, 60642",IN OPERATION,Daily Only,1,N/A,Not Listed,,Not Listed,,Not Listed,,Not Listed,,"41.889556,-87.66125",,FIXED,June Homes - Ferran ,Plain(Flat) Access,,,,,,,,,,,,,,,,,,,,,,,,,,,,,,,,,,,,,,,,,,,,,,,,,,,,,,,,,,,,,,,,,,,,,,,,,,,,,,,,,,,,,,,,,,,,,,,,,,,,,,,,,,,,,,,,,,,,,,,,,,,,,,,,,,,
WASHINGTON DC,133407,1360 Kenyon St. NW - Rear Left Spot Only,"1360 Kenyon St NW, Washington, DC 20010, USA",IN OPERATION,MONTHLY ONLY,1,1,Not Listed,,Not Listed,,Not Listed,,Not Listed,,"38°55'45.0""N 77°01'53.4""W",Not a tandem spot,,Dalton Grisham,,,,,,,,,,,,,,,,,,,,,,,,,,,,,,,,,,,,,,,,,,,,,,,,,,,,,,,,,,,,,,,,,,,,,,,,,,,,,,,,,,,,,,,,,,,,,,,,,,,,,,,,,,,,,,,,,,,,,,,,,,,,,,,,,,,,
MA,85556,137 Chiswick Rd. - Spots #3 or #4,"137 Chiswick Road Boston, MA, 02135",IN OPERATION,Daily&Monthly,2,1,Not Listed,,Not Listed,,Not Listed,,Not Listed,,"42.341139,-71.153583",,FIXED,Parking Boston Inc. - Jasmine Taylor,Plain(Flat) Access,,,,,,,,,,,,,,,,,,,,,,,,,,,,,,,,,,,,,,,,,,,,,,,,,,,,,,,,,,,,,,,,,,,,,,,,,,,,,,,,,,,,,,,,,,,,,,,,,,,,,,,,,,,,,,,,,,,,,,,,,,,,,,,,,,,
IL,102847,1370 N Dean St. - Left or Right Carport Spot,"1370 North Dean Street Chicago, IL, 60622",IN OPERATION,Events and Daily ONLY,2,N/A,Not Listed,,Not Listed,,Not Listed,,Not Listed,,"41.907056,-87.671389",,70/30,Joseph Gutstadt,Plain(Flat) Access,,,,,,,,,,,,,,,,,,,,,,,,,,,,,,,,,,,,,,,,,,,,,,,,,,,,,,,,,,,,,,,,,,,,,,,,,,,,,,,,,,,,,,,,,,,,,,,,,,,,,,,,,,,,,,,,,,,,,,,,,,,,,,,,,,,
IL,131391,"114 S Aberdeen St. - Spot #6, 7, 11 or #12 Only","114 South Aberdeen Street, Chicago, IL 60607",IN OPERATION,Events and Daily ONLY,4,N/A,Not Listed,,Listed,1,Not Listed,,Not Listed,,"41°52'47.1""N 87°39'17.1""W",,,Emily Hutchins,,,,,,,,,,,,,,,,,,,,,,,,,,,,,,,,,,,,,,,,,,,,,,,,,,,,,,,,,,,,,,,,,,,,,,,,,,,,,,,,,,,,,,,,,,,,,,,,,,,,,,,,,,,,,,,,,,,,,,,,,,,,,,,,,,,,
MA,,14 Atkins St.- Middle or Right Spot only (ARCHIVED),"14 Atkins Street Boston, MA, 02135",PERMANENTLY CLOSED,PERMANENTLY CLOSED,0,0,Not Listed,,Not Listed,,Not Listed,,Not Listed,,N/A,N/A,N/A,Parking Boston Inc. - Jasmine Taylor,,,,,,,,,,,,,,,,,,,,,,,,,,,,,,,,,,,,,,,,,,,,,,,,,,,,,,,,,,,,,,,,,,,,,,,,,,,,,,,,,,,,,,,,,,,,,,,,,,,,,,,,,,,,,,,,,,,,,,,,,,,,,,,,,,,,
MA,86347,14 Batchelder St.- Garage Spot,"14 Batchelder Street, Boston, MA, 02125",IN OPERATION,Daily&Monthly,1,1,Not Listed,,Not Listed,,Not Listed,,Not Listed,,"42.321278,-71.069278",Garage code: 1414,FIXED,Alp Kantar; Puspa Jelita,,,,,,,,,,,,,,,,,,,,,,,,,,,,,,,,,,,,,,,,,,,,,,,,,,,,,,,,,,,,,,,,,,,,,,,,,,,,,,,,,,,,,,,,,,,,,,,,,,,,,,,,,,,,,,,,,,,,,,,,,,,,,,,,,,,,
MA,,14 Commonwealth Ct. - Spot #27 (ARCHIVED) ,"14 Commonwealth Court Boston, MA, 02135",PERMANENTLY CLOSED,PERMANENTLY CLOSED,0,0,Not Listed,,Not Listed,,Not Listed,,Not Listed,,"42.346,-71.139472",,FIXED,Parking Boston Inc-Jasmine,,,,,,,,,,,,,,,,,,,,,,,,,,,,,,,,,,,,,,,,,,,,,,,,,,,,,,,,,,,,,,,,,,,,,,,,,,,,,,,,,,,,,,,,,,,,,,,,,,,,,,,,,,,,,,,,,,,,,,,,,,,,,,,,,,,,
MA,110700,14 Concord Ave. - Spot #3 Only (ARCHIVED) ,14 Concord Ave Cambridge MA 02138,PERMANENTLY CLOSED,PERMANENTLY CLOSED,0,0,Not Listed,,Not Listed,,Not Listed,,Not Listed,,N/A,N/A,N/A,Parking Boston Inc. - Jasmine Taylor,,,,,,,,,,,,,,,,,,,,,,,,,,,,,,,,,,,,,,,,,,,,,,,,,,,,,,,,,,,,,,,,,,,,,,,,,,,,,,,,,,,,,,,,,,,,,,,,,,,,,,,,,,,,,,,,,,,,,,,,,,,,,,,,,,,,
MA,24409,"14 Highgate St. - Spot #1, 2, 3, 4, 5, 6, 7 or #8 Only","14 Highgate Street, Boston, MA 02134",IN OPERATION,Daily Monthly & Event,8,6,Not Listed,,Not Listed,,Not Listed,,Not Listed,,"42.355556,-71.131472",,FIXED,Luning Han - #7 and 8,,,,,,,,,,,,,,,,,,,,,,,,,,,,,,,,,,,,,,,,,,,,,,,,,,,,,,,,,,,,,,,,,,,,,,,,,,,,,,,,,,,,,,,,,,,,,,,,,,,,,,,,,,,,,,,,,,,,,,,,,,,,,,,,,,,,
MA,87263,14 Keswick St. - Spot #3 only,"14 Keswick St, Boston, MA 02215",IN OPERATION,Events and Daily ONLY,1,N/A,Not Listed,,Not Listed,,Not Listed,,Not Listed,,"42.345722,-71.105278",,FIXED,Irene Paleologos,,,,,,,,,,,,,,,,,,,,,,,,,,,,,,,,,,,,,,,,,,,,,,,,,,,,,,,,,,,,,,,,,,,,,,,,,,,,,,,,,,,,,,,,,,,,,,,,,,,,,,,,,,,,,,,,,,,,,,,,,,,,,,,,,,,,
MA,93243,14 Mt Hood Rd. - Left Spot Only,"14 Mt Hood Rd, Boston, MA 02135",IN OPERATION,Daily Only,1,N/A,Not Listed,,Not Listed,,Not Listed,,Not Listed,,"42.341583,-71.14225",,FIXED,Parking Boston Inc.,,,,,,,,,,,,,,,,,,,,,,,,,,,,,,,,,,,,,,,,,,,,,,,,,,,,,,,,,,,,,,,,,,,,,,,,,,,,,,,,,,,,,,,,,,,,,,,,,,,,,,,,,,,,,,,,,,,,,,,,,,,,,,,,,,,,
WASHINGTON DC,114926,14 P St. NW - Spot #3 Only (ARCHIVED),"14 P Street Northwest, Washington, DC, 20001",PERMANENTLY CLOSED,Daily Only,1,0,Not Listed,,Not Listed,,Not Listed,,Not Listed,,"38.9095,-77.009694",Gate code: (4-0-5-0),FIXED,SQL1430NC LLC- Sima Tessema ,,,,,,,,,,,,,,,,,,,,,,,,,,,,,,,,,,,,,,,,,,,,,,,,,,,,,,,,,,,,,,,,,,,,,,,,,,,,,,,,,,,,,,,,,,,,,,,,,,,,,,,,,,,,,,,,,,,,,,,,,,,,,,,,,,,,
MA,44603,14 Symphony Rd. - Left Spot Only,"14 Public Alley 810, Boston, MA 02115",IN OPERATION,Events and Daily ONLY,1,N/A,Not Listed,,Not Listed,,Not Listed,,Not Listed,,"42.342611,-71.087639",,FIXED,Parking Boston Inc. (Jasmine Taylor),,,,,,,,,,,,,,,,,,,,,,,,,,,,,,,,,,,,,,,,,,,,,,,,,,,,,,,,,,,,,,,,,,,,,,,,,,,,,,,,,,,,,,,,,,,,,,,,,,,,,,,,,,,,,,,,,,,,,,,,,,,,,,,,,,,,
MA,87262,14 Wadsworth St. - Left or Right spot only,"14 Wadsworth St, Allston, MA 02134",IN OPERATION,Daily&Monthly,2,1,Not Listed,,Not Listed,,Not Listed,,Not Listed,,"42°21'18.3""N 71°07'34.1""W",,FIXED,Jasper Lu,,,,,,,,,,,,,,,,,,,,,,,,,,,,,,,,,,,,,,,,,,,,,,,,,,,,,,,,,,,,,,,,,,,,,,,,,,,,,,,,,,,,,,,,,,,,,,,,,,,,,,,,,,,,,,,,,,,,,,,,,,,,,,,,,,,,
MA,24452,14 Wigglesworth St. - Spot #1 Only,"14 Wigglesworth Street, Boston, MA 02120",IN OPERATION,Events and Daily ONLY,1,N/A,Not Listed,,Not Listed,,Not Listed,,Not Listed,,"42.334194,-71.103361",,FIXED,Heath Properties,,,,,,,,,,,,,,,,,,,,,,,,,,,,,,,,,,,,,,,,,,,,,,,,,,,,,,,,,,,,,,,,,,,,,,,,,,,,,,,,,,,,,,,,,,,,,,,,,,,,,,,,,,,,,,,,,,,,,,,,,,,,,,,,,,,,
MA,,14 Wilton St.- Left Side Only (ARCHIVED),"14 Wilton Street, Boston, MA 02134",PERMANENTLY CLOSED,PERMANENTLY CLOSED,0,0,Not Listed,,Not Listed,,Not Listed,,Not Listed,,N/A,N/A,N/A,Parking Boston Inc. (Jasmine Taylor),,,,,,,,,,,,,,,,,,,,,,,,,,,,,,,,,,,,,,,,,,,,,,,,,,,,,,,,,,,,,,,,,,,,,,,,,,,,,,,,,,,,,,,,,,,,,,,,,,,,,,,,,,,,,,,,,,,,,,,,,,,,,,,,,,,,
LA,111301,1400 Canal St. - Lot,"1400 Canal Street, New Orleans, LA 70112",IN OPERATION,Daily Monthly & Event,15,1,Listed,3,Not Listed,,Not Listed,,Not Listed,,"29.956735,-90.075007",,70/30,Royal Garage - Michael ,,,,,,,,,,,,,,,,,,,,,,,,,,,,,,,,,,,,,,,,,,,,,,,,,,,,,,,,,,,,,,,,,,,,,,,,,,,,,,,,,,,,,,,,,,,,,,,,,,,,,,,,,,,,,,,,,,,,,,,,,,,,,,,,,,,,
WASHINGTON DC,,1401 Carrollsburg Pl SW. - Left or Right Spot Only (ARCHIVED),"1401 Carrollsburg Place Southwest, Washington, DC, 20024",PERMANENTLY CLOSED,PERMANENTLY CLOSED,0,0,Not Listed,,Not Listed,,Not Listed,,Not Listed,,N/A,N/A,N/A,Becca James,,,,,,,,,,,,,,,,,,,,,,,,,,,,,,,,,,,,,,,,,,,,,,,,,,,,,,,,,,,,,,,,,,,,,,,,,,,,,,,,,,,,,,,,,,,,,,,,,,,,,,,,,,,,,,,,,,,,,,,,,,,,,,,,,,,,
IL,,1406 W Fulton St. - Lot (ARCHIVED),"1406 West Fulton Street, Chicago, IL 60607",PERMANENTLY CLOSED,PERMANENTLY CLOSED,0,0,Not Listed,,Not Listed,,Not Listed,,Not Listed,,N/A,N/A,,,,,,,,,,,,,,,,,,,,,,,,,,,,,,,,,,,,,,,,,,,,,,,,,,,,,,,,,,,,,,,,,,,,,,,,,,,,,,,,,,,,,,,,,,,,,,,,,,,,,,,,,,,,,,,,,,,,,,,,,,,,,,,,,,,,,,
WASHINGTON DC,,1408 Half St. SW - Alley Spots (ARCHIVED),"1408 Half Street Southwest, Washington, DC 20024",PERMANENTLY CLOSED,PERMANENTLY CLOSED,0,0,Not Listed,,Not Listed,,Not Listed,,Not Listed,,N/A,N/A,N/A,Christopher Finlay,,,,,,,,,,,,,,,,,,,,,,,,,,,,,,,,,,,,,,,,,,,,,,,,,,,,,,,,,,,,,,,,,,,,,,,,,,,,,,,,,,,,,,,,,,,,,,,,,,,,,,,,,,,,,,,,,,,,,,,,,,,,,,,,,,,,
MA,,1409-1419 Comm Ave. - Spots #96 or #134 Only (ARCHIVED),"1409 Commonwealth Avenue, Boston, MA, 02135
",PERMANENTLY CLOSED,PERMANENTLY CLOSED,0,0,Not Listed,,Not Listed,,Not Listed,,Not Listed,,N/A,N/A,N/A,Parking Boston Inc. - Jasmine Taylor,,,,,,,,,,,,,,,,,,,,,,,,,,,,,,,,,,,,,,,,,,,,,,,,,,,,,,,,,,,,,,,,,,,,,,,,,,,,,,,,,,,,,,,,,,,,,,,,,,,,,,,,,,,,,,,,,,,,,,,,,,,,,,,,,,,,
MA,,1409-1419 Commonwealth Ave. - Spot #130 (ARCHIVED),"1409 Commonwealth Avenue, Boston, MA, 02135
",PERMANENTLY CLOSED,PERMANENTLY CLOSED,0,0,Not Listed,,Not Listed,,Not Listed,,Not Listed,,"42.349472,-71.138639",,FIXED,Jasmine,,,,,,,,,,,,,,,,,,,,,,,,,,,,,,,,,,,,,,,,,,,,,,,,,,,,,,,,,,,,,,,,,,,,,,,,,,,,,,,,,,,,,,,,,,,,,,,,,,,,,,,,,,,,,,,,,,,,,,,,,,,,,,,,,,,,
WASHINGTON DC,130568,1409 21st St. NW - Spot #10 Only,"1405 21st St NW, Washington, DC 20036, USA",IN OPERATION,Daily Only,1,N/A,Not Listed,,Not Listed,,Not Listed,,Not Listed,,"38°54'33.3""N 77°02'44.9""W",,,,,,,,,,,,,,,,,,,,,,,,,,,,,,,,,,,,,,,,,,,,,,,,,,,,,,,,,,,,,,,,,,,,,,,,,,,,,,,,,,,,,,,,,,,,,,,,,,,,,,,,,,,,,,,,,,,,,,,,,,,,,,,,,,,,,,,
MA,93970,141 Beacon St. - Left or Right Spot Only,"141 Beacon St, Boston, MA 02116, USA",IN OPERATION,Events and Daily ONLY,2,N/A,Not Listed,,Not Listed,,Not Listed,,Not Listed,,"42.354556,-71.07425",,FIXED,Mike Schwartz - Cabot & Company,,,,,,,,,,,,,,,,,,,,,,,,,,,,,,,,,,,,,,,,,,,,,,,,,,,,,,,,,,,,,,,,,,,,,,,,,,,,,,,,,,,,,,,,,,,,,,,,,,,,,,,,,,,,,,,,,,,,,,,,,,,,,,,,,,,,
MA,128127,141 Chiswick Rd. (137 Chiswick Rd.) - Spot #10 or #11 Only,"137 Chiswick Road, Boston, MA 02135",IN OPERATION,Daily Only,2,N/A,Not Listed,,Not Listed,,Not Listed,,Not Listed,,"42°20'27.2""N 71°09'13.0""W",,,Gong Zhang,,,,,,,,,,,,,,,,,,,,,,,,,,,,,,,,,,,,,,,,,,,,,,,,,,,,,,,,,,,,,,,,,,,,,,,,,,,,,,,,,,,,,,,,,,,,,,,,,,,,,,,,,,,,,,,,,,,,,,,,,,,,,,,,,,,,
IL,,1410 W Barry Ave. - Lot (Archived),"1410 West Barry Avenue Chicago, IL, 60657",PERMANENTLY CLOSED,PERMANENTLY CLOSED,0,0,Not Listed,,Not Listed,,Not Listed,,Not Listed,,N/A,N/A,N/A,,,,,,,,,,,,,,,,,,,,,,,,,,,,,,,,,,,,,,,,,,,,,,,,,,,,,,,,,,,,,,,,,,,,,,,,,,,,,,,,,,,,,,,,,,,,,,,,,,,,,,,,,,,,,,,,,,,,,,,,,,,,,,,,,,,,,
CA,126177,"1418 Castro St. - Spots #2, 4, 5, 6, 7 ,8, 10, 11 or 12 Only (ARCHIVED)","1418 Castro St, Oakland, CA 94612, USA",PERMANENTLY CLOSED,Daily&Monthly,0,0,Not Listed,,Not Listed,,Not Listed,,Not Listed,,"37.807167,-122.276833",,FIXED,Shahbaz Mamood,,,,,,,,,,,,,,,,,,,,,,,,,,,,,,,,,,,,,,,,,,,,,,,,,,,,,,,,,,,,,,,,,,,,,,,,,,,,,,,,,,,,,,,,,,,,,,,,,,,,,,,,,,,,,,,,,,,,,,,,,,,,,,,,,,,,
WASHINGTON DC,102617,1418 Corcoran St. NW- Left or Right Spot,"1418 Corcoran St NW, Washington, DC, 20009",IN OPERATION,Daily Only,2,N/A,Not Listed,,Not Listed,,Not Listed,,Not Listed,,"38.911528,-77.032889",,FIXED,Yoni Eyal,,,,,,,,,,,,,,,,,,,,,,,,,,,,,,,,,,,,,,,,,,,,,,,,,,,,,,,,,,,,,,,,,,,,,,,,,,,,,,,,,,,,,,,,,,,,,,,,,,,,,,,,,,,,,,,,,,,,,,,,,,,,,,,,,,,,
WASHINGTON DC,99712,1418 Half St. SW - Alley Spot,"1418 Half Street Southwest, Washington, DC, 20024",IN OPERATION,Events and Daily ONLY,1,N/A,Not Listed,,Not Listed,,Not Listed,,Not Listed,,"38.872444,-77.010278",,70/30,Victor Yang,,,,,,,,,,,,,,,,,,,,,,,,,,,,,,,,,,,,,,,,,,,,,,,,,,,,,,,,,,,,,,,,,,,,,,,,,,,,,,,,,,,,,,,,,,,,,,,,,,,,,,,,,,,,,,,,,,,,,,,,,,,,,,,,,,,,
WASHINGTON DC,131896,1419 Clifton St. NW - Parallel Spot #1 Only,"1419 Clifton Street Northwest, Washington, DC, 20009",IN OPERATION,Daily Only,1,N/A,Not Listed,,Not Listed,,Not Listed,,Not Listed,,"38°55'23.2""N 77°01'58.4""W",,,Cindy Vojtech,,,,,,,,,,,,,,,,,,,,,,,,,,,,,,,,,,,,,,,,,,,,,,,,,,,,,,,,,,,,,,,,,,,,,,,,,,,,,,,,,,,,,,,,,,,,,,,,,,,,,,,,,,,,,,,,,,,,,,,,,,,,,,,,,,,,
WASHINGTON DC,88562,1420 Clifton St. NW - Spot #6 Only,"1420 Clifton St NW, Washington, DC 20009",IN OPERATION,Daily Only,1,N/A,Not Listed,,Not Listed,,Not Listed,,Not Listed,,"38.92225,-77.032833",,FIXED,Brittany Lynk,,,,,,,,,,,,,,,,,,,,,,,,,,,,,,,,,,,,,,,,,,,,,,,,,,,,,,,,,,,,,,,,,,,,,,,,,,,,,,,,,,,,,,,,,,,,,,,,,,,,,,,,,,,,,,,,,,,,,,,,,,,,,,,,,,,,
WASHINGTON DC,99714,1420 Clifton St. NW - Spot P2,"1420 Clifton Street Northwest, Washington, DC, 20009",IN OPERATION,Daily Only,1,N/A,Not Listed,,Not Listed,,Not Listed,,Not Listed,,"38.92225,-77.032944",,70/30,Yair Cohenca,,,,,,,,,,,,,,,,,,,,,,,,,,,,,,,,,,,,,,,,,,,,,,,,,,,,,,,,,,,,,,,,,,,,,,,,,,,,,,,,,,,,,,,,,,,,,,,,,,,,,,,,,,,,,,,,,,,,,,,,,,,,,,,,,,,,
WASHINGTON DC,129576,1420 Clifton St. NW - Spot P18 Only,"1420 Clifton Street Northwest, Washington, DC, 20009",IN OPERATION,Daily Only,1,N/A,Not Listed,,Not Listed,,Not Listed,,Not Listed,,"38°55'19.8""N 77°01'57.7""W",,,Sarah Elkabir,,,,,,,,,,,,,,,,,,,,,,,,,,,,,,,,,,,,,,,,,,,,,,,,,,,,,,,,,,,,,,,,,,,,,,,,,,,,,,,,,,,,,,,,,,,,,,,,,,,,,,,,,,,,,,,,,,,,,,,,,,,,,,,,,,,,
WASHINGTON DC,104994,1420 N St. NW - Spot #35 Only,"1420 N St NW, Washington, DC 20005",IN OPERATION,Daily Only,1,N/A,Not Listed,,Not Listed,,Not Listed,,Not Listed,,"38.906778,-77.032944",,FIXED,Jonathan Raviv,,,,,,,,,,,,,,,,,,,,,,,,,,,,,,,,,,,,,,,,,,,,,,,,,,,,,,,,,,,,,,,,,,,,,,,,,,,,,,,,,,,,,,,,,,,,,,,,,,,,,,,,,,,,,,,,,,,,,,,,,,,,,,,,,,,,
WASHINGTON DC,126013,1420 N St. NW - Spots #43 or #44 Only,"1420 N Street Northwest Washington, DC, 20005",IN OPERATION,Daily Only,2,N/A,Not Listed,,Not Listed,,Not Listed,,Not Listed,,"38.906806,-77.033139",,FIXED,Towne Terrace East Condo Association - Evan Cash,,,,,,,,,,,,,,,,,,,,,,,,,,,,,,,,,,,,,,,,,,,,,,,,,,,,,,,,,,,,,,,,,,,,,,,,,,,,,,,,,,,,,,,,,,,,,,,,,,,,,,,,,,,,,,,,,,,,,,,,,,,,,,,,,,,,
IL,128058,1424 W Fulton St. - Spots #7 or #8 Only,"1420 West Fulton Street, Chicago, IL 60607",IN OPERATION,Daily Monthly & Event,2,1,Not Listed,,Not Listed,,Not Listed,,Not Listed,,"41°53'11.9""N 87°39'48.7""W",,,Joshua Krueger ,,,,,,,,,,,,,,,,,,,,,,,,,,,,,,,,,,,,,,,,,,,,,,,,,,,,,,,,,,,,,,,,,,,,,,,,,,,,,,,,,,,,,,,,,,,,,,,,,,,,,,,,,,,,,,,,,,,,,,,,,,,,,,,,,,,,
WASHINGTON DC,136266,1425 11th St. NW - Spot #3 Only,"1425 11th Street Northwest, Washington, DC, 20001",IN OPERATION,Daily Only,1,N/A,Not Listed,,Not Listed,,Not Listed,,Not Listed,,"38°54'33.0""N 77°01'35.4""W",,,,,,,,,,,,,,,,,,,,,,,,,,,,,,,,,,,,,,,,,,,,,,,,,,,,,,,,,,,,,,,,,,,,,,,,,,,,,,,,,,,,,,,,,,,,,,,,,,,,,,,,,,,,,,,,,,,,,,,,,,,,,,,,,,,,,,,
WASHINGTON DC,,1425 Carrollsburg Place SW - Alley Spots (ARCHIVED),"1425 Carrollsburg Place Southwest, Washington, DC 20024",PERMANENTLY CLOSED,PERMANENTLY CLOSED,0,0,Not Listed,,Not Listed,,Not Listed,,Not Listed,,N/A,N/A,N/A,Ian Arzeni,,,,,,,,,,,,,,,,,,,,,,,,,,,,,,,,,,,,,,,,,,,,,,,,,,,,,,,,,,,,,,,,,,,,,,,,,,,,,,,,,,,,,,,,,,,,,,,,,,,,,,,,,,,,,,,,,,,,,,,,,,,,,,,,,,,,
WASHINGTON DC,124956,1428 U St. NW - Whole Tandem Row - Spot #4,"1428 U Street Northwest, Washington, DC 20009",PERMANENTLY CLOSED,PERMANENTLY CLOSED,1,N/A,Not Listed,,Not Listed,,Not Listed,,Not Listed,,"38.916417,-77.03325",,FIXED,YB parking,,,,,,,,,,,,,,,,,,,,,,,,,,,,,,,,,,,,,,,,,,,,,,,,,,,,,,,,,,,,,,,,,,,,,,,,,,,,,,,,,,,,,,,,,,,,,,,,,,,,,,,,,,,,,,,,,,,,,,,,,,,,,,,,,,,,
IL,86396,1428 W Diversey Pkwy. - Garage #1 or #2,"1428 West Diversey Parkway Chicago, IL, 60614",IN OPERATION,Daily Monthly & Event,2,1,Not Listed,,Not Listed,,Not Listed,,Not Listed,,"41.932917,-87.664778",Garage code: 3232,FIXED,Eli Gratz,,,,,,,,,,,,,,,,,,,,,,,,,,,,,,,,,,,,,,,,,,,,,,,,,,,,,,,,,,,,,,,,,,,,,,,,,,,,,,,,,,,,,,,,,,,,,,,,,,,,,,,,,,,,,,,,,,,,,,,,,,,,,,,,,,,,
WASHINGTON DC,,1429 Corcoran St. NW - Personal Spot (ARCHIVED),"1429 Corcoran Street Northwest, Washington, DC 20009",PERMANENTLY CLOSED,PERMANENTLY CLOSED,0,0,Not Listed,,Not Listed,,Not Listed,,Not Listed,,N/A,N/A,N/A,,,,,,,,,,,,,,,,,,,,,,,,,,,,,,,,,,,,,,,,,,,,,,,,,,,,,,,,,,,,,,,,,,,,,,,,,,,,,,,,,,,,,,,,,,,,,,,,,,,,,,,,,,,,,,,,,,,,,,,,,,,,,,,,,,,,,
MA,,1433 Tremont St. - Spot #4 or 5 Only (ARCHIVED),"1433 Tremont St, Boston, MA 02120",PERMANENTLY CLOSED,PERMANENTLY CLOSED,0,0,Not Listed,,Not Listed,,Not Listed,,Not Listed,,N/A,N/A,N/A,Parking Boston Inc. (Jasmine Taylor),,,,,,,,,,,,,,,,,,,,,,,,,,,,,,,,,,,,,,,,,,,,,,,,,,,,,,,,,,,,,,,,,,,,,,,,,,,,,,,,,,,,,,,,,,,,,,,,,,,,,,,,,,,,,,,,,,,,,,,,,,,,,,,,,,,,
MA,117467,"1440 Columbia Rd. - Spots #1, 2 or 3 Only","1440 Columbia Road, Boston, MA 02127",IN OPERATION,Daily&Monthly,3,2,Not Listed,,Not Listed,,Not Listed,,Not Listed,,"42°19'50.2""N 71°02'32.6""W",,FIXED,Patrick Anthony Dwyer,,,,,,,,,,,,,,,,,,,,,,,,,,,,,,,,,,,,,,,,,,,,,,,,,,,,,,,,,,,,,,,,,,,,,,,,,,,,,,,,,,,,,,,,,,,,,,,,,,,,,,,,,,,,,,,,,,,,,,,,,,,,,,,,,,,,
WASHINGTON DC,139594,1440 N St. NW - Spot #24 Only,"1440 N St NW Washington, DC, 20005",IN OPERATION,Daily Only,1,N/A,Not Listed,,Not Listed,,Not Listed,,Not Listed,,"38°54'26.1""N 77°02'02.1""W",,,Teng-Siew Boxall,,,,,,,,,,,,,,,,,,,,,,,,,,,,,,,,,,,,,,,,,,,,,,,,,,,,,,,,,,,,,,,,,,,,,,,,,,,,,,,,,,,,,,,,,,,,,,,,,,,,,,,,,,,,,,,,,,,,,,,,,,,,,,,,,,,,
WASHINGTON DC,86975,1440 N St. NW - Spot #30 Only,"1440 N Street Northwest Washington, DC, 20005",IN OPERATION,Daily Only,1,N/A,Not Listed,,Not Listed,,Not Listed,,Not Listed,,"38°54'26.1""N 77°02'02.1""W",,FIXED,John O'Donnell,,,,,,,,,,,,,,,,,,,,,,,,,,,,,,,,,,,,,,,,,,,,,,,,,,,,,,,,,,,,,,,,,,,,,,,,,,,,,,,,,,,,,,,,,,,,,,,,,,,,,,,,,,,,,,,,,,,,,,,,,,,,,,,,,,,,
IL,,1443 W Wrightwood Ave. - Alley spot (ARCHIVED),"1443 West Wrightwood Avenue, Chicago, IL 60614",PERMANENTLY CLOSED,PERMANENTLY CLOSED,0,0,Not Listed,,Not Listed,,Not Listed,,Not Listed,,N/A,N/A,N/A,Aneesh Natarajan,,,,,,,,,,,,,,,,,,,,,,,,,,,,,,,,,,,,,,,,,,,,,,,,,,,,,,,,,,,,,,,,,,,,,,,,,,,,,,,,,,,,,,,,,,,,,,,,,,,,,,,,,,,,,,,,,,,,,,,,,,,,,,,,,,,,
WASHINGTON DC,127598,1445 Church St. NW - Spot #P8 Only,"1445 Church Street Northwest, Washington, DC, 20005",IN OPERATION,Daily Only,1,N/A,Not Listed,,Not Listed,,Not Listed,,Not Listed,,"38°54'38.5""N 77°02'04.2""W",,,1445 Church Street LLC,,,,,,,,,,,,,,,,,,,,,,,,,,,,,,,,,,,,,,,,,,,,,,,,,,,,,,,,,,,,,,,,,,,,,,,,,,,,,,,,,,,,,,,,,,,,,,,,,,,,,,,,,,,,,,,,,,,,,,,,,,,,,,,,,,,,
IL,96382,1445 W Cortez St. - Middle Spot Only,"1445 W Cortez St. Chicago, IL 60642",IN OPERATION,Events and Daily ONLY,1,N/A,Not Listed,,Not Listed,,Not Listed,,Not Listed,,"41.900222,-87.664306",,70/30,Mario Perez,,,,,,,,,,,,,,,,,,,,,,,,,,,,,,,,,,,,,,,,,,,,,,,,,,,,,,,,,,,,,,,,,,,,,,,,,,,,,,,,,,,,,,,,,,,,,,,,,,,,,,,,,,,,,,,,,,,,,,,,,,,,,,,,,,,,
IL,,1446 W Irving Park Rd. - Spots #1 - 11 Only (Scan2Pay),"1446 West Irving Park Road, Chicago, IL, 60613",PERMANENTLY CLOSED,PERMANENTLY CLOSED,0,0,Not Listed,,Not Listed,,Not Listed,,Not Listed,,N/A,N/A,70/30,Alaba Adelakun - Frey Realty LLC,,,,,,,,,,,,,,,,,,,,,,,,,,,,,,,,,,,,,,,,,,,,,,,,,,,,,,,,,,,,,,,,,,,,,,,,,,,,,,,,,,,,,,,,,,,,,,,,,,,,,,,,,,,,,,,,,,,,,,,,,,,,,,,,,,,,
IL,64670,1446 W Irving Park Rd. - Spots #1-8 Only,"1446 West Irving Park Road, Chicago, IL, 60613",IN OPERATION,Daily Monthly & Event,8,7,Not Listed,,Listed,0,Not Listed,,Not Listed,,"41.9544793,-87.6661469",,70/30,Alaba Adelakun - Frey Realty LLC,,,,,,,,,,,,,,,,,,,,,,,,,,,,,,,,,,,,,,,,,,,,,,,,,,,,,,,,,,,,,,,,,,,,,,,,,,,,,,,,,,,,,,,,,,,,,,,,,,,,,,,,,,,,,,,,,,,,,,,,,,,,,,,,,,,,
IL,89852,1447 W Cortez St. - Middle Spot Only,"1445 W Cortez St. Chicago, IL 60642",IN OPERATION,Events and Daily ONLY,1,N/A,Not Listed,,Not Listed,,Not Listed,,Not Listed,,"41.900222,-87.664389",,70/30,James Dillion,,,,,,,,,,,,,,,,,,,,,,,,,,,,,,,,,,,,,,,,,,,,,,,,,,,,,,,,,,,,,,,,,,,,,,,,,,,,,,,,,,,,,,,,,,,,,,,,,,,,,,,,,,,,,,,,,,,,,,,,,,,,,,,,,,,,
MA,,145 Cedar St. - Spots #1 or #3 Only (ARCHIVED),"145 Cedar St, Roxbury, MA 02119, USA",PERMANENTLY CLOSED,PERMANENTLY CLOSED,0,0,Not Listed,,Not Listed,,Not Listed,,Not Listed,,N/A,N/A,N/A,Parking Boston Inc - Jasmine,,,,,,,,,,,,,,,,,,,,,,,,,,,,,,,,,,,,,,,,,,,,,,,,,,,,,,,,,,,,,,,,,,,,,,,,,,,,,,,,,,,,,,,,,,,,,,,,,,,,,,,,,,,,,,,,,,,,,,,,,,,,,,,,,,,,
NY,,145 Savoy Ave. - Driveway Spot (ARCHIVED),"145 Savoy Avenue Elmont, NY, 11003",PERMANENTLY CLOSED,PERMANENTLY CLOSED,0,0,Not Listed,,Not Listed,,Not Listed,,Not Listed,,N/A,N/A,N/A,Debra debrosse,,,,,,,,,,,,,,,,,,,,,,,,,,,,,,,,,,,,,,,,,,,,,,,,,,,,,,,,,,,,,,,,,,,,,,,,,,,,,,,,,,,,,,,,,,,,,,,,,,,,,,,,,,,,,,,,,,,,,,,,,,,,,,,,,,,,
IL,127101,1453 W Irving Park Rd. - Spot #2 Only,"1453 West Irving Park Road, Chicago, IL 60613",IN OPERATION,Daily Only,1,N/A,Not Listed,,Not Listed,,Not Listed,,Not Listed,,"41°57'13.8""N 87°39'59.1""W",,FIXED,Nick Bieberdorf,,,,,,,,,,,,,,,,,,,,,,,,,,,,,,,,,,,,,,,,,,,,,,,,,,,,,,,,,,,,,,,,,,,,,,,,,,,,,,,,,,,,,,,,,,,,,,,,,,,,,,,,,,,,,,,,,,,,,,,,,,,,,,,,,,,,
IL,,1453 W Irving Park Rd. - Spot #5 (ARCHIVED),"1453 West Irving Park Road, Chicago, IL, 60613",PERMANENTLY CLOSED,PERMANENTLY CLOSED,0,0,Not Listed,,Not Listed,,Not Listed,,Not Listed,,N/A,N/A,N/A,Brian Sicher,,,,,,,,,,,,,,,,,,,,,,,,,,,,,,,,,,,,,,,,,,,,,,,,,,,,,,,,,,,,,,,,,,,,,,,,,,,,,,,,,,,,,,,,,,,,,,,,,,,,,,,,,,,,,,,,,,,,,,,,,,,,,,,,,,,,
MA,118326,146 Athens St. - Spot #1 Only,"146 Athens St, Boston, MA 02127, USA",IN OPERATION,Events and Daily ONLY,1,N/A,Not Listed,,Not Listed,,Not Listed,,Not Listed,,"42.340806,-71.052806",,FIXED,Florian Maupas,,,,,,,,,,,,,,,,,,,,,,,,,,,,,,,,,,,,,,,,,,,,,,,,,,,,,,,,,,,,,,,,,,,,,,,,,,,,,,,,,,,,,,,,,,,,,,,,,,,,,,,,,,,,,,,,,,,,,,,,,,,,,,,,,,,,
MA,34272,1467 Tremont St.- Spot #11 or #12 Only,"1467 Tremont Street, Boston, MA 02120",IN OPERATION,Daily Monthly & Event,2,1,Not Listed,,Not Listed,,Not Listed,,Not Listed,,"42.332139,-71.097583",,FIXED,Parking Boston Inc. (Jasmine Taylor),,,,,,,,,,,,,,,,,,,,,,,,,,,,,,,,,,,,,,,,,,,,,,,,,,,,,,,,,,,,,,,,,,,,,,,,,,,,,,,,,,,,,,,,,,,,,,,,,,,,,,,,,,,,,,,,,,,,,,,,,,,,,,,,,,,,
MA,107040,147 E Cottage St. - Driveway Spot,"147 East Cottage Street, Boston, MA, 02125",IN OPERATION,Daily Only,1,N/A,Not Listed,,Not Listed,,Not Listed,,Not Listed,,"42.320869,-71.063228",,FIXED,Alp Kantar; Puspa Jelita,,,,,,,,,,,,,,,,,,,,,,,,,,,,,,,,,,,,,,,,,,,,,,,,,,,,,,,,,,,,,,,,,,,,,,,,,,,,,,,,,,,,,,,,,,,,,,,,,,,,,,,,,,,,,,,,,,,,,,,,,,,,,,,,,,,,
IL,77700,1470 W Huron St. - Spot #1 Only (ARCHIVED),"1470 West Huron Street, Chicago, IL, 60642",PERMANENTLY CLOSED,PERMANENTLY CLOSED,1,N/A,Not Listed,,Not Listed,,Not Listed,,Not Listed,,"41.89475,-87.665083",,FIXED,BCG Real Estate Group - Kyle ,,,,,,,,,,,,,,,,,,,,,,,,,,,,,,,,,,,,,,,,,,,,,,,,,,,,,,,,,,,,,,,,,,,,,,,,,,,,,,,,,,,,,,,,,,,,,,,,,,,,,,,,,,,,,,,,,,,,,,,,,,,,,,,,,,,,
IL,137075,1470 W Huron St. - Spot #1 Only Copy,"1470 West Huron Street, Chicago, IL, 60642",PERMANENTLY CLOSED,PERMANENTLY CLOSED,,0,Not Listed,,Not Listed,,Not Listed,,Not Listed,,"41.89475,-87.665083",,,,,,,,,,,,,,,,,,,,,,,,,,,,,,,,,,,,,,,,,,,,,,,,,,,,,,,,,,,,,,,,,,,,,,,,,,,,,,,,,,,,,,,,,,,,,,,,,,,,,,,,,,,,,,,,,,,,,,,,,,,,,,,,,,,,,,,
CO,,1479 Delgany St. - Alley Spot (ARCHIVED),"1479 Delgany Street Denver, CO, 80202",PERMANENTLY CLOSED,PERMANENTLY CLOSED,0,0,Not Listed,,Not Listed,,Not Listed,,Not Listed,,N/A,N/A,N/A,Christine Zhang,,,,,,,,,,,,,,,,,,,,,,,,,,,,,,,,,,,,,,,,,,,,,,,,,,,,,,,,,,,,,,,,,,,,,,,,,,,,,,,,,,,,,,,,,,,,,,,,,,,,,,,,,,,,,,,,,,,,,,,,,,,,,,,,,,,,
MA,85136,148 Hillside St. - Lot,"148 Hillside Street, Boston, MA, 02120",IN OPERATION,Daily Monthly & Event,3,3,Not Listed,,Not Listed,,Not Listed,,Not Listed,,"42.330972,-71.106167",,FIXED,Parking Boston Inc. (Jasmine Taylor),,,,,,,,,,,,,,,,,,,,,,,,,,,,,,,,,,,,,,,,,,,,,,,,,,,,,,,,,,,,,,,,,,,,,,,,,,,,,,,,,,,,,,,,,,,,,,,,,,,,,,,,,,,,,,,,,,,,,,,,,,,,,,,,,,,,
MA,23022,"148 Strathmore Rd. - Spots #2, #6 or #7 Only","148 Strathmore Road, Boston, MA 02135",IN OPERATION,Daily&Monthly,3,1,Not Listed,,Not Listed,,Not Listed,,Not Listed,,"42.339083,-71.153667",,FIXED,Parking Boston Inc. (Jasmine Taylor),,,,,,,,,,,,,,,,,,,,,,,,,,,,,,,,,,,,,,,,,,,,,,,,,,,,,,,,,,,,,,,,,,,,,,,,,,,,,,,,,,,,,,,,,,,,,,,,,,,,,,,,,,,,,,,,,,,,,,,,,,,,,,,,,,,,
MA,100900,"149-151 Calumet St. - Spot #1, 2, 3 or 4 Only (ARCHIVED) ","149-151 Calumet St, Boston, MA 02120, USA",PERMANENTLY CLOSED,PERMANENTLY CLOSED,0,0,Not Listed,,Not Listed,,Not Listed,,Not Listed,,"42.329556,-71.102472",,FIXED,Parking Boston Inc- Jasmine,,,,,,,,,,,,,,,,,,,,,,,,,,,,,,,,,,,,,,,,,,,,,,,,,,,,,,,,,,,,,,,,,,,,,,,,,,,,,,,,,,,,,,,,,,,,,,,,,,,,,,,,,,,,,,,,,,,,,,,,,,,,,,,,,,,,
MA,,15 Aberdeen St. - Spot #9 (ARCHIVED),"15 Aberdeen Street, Boston, MA, 02215",PERMANENTLY CLOSED,PERMANENTLY CLOSED,0,0,Not Listed,,Not Listed,,Not Listed,,Not Listed,,"42.346139,-71.104139",,FIXED,Matt Kesner,,,,,,,,,,,,,,,,,,,,,,,,,,,,,,,,,,,,,,,,,,,,,,,,,,,,,,,,,,,,,,,,,,,,,,,,,,,,,,,,,,,,,,,,,,,,,,,,,,,,,,,,,,,,,,,,,,,,,,,,,,,,,,,,,,,,
MA,,15 Adams St. - Spot #18 Only (ARCHIVED),"15 Adams Street Watertown, MA, 02472",PERMANENTLY CLOSED,PERMANENTLY CLOSED,0,0,Not Listed,,Not Listed,,Not Listed,,Not Listed,,N/A,N/A,N/A,Joshua Marsh,,,,,,,,,,,,,,,,,,,,,,,,,,,,,,,,,,,,,,,,,,,,,,,,,,,,,,,,,,,,,,,,,,,,,,,,,,,,,,,,,,,,,,,,,,,,,,,,,,,,,,,,,,,,,,,,,,,,,,,,,,,,,,,,,,,,
MA,145016,15 Ellery St. - Spot T8 Only,"15 Ellery Street Cambridge, MA, 02138",IN OPERATION,Daily Only,1,N/A,Not Listed,,Not Listed,,Not Listed,,Not Listed,,"42°22'14.0""N 71°06'40.7""W",,,,,,,,,,,,,,,,,,,,,,,,,,,,,,,,,,,,,,,,,,,,,,,,,,,,,,,,,,,,,,,,,,,,,,,,,,,,,,,,,,,,,,,,,,,,,,,,,,,,,,,,,,,,,,,,,,,,,,,,,,,,,,,,,,,,,,,
MA,58793,"15 Farrington Ave. - Spots B, C, or D Only","15 Farrington Avenue Boston, MA, 02134",IN OPERATION,Daily Monthly & Event,3,1,Not Listed,,Not Listed,,Not Listed,,Not Listed,,"42.354278,-71.131472",,FIXED,Paul Foti,,,,,,,,,,,,,,,,,,,,,,,,,,,,,,,,,,,,,,,,,,,,,,,,,,,,,,,,,,,,,,,,,,,,,,,,,,,,,,,,,,,,,,,,,,,,,,,,,,,,,,,,,,,,,,,,,,,,,,,,,,,,,,,,,,,,
MA,64665,15 Farrington Ave. - Spot A Only,"15 Farrington Avenue Boston, MA, 02134",IN OPERATION,Daily Only,1,N/A,Not Listed,,Not Listed,,Not Listed,,Not Listed,,"42.354222,-71.13125",,FIXED,Paul Foti,,,,,,,,,,,,,,,,,,,,,,,,,,,,,,,,,,,,,,,,,,,,,,,,,,,,,,,,,,,,,,,,,,,,,,,,,,,,,,,,,,,,,,,,,,,,,,,,,,,,,,,,,,,,,,,,,,,,,,,,,,,,,,,,,,,,
MA,,15 Follen St. - Spot #14 Only (ARCHIVED),"15 Follen St, Boston, MA 02116, USA",PERMANENTLY CLOSED,PERMANENTLY CLOSED,0,0,Not Listed,,Not Listed,,Not Listed,,Not Listed,,N/A,N/A,N/A,Parking Boston Inc. (Jasmine Taylor),,,,,,,,,,,,,,,,,,,,,,,,,,,,,,,,,,,,,,,,,,,,,,,,,,,,,,,,,,,,,,,,,,,,,,,,,,,,,,,,,,,,,,,,,,,,,,,,,,,,,,,,,,,,,,,,,,,,,,,,,,,,,,,,,,,,
MA,107400,15 Governor Winthrop Rd. - Driveway Spot,"15 Governor Winthrop Road, Somerville, MA, 02145",PERMANENTLY CLOSED,Daily Only,1,0,Not Listed,,Not Listed,,Not Listed,,Not Listed,,"42.395454,-71.086189",,FIXED,June Homes - Ferran ,,,,,,,,,,,,,,,,,,,,,,,,,,,,,,,,,,,,,,,,,,,,,,,,,,,,,,,,,,,,,,,,,,,,,,,,,,,,,,,,,,,,,,,,,,,,,,,,,,,,,,,,,,,,,,,,,,,,,,,,,,,,,,,,,,,,
MA,62719,15 Greylock Rd. - Spot #18 only,"15 Greylock Road, Boston, MA, 02134",IN OPERATION,Events and Daily ONLY,1,N/A,Not Listed,,Not Listed,,Not Listed,,Not Listed,,"42.350222,-71.1345",,FIXED,Connie Balodimos,,inaccessible due to ice,,,,,,,,,,,,,,,,,,,,,,,,,,,,,,,,,,,,,,,,,,,,,,,,,,,,,,,,,,,,,,,,,,,,,,,,,,,,,,,,,,,,,,,,,,,,,,,,,,,,,,,,,,,,,,,,,,,,,,,,,,,,,,,,,,
MA,24372,"15 Greylock Rd. - Spots #4, 5, 6, 7, 8, 9, 10, 11 or 12 only","15 Greylock Road, Boston, MA 02134",IN OPERATION,Daily Monthly & Event,9,7,Not Listed,,Not Listed,,Not Listed,,Not Listed,,"42.350194,-71.134917",,FIXED,Connie Balodimos,,,,,,,,,,,,,,,,,,,,,,,,,,,,,,,,,,,,,,,,,,,,,,,,,,,,,,,,,,,,,,,,,,,,,,,,,,,,,,,,,,,,,,,,,,,,,,,,,,,,,,,,,,,,,,,,,,,,,,,,,,,,,,,,,,,,
MA,85596,15 Keswick St. - Spot #1 or 2 Only,"15 Keswick Street, Boston, MA, 02215",IN OPERATION,Events and Daily ONLY,2,N/A,Not Listed,,Not Listed,,Not Listed,,Not Listed,,"42.345528,-71.106",,FIXED,Eleven Eleven Companies -Scott Sherman,,,,,,,,,,,,,,,,,,,,,,,,,,,,,,,,,,,,,,,,,,,,,,,,,,,,,,,,,,,,,,,,,,,,,,,,,,,,,,,,,,,,,,,,,,,,,,,,,,,,,,,,,,,,,,,,,,,,,,,,,,,,,,,,,,,,
MA,135254,15 Scottfield Rd. - Spot #2 Only,"15 Scottfield Road, Boston, MA 02134",IN OPERATION,Events and Daily ONLY,1,N/A,Not Listed,,Not Listed,,Not Listed,,Not Listed,,"42°20'49.9""N 71°08'11.9""W",,FIXED,,,,,,,,,,,,,,,,,,,,,,,,,,,,,,,,,,,,,,,,,,,,,,,,,,,,,,,,,,,,,,,,,,,,,,,,,,,,,,,,,,,,,,,,,,,,,,,,,,,,,,,,,,,,,,,,,,,,,,,,,,,,,,,,,,,,,
MA,132812,15 Scottfield Rd. - Parallel Spot #4 Only,"15 Scottfield Road Boston, MA, 02134",IN OPERATION,Events and Daily ONLY,1,N/A,Not Listed,,Not Listed,,Not Listed,,Not Listed,,"42°20'50.2""N 71°08'11.5""W",,FIXED,Farah Sabieoff,,,,,,,,,,,,,,,,,,,,,,,,,,,,,,,,,,,,,,,,,,,,,,,,,,,,,,,,,,,,,,,,,,,,,,,,,,,,,,,,,,,,,,,,,,,,,,,,,,,,,,,,,,,,,,,,,,,,,,,,,,,,,,,,,,,,
MA,24444,"15 Sunset St. - Spots #1, #2, #3 or #4 Only","15 Sunset Street, Boston, MA 02120",IN OPERATION,Daily Monthly & Event,4,3,Not Listed,,Not Listed,,Not Listed,,Not Listed,,"42.331167,-71.108722",,FIXED,Alp Kantar; Puspa Jelita,,,,,,,,,,,,,,,,,,,,,,,,,,,,,,,,,,,,,,,,,,,,,,,,,,,,,,,,,,,,,,,,,,,,,,,,,,,,,,,,,,,,,,,,,,,,,,,,,,,,,,,,,,,,,,,,,,,,,,,,,,,,,,,,,,,,
MA,78063,15 Walbridge St. - Spot #27 (ARCHIVED),"15 Walbridge Street, Boston, MA, 02134",PERMANENTLY CLOSED,PERMANENTLY CLOSED,1,0,Not Listed,,Not Listed,,Not Listed,,Not Listed,,"42.347289, -71.135739",,FIXED,Galperin Irrevocable Trust,,,,,,,,,,,,,,,,,,,,,,,,,,,,,,,,,,,,,,,,,,,,,,,,,,,,,,,,,,,,,,,,,,,,,,,,,,,,,,,,,,,,,,,,,,,,,,,,,,,,,,,,,,,,,,,,,,,,,,,,,,,,,,,,,,,,
MA,111228,15 Walbridge St. - Spot #39 Only,"15 Walbridge Street, Boston, MA, 02134",IN OPERATION,Daily Only,1,N/A,Not Listed,,Not Listed,,Not Listed,,Not Listed,,"42.347083,-71.135556",,FIXED,Earl and Patricia Valencia,,,,,,,,,,,,,,,,,,,,,,,,,,,,,,,,,,,,,,,,,,,,,,,,,,,,,,,,,,,,,,,,,,,,,,,,,,,,,,,,,,,,,,,,,,,,,,,,,,,,,,,,,,,,,,,,,,,,,,,,,,,,,,,,,,,,
MA,124593,15 Waldo Ave. - Spot F Only,"15 Waldo Avenue, Somerville, MA 02143",IN OPERATION,Daily Only,1,N/A,Not Listed,,Not Listed,,Not Listed,,Not Listed,,"42.377139,-71.104056",,FIXED,Wei Li,,,,,,,,,,,,,,,,,,,,,,,,,,,,,,,,,,,,,,,,,,,,,,,,,,,,,,,,,,,,,,,,,,,,,,,,,,,,,,,,,,,,,,,,,,,,,,,,,,,,,,,,,,,,,,,,,,,,,,,,,,,,,,,,,,,,
MA,86293,15 Waldo Ave. - Spot H Only,"15 Waldo Avenue, Somerville, MA, 02143",IN OPERATION,Daily Only,1,N/A,Not Listed,,Not Listed,,Not Listed,,Not Listed,,"42.377139,-71.104056",,FIXED,Konstantin Ignatiev,,,,,,,,,,,,,,,,,,,,,,,,,,,,,,,,,,,,,,,,,,,,,,,,,,,,,,,,,,,,,,,,,,,,,,,,,,,,,,,,,,,,,,,,,,,,,,,,,,,,,,,,,,,,,,,,,,,,,,,,,,,,,,,,,,,,
WA,85557,1501 E Spring St - Spot #9,"1501 East Spring Street Seattle, WA, 98122",IN OPERATION,Daily Only,1,N/A,Not Listed,,Not Listed,,Not Listed,,Not Listed,,"47.611349,-122.312384",,FIXED,Beng Hui Loo,,,,,,,,,,,,,,,,,,,,,,,,,,,,,,,,,,,,,,,,,,,,,,,,,,,,,,,,,,,,,,,,,,,,,,,,,,,,,,,,,,,,,,,,,,,,,,,,,,,,,,,,,,,,,,,,,,,,,,,,,,,,,,,,,,,,
WA,,1501 E Spring St. - Spot #9 (ARCHIVED),"1501 East Spring Street Seattle, WA, 98122",PERMANENTLY CLOSED,Daily Only,0,0,Not Listed,,Not Listed,,Not Listed,,Not Listed,,N/A,N/A,N/A,Beng Hui Loo,,,,,,,,,,,,,,,,,,,,,,,,,,,,,,,,,,,,,,,,,,,,,,,,,,,,,,,,,,,,,,,,,,,,,,,,,,,,,,,,,,,,,,,,,,,,,,,,,,,,,,,,,,,,,,,,,,,,,,,,,,,,,,,,,,,,
PA,85330,"1502 Frankford Ave. - Spots #1, 2, 3 or #4 Only","1502 Frankford Ave, Philadelphia, PA 19125",IN OPERATION,Daily&Monthly,4,2,Not Listed,,Not Listed,,Not Listed,,Not Listed,,"39.973063, -75.134535",,FIXED,Jennifer Govberg,,,,,,,,,,,,,,,,,,,,,,,,,,,,,,,,,,,,,,,,,,,,,,,,,,,,,,,,,,,,,,,,,,,,,,,,,,,,,,,,,,,,,,,,,,,,,,,,,,,,,,,,,,,,,,,,,,,,,,,,,,,,,,,,,,,,
WASHINGTON DC,,1508 Wisconsin Ave. NW - Lot - Compact Spots #16 or 17 Only - (ARCHIVED),"1508 Wisconsin Avenue Northwest Washington, DC, 20007",PERMANENTLY CLOSED,PERMANENTLY CLOSED,0,0,Not Listed,,Not Listed,,Not Listed,,Not Listed,,N/A,N/A,N/A,Ziad Kabbani,,,,,,,,,,,,,,,,,,,,,,,,,,,,,,,,,,,,,,,,,,,,,,,,,,,,,,,,,,,,,,,,,,,,,,,,,,,,,,,,,,,,,,,,,,,,,,,,,,,,,,,,,,,,,,,,,,,,,,,,,,,,,,,,,,,,
WASHINGTON DC,89245,1508 Wisconsin Ave. NW - Compact Spots #7 or #8 Only,"1508 Wisconsin Avenue Northwest Washington, DC, 20007",IN OPERATION,Daily&Monthly,2,1,Not Listed,,Not Listed,,Not Listed,,Not Listed,,"38.908861,-77.064833",,FIXED,Ziad Kabbani,,,,,,,,,,,,,,,,,,,,,,,,,,,,,,,,,,,,,,,,,,,,,,,,,,,,,,,,,,,,,,,,,,,,,,,,,,,,,,,,,,,,,,,,,,,,,,,,,,,,,,,,,,,,,,,,,,,,,,,,,,,,,,,,,,,,
WASHINGTON DC,20192,"	
1508 Wisconsin Ave. NW - Spots #1, #2, #3, #4, #5, #6, #9 or #10 Only","1508 Wisconsin Avenue Northwest, Washington, DC 20007",IN OPERATION,Daily&Monthly,8,8,Listed,1,Not Listed,,Not Listed,,Not Listed,,"38.908861,-77.064833",,FIXED,Ziad Kabbani,,,,,,,,,,,,,,,,,,,,,,,,,,,,,,,,,,,,,,,,,,,,,,,,,,,,,,,,,,,,,,,,,,,,,,,,,,,,,,,,,,,,,,,,,,,,,,,,,,,,,,,,,,,,,,,,,,,,,,,,,,,,,,,,,,,,
IL,149017,1510 N Dearborn Pkwy. - Spot #2 Only,"1510 North Dearborn Parkway Chicago, IL 60610",IN OPERATION,Daily Only,1,N/A,Not Listed,,Not Listed,,Not Listed,,Not Listed,,"41°54'35.6""N 87°37'51.2""W",,,,,,,,,,,,,,,,,,,,,,,,,,,,,,,,,,,,,,,,,,,,,,,,,,,,,,,,,,,,,,,,,,,,,,,,,,,,,,,,,,,,,,,,,,,,,,,,,,,,,,,,,,,,,,,,,,,,,,,,,,,,,,,,,,,,,,,
IL,118424,1513 W Addison St. - Left or Right Spot Only,"1513 W Addison St, Chicago, IL 60613, USA",IN OPERATION,Events and Daily ONLY,2,N/A,Not Listed,,Listed,0,Not Listed,,Not Listed,,"41.946667,-87.667056",,FIXED,Barbara Schreiner ,,,,,,,,,,,,,,,,,,,,,,,,,,,,,,,,,,,,,,,,,,,,,,,,,,,,,,,,,,,,,,,,,,,,,,,,,,,,,,,,,,,,,,,,,,,,,,,,,,,,,,,,,,,,,,,,,,,,,,,,,,,,,,,,,,,,
WASHINGTON DC,55987,1514 8th St. NW - Spot #2 or #3 Only,"1514 8th Street Northwest, Washington, DC 20001",IN OPERATION,Daily&Monthly,2,1,Not Listed,,Not Listed,,Not Listed,,Not Listed,,"38.910083,-77.0235",,FIXED,"Brian Janovitz (spot #3) - November 22, ",,,,,,,,,,,,,,,,,,,,,,,,,,,,,,,,,,,,,,,,,,,,,,,,,,,,,,,,,,,,,,,,,,,,,,,,,,,,,,,,,,,,,,,,,,,,,,,,,,,,,,,,,,,,,,,,,,,,,,,,,,,,,,,,,,,,
MA,45856,1515 Beacon St.- Garage Spot #3 or #4 Only,"1515 Beacon Street, Brookline, MA 02446",IN OPERATION,Daily&Monthly,2,1,Not Listed,,Not Listed,,Not Listed,,Not Listed,,"42.339222,-71.129667",,FIXED,Parking Boston Inc - Jasmine Taylor,,,,,,,,,,,,,,,,,,,,,,,,,,,,,,,,,,,,,,,,,,,,,,,,,,,,,,,,,,,,,,,,,,,,,,,,,,,,,,,,,,,,,,,,,,,,,,,,,,,,,,,,,,,,,,,,,,,,,,,,,,,,,,,,,,,,
MA,24448,15-17 Aberdeen St. - Spots #3 or 6 ONLY,"21 Aberdeen Street, Boston, MA, 02215",IN OPERATION,Events and Daily ONLY,2,N/A,Not Listed,,Not Listed,,Not Listed,,Not Listed,,"42.346056,-71.104083999",,FIXED,Maura Baker Spot #6,,,,,,,,,,,,,,,,,,,,,,,,,,,,,,,,,,,,,,,,,,,,,,,,,,,,,,,,,,,,,,,,,,,,,,,,,,,,,,,,,,,,,,,,,,,,,,,,,,,,,,,,,,,,,,,,,,,,,,,,,,,,,,,,,,,,
MA,,15-17 Aberdeen St. (Cameron Dr.) - Spot #8 Only (ARCHIVED),"17 Aberdeen Street, Boston, MA, 02215",PERMANENTLY CLOSED,PERMANENTLY CLOSED,0,0,Not Listed,,Not Listed,,Not Listed,,Not Listed,,"42.346121,-71.104082",,FIXED,Ivan Huang,,,,,,,,,,,,,,,,,,,,,,,,,,,,,,,,,,,,,,,,,,,,,,,,,,,,,,,,,,,,,,,,,,,,,,,,,,,,,,,,,,,,,,,,,,,,,,,,,,,,,,,,,,,,,,,,,,,,,,,,,,,,,,,,,,,,
MA,,15-17 St. Lukes Rd. - Spots #2 and #3 Only (ARCHIVED),"15 St Lukes Rd, Boston, MA 02134, USA",PERMANENTLY CLOSED,PERMANENTLY CLOSED,0,0,Not Listed,,Not Listed,,Not Listed,,Not Listed,,N/A,N/A,N/A,Yan Schechter,,,,,,,,,,,,,,,,,,,,,,,,,,,,,,,,,,,,,,,,,,,,,,,,,,,,,,,,,,,,,,,,,,,,,,,,,,,,,,,,,,,,,,,,,,,,,,,,,,,,,,,,,,,,,,,,,,,,,,,,,,,,,,,,,,,,
IL,,1517 W Byron St. - Alley Spot (ARCHIVED),"1517 West Byron Street Chicago, IL, 60613",PERMANENTLY CLOSED,PERMANENTLY CLOSED,0,0,Not Listed,,Not Listed,,Not Listed,,Not Listed,,N/A,N/A,N/A,Bruce Cornfoot,,,,,,,,,,,,,,,,,,,,,,,,,,,,,,,,,,,,,,,,,,,,,,,,,,,,,,,,,,,,,,,,,,,,,,,,,,,,,,,,,,,,,,,,,,,,,,,,,,,,,,,,,,,,,,,,,,,,,,,,,,,,,,,,,,,,
MA,87039,"15-21 St Lukes Rd. - Spots #1, 2, 3, 4, 5 or 6 Only","19 Saint Lukes Road Boston, MA, 02134",IN OPERATION,Daily&Monthly,6,5,Not Listed,,Not Listed,,Not Listed,,Not Listed,,"42.351028,-71.127222",,FIXED,Yan Schechter,,,,,,,,,,,,,,,,,,,,,,,,,,,,,,,,,,,,,,,,,,,,,,,,,,,,,,,,,,,,,,,,,,,,,,,,,,,,,,,,,,,,,,,,,,,,,,,,,,,,,,,,,,,,,,,,,,,,,,,,,,,,,,,,,,,,
MA,98557,"1524 Commonwealth Ave. - Spot A, B or C Only","1524 Commonwealth Ave, Brighton, MA 02135",IN OPERATION,Daily&Monthly,3,1,Not Listed,,Not Listed,,Not Listed,,Not Listed,,"42.345306,-71.141111",,FIXED,Jinwoo Kim,,,,,,,,,,,,,,,,,,,,,,,,,,,,,,,,,,,,,,,,,,,,,,,,,,,,,,,,,,,,,,,,,,,,,,,,,,,,,,,,,,,,,,,,,,,,,,,,,,,,,,,,,,,,,,,,,,,,,,,,,,,,,,,,,,,,
WASHINGTON DC,88029,1532 O St. NW - Spot #102 or #103,"1532 O St NW, Washington, DC 20005",IN OPERATION,Daily Only,2,N/A,Not Listed,,Not Listed,,Not Listed,,Not Listed,,"38.908306,-77.035833",,FIXED,David De Seve,,,,,,,,,,,,,,,,,,,,,,,,,,,,,,,,,,,,,,,,,,,,,,,,,,,,,,,,,,,,,,,,,,,,,,,,,,,,,,,,,,,,,,,,,,,,,,,,,,,,,,,,,,,,,,,,,,,,,,,,,,,,,,,,,,,,
IL,127600,"1533 N Wieland St. - Spots #3, #8 or #9 Only","1533 North Wieland Street, Chicago, IL 60610",PERMANENTLY CLOSED,Daily Only,3,0,Not Listed,,Not Listed,,Not Listed,,Not Listed,,"41°54'37.6""N 87°38'08.3""W","gate code 1988# twice

To exit, use the pedestrian door. Code 0314. 

If lockbox is jammed, There is a small button on the bottom of the lockbox to clear the code. This should resolve the issue and allow them to input the proper code.

The key must be placed back in the lockbox after use.
The lockbox must be secured properly.
If a key is lost, customer will be responsible to pay $75.",,Campbell Street Asset Management - Peggy Murphy,,,,,,,,,,,,,,,,,,,,,,,,,,,,,,,,,,,,,,,,,,,,,,,,,,,,,,,,,,,,,,,,,,,,,,,,,,,,,,,,,,,,,,,,,,,,,,,,,,,,,,,,,,,,,,,,,,,,,,,,,,,,,,,,,,,,
FL ,118423,1536 Michigan Ave. - Driveway Spot Only,"1536 Michigan Ave, Miami Beach, FL 33139, USA ",IN OPERATION,Events and Daily ONLY,1,N/A,Not Listed,,Not Listed,,Not Listed,,Not Listed,,"25.788083,-80.138861",,FIXED,Michigama LLC,,,,,,,,,,,,,,,,,,,,,,,,,,,,,,,,,,,,,,,,,,,,,,,,,,,,,,,,,,,,,,,,,,,,,,,,,,,,,,,,,,,,,,,,,,,,,,,,,,,,,,,,,,,,,,,,,,,,,,,,,,,,,,,,,,,,
IL,,1539 W Devon Ave. - Compact Garage (ARCHIVED),"1539 West Devon Avenue Chicago, IL, 60660",PERMANENTLY CLOSED,PERMANENTLY CLOSED,0,0,Not Listed,,Not Listed,,Not Listed,,Not Listed,,N/A,N/A,N/A,,,,,,,,,,,,,,,,,,,,,,,,,,,,,,,,,,,,,,,,,,,,,,,,,,,,,,,,,,,,,,,,,,,,,,,,,,,,,,,,,,,,,,,,,,,,,,,,,,,,,,,,,,,,,,,,,,,,,,,,,,,,,,,,,,,,,
IL,,1539 W Devon Ave. - Right Garage (ARCHIVED),"1539 West Devon Avenue Chicago, IL, 60660",PERMANENTLY CLOSED,PERMANENTLY CLOSED,0,0,Not Listed,,Not Listed,,Not Listed,,Not Listed,,N/A,N/A,N/A,,,,,,,,,,,,,,,,,,,,,,,,,,,,,,,,,,,,,,,,,,,,,,,,,,,,,,,,,,,,,,,,,,,,,,,,,,,,,,,,,,,,,,,,,,,,,,,,,,,,,,,,,,,,,,,,,,,,,,,,,,,,,,,,,,,,,
WASHINGTON DC,19032,1544 Marion St. NW - #10 (Compact Car),"1544 Marion Street Northwest, Washington, DC 20001",IN OPERATION,Daily Only,1,N/A,Not Listed,,Not Listed,,Not Listed,,Not Listed,,"38.910694,-77.02125",,FIXED,Ahmed Ait- Ghezala - CARDIFF GIANT LLC,,,,,,,,,,,,,,,,,,,,,,,,,,,,,,,,,,,,,,,,,,,,,,,,,,,,,,,,,,,,,,,,,,,,,,,,,,,,,,,,,,,,,,,,,,,,,,,,,,,,,,,,,,,,,,,,,,,,,,,,,,,,,,,,,,,,
WASHINGTON DC,,1544 Marion St. NW - Parallel Spot #6 (ARCHIVED),"1544 Marion Street Northwest, Washington, DC 20001",PERMANENTLY CLOSED,PERMANENTLY CLOSED,0,0,Not Listed,,Not Listed,,Not Listed,,Not Listed,,"38.910778,-77.021083",,FIXED,Ahmed Ait- Ghezala - CARDIFF GIANT LLC,,,,,,,,,,,,,,,,,,,,,,,,,,,,,,,,,,,,,,,,,,,,,,,,,,,,,,,,,,,,,,,,,,,,,,,,,,,,,,,,,,,,,,,,,,,,,,,,,,,,,,,,,,,,,,,,,,,,,,,,,,,,,,,,,,,,
WASHINGTON DC,18994,"1544 Marion St. NW - Spot #1, 2, 3, 4, 8 or 9 Only","1544 Marion Street Northwest, Washington, DC 20001",IN OPERATION,Daily&Monthly,6,5,Not Listed,,Not Listed,,Listed,1,Not Listed,,"38.910722,-77.021333",,FIXED,Ahmed Ait- Ghezala - CARDIFF GIANT LLC,,,,,,,,,,,,,,,,,,,,,,,,,,,,,,,,,,,,,,,,,,,,,,,,,,,,,,,,,,,,,,,,,,,,,,,,,,,,,,,,,,,,,,,,,,,,,,,,,,,,,,,,,,,,,,,,,,,,,,,,,,,,,,,,,,,,
WASHINGTON DC,,1544 Marion St. NW - Spot #2 or #4 ONLY (ARCHIVED),"1544 Marion Street Northwest, Washington, DC 20001",PERMANENTLY CLOSED,PERMANENTLY CLOSED,0,0,Not Listed,,Not Listed,,Not Listed,,Not Listed,,"38.910778,-77.021278",,FIXED,Ahmed Ait- Ghezala - CARDIFF GIANT LLC,,,,,,,,,,,,,,,,,,,,,,,,,,,,,,,,,,,,,,,,,,,,,,,,,,,,,,,,,,,,,,,,,,,,,,,,,,,,,,,,,,,,,,,,,,,,,,,,,,,,,,,,,,,,,,,,,,,,,,,,,,,,,,,,,,,,
WASHINGTON DC,88625,1544 Marion St. NW - Parallel Spot #5 or #6 Only,"1544 Marion Street Northwest, Washington, DC 20001",IN OPERATION,Daily&Monthly,2,1,Not Listed,,Not Listed,,Not Listed,,Not Listed,,"38.910778,-77.021083",,FIXED,Ahmed Ait- Ghezala - CARDIFF GIANT LLC,,,,,,,,,,,,,,,,,,,,,,,,,,,,,,,,,,,,,,,,,,,,,,,,,,,,,,,,,,,,,,,,,,,,,,,,,,,,,,,,,,,,,,,,,,,,,,,,,,,,,,,,,,,,,,,,,,,,,,,,,,,,,,,,,,,,
WASHINGTON DC,,"1544 Marion St. NW - Spots #8, or #9 only (ARCHIVED)","1544 Marion Street Northwest, Washington, DC 20001",PERMANENTLY CLOSED,PERMANENTLY CLOSED,0,0,Not Listed,,Not Listed,,Not Listed,,Not Listed,,"38.910667,-77.021278",,FIXED,Ahmed Ait- Ghezala - CARDIFF GIANT LLC,,,,,,,,,,,,,,,,,,,,,,,,,,,,,,,,,,,,,,,,,,,,,,,,,,,,,,,,,,,,,,,,,,,,,,,,,,,,,,,,,,,,,,,,,,,,,,,,,,,,,,,,,,,,,,,,,,,,,,,,,,,,,,,,,,,,
IL,86005,1545 N Wood St. - Spot #1 or #2,"1545 North Wood Street, Chicago, IL, 60622",IN OPERATION,Daily Monthly & Event,2,1,Not Listed,,Not Listed,,Not Listed,,Not Listed,,"41.910111,-87.672056",,FIXED,Shawn Khaghani,,,,,,,,,,,,,,,,,,,,,,,,,,,,,,,,,,,,,,,,,,,,,,,,,,,,,,,,,,,,,,,,,,,,,,,,,,,,,,,,,,,,,,,,,,,,,,,,,,,,,,,,,,,,,,,,,,,,,,,,,,,,,,,,,,,,
MA,129939,155 Highland Ave. - Lot,"155 Highland Avenue, Somerville, MA 02143",IN OPERATION,Daily&Monthly,10,9,Listed,3,Listed,2,Listed,2,Not Listed,,"42°23'19.0""N 71°06'13.4""W",,,RFR Realty Trust,,,,,,,,,,,,,,,,,,,,,,,,,,,,,,,,,,,,,,,,,,,,,,,,,,,,,,,,,,,,,,,,,,,,,,,,,,,,,,,,,,,,,,,,,,,,,,,,,,,,,,,,,,,,,,,,,,,,,,,,,,,,,,,,,,,,
MA,85950,"1550 Tremont St. - Spot #2, 3 or 4 Only","1550 Tremont Street, Boston, MA, 02120",IN OPERATION,Daily Monthly & Event,3,2,Not Listed,,Not Listed,,Not Listed,,Not Listed,,"42.332444,-71.100861",,FIXED,Parking Boston Inc - Jasmine Taylor,,,,,,,,,,,,,,,,,,,,,,,,,,,,,,,,,,,,,,,,,,,,,,,,,,,,,,,,,,,,,,,,,,,,,,,,,,,,,,,,,,,,,,,,,,,,,,,,,,,,,,,,,,,,,,,,,,,,,,,,,,,,,,,,,,,,
MA,116640,1556 Cambridge St. - Driveway Spot Only,"1556 Cambridge St, Cambridge, MA 02139, USA",IN OPERATION,Daily Only,1,N/A,Not Listed,,Not Listed,,Not Listed,,Not Listed,,"42.374336,-71.106831",,FIXED,Parking Boston Inc.,,,,,,,,,,,,,,,,,,,,,,,,,,,,,,,,,,,,,,,,,,,,,,,,,,,,,,,,,,,,,,,,,,,,,,,,,,,,,,,,,,,,,,,,,,,,,,,,,,,,,,,,,,,,,,,,,,,,,,,,,,,,,,,,,,,,
MA,,156 Porter St. - Spot #171 Only - (ARCHIVED),"156 Porter St, Boston, MA 02128, USA",PERMANENTLY CLOSED,PERMANENTLY CLOSED,0,0,Not Listed,,Not Listed,,Not Listed,,Not Listed,,N/A,N/A,N/A,Andrew Langin,,,,,,,,,,,,,,,,,,,,,,,,,,,,,,,,,,,,,,,,,,,,,,,,,,,,,,,,,,,,,,,,,,,,,,,,,,,,,,,,,,,,,,,,,,,,,,,,,,,,,,,,,,,,,,,,,,,,,,,,,,,,,,,,,,,,
MA,,156 Porter St. - Spot #221 only (ARCHIVED),"156 Porter Street Boston, MA, 02128",PERMANENTLY CLOSED,PERMANENTLY CLOSED,0,0,Not Listed,,Not Listed,,Not Listed,,Not Listed,,N/A,N/A,N/A,James Glynn,,,,,,,,,,,,,,,,,,,,,,,,,,,,,,,,,,,,,,,,,,,,,,,,,,,,,,,,,,,,,,,,,,,,,,,,,,,,,,,,,,,,,,,,,,,,,,,,,,,,,,,,,,,,,,,,,,,,,,,,,,,,,,,,,,,,
IL,108987,156 W Huron St. - Spot #3 Only,"156 West Huron Street, Chicago, IL 60654",IN OPERATION,Daily Only,1,N/A,Not Listed,,Not Listed,,Not Listed,,Not Listed,,"41.895222,-87.633444",,FIXED,William Sharpe,,,,,,,,,,,,,,,,,,,,,,,,,,,,,,,,,,,,,,,,,,,,,,,,,,,,,,,,,,,,,,,,,,,,,,,,,,,,,,,,,,,,,,,,,,,,,,,,,,,,,,,,,,,,,,,,,,,,,,,,,,,,,,,,,,,,
MA,24441,"1568 Tremont St. - Spots #1, 2, or 3 Only","1568 Tremont Street, Boston, MA 02120",IN OPERATION,Events and Daily ONLY,3,N/A,Not Listed,,Not Listed,,Not Listed,,Not Listed,,"42.333,-71.102111",,FIXED,Alp Kantar; Puspa Jelita,,,,,,,,,,,,,,,,,,,,,,,,,,,,,,,,,,,,,,,,,,,,,,,,,,,,,,,,,,,,,,,,,,,,,,,,,,,,,,,,,,,,,,,,,,,,,,,,,,,,,,,,,,,,,,,,,,,,,,,,,,,,,,,,,,,,
MA,,157 Winthrop Rd. - Outdoor Spot #1 (ARCHIVED),"157 Winthrop Rd, Brookline, MA 02445",PERMANENTLY CLOSED,PERMANENTLY CLOSED,0,0,Not Listed,,Not Listed,,Not Listed,,Not Listed,,N/A,N/A,N/A,Shira Orr,,,,,,,,,,,,,,,,,,,,,,,,,,,,,,,,,,,,,,,,,,,,,,,,,,,,,,,,,,,,,,,,,,,,,,,,,,,,,,,,,,,,,,,,,,,,,,,,,,,,,,,,,,,,,,,,,,,,,,,,,,,,,,,,,,,,
MA,,158 Boston St - Spot #2 (ARCHIVED),"158 Boston Street, Boston, MA 02125",PERMANENTLY CLOSED,PERMANENTLY CLOSED,0,0,Not Listed,,Not Listed,,Not Listed,,Not Listed,,N/A,N/A,N/A,Alp Kantar; Puspa Jelita,,,,,,,,,,,,,,,,,,,,,,,,,,,,,,,,,,,,,,,,,,,,,,,,,,,,,,,,,,,,,,,,,,,,,,,,,,,,,,,,,,,,,,,,,,,,,,,,,,,,,,,,,,,,,,,,,,,,,,,,,,,,,,,,,,,,
ON,88564,16 A Denison Ave. - Parallel Spot,"16 Denison Avenue, Toronto, ON, M5T 2M5",IN OPERATION,Events and Daily ONLY,1,N/A,Not Listed,,Not Listed,,Not Listed,,Not Listed,,"43.6486554,-79.4011713",,FIXED,Frankie Da Costa,,,,,,,,,,,,,,,,,,,,,,,,,,,,,,,,,,,,,,,,,,,,,,,,,,,,,,,,,,,,,,,,,,,,,,,,,,,,,,,,,,,,,,,,,,,,,,,,,,,,,,,,,,,,,,,,,,,,,,,,,,,,,,,,,,,,
MA,89056,16 Dartmouth Pl. - Left Spot Only,"16 Dartmouth Place, Boston, MA, 02116",IN OPERATION,Events and Daily ONLY,1,N/A,Not Listed,,Not Listed,,Not Listed,,Not Listed,,"42.344944,-71.073333",,FIXED,Parking Boston Inc - Jasmine Taylor,,,,,,,,,,,,,,,,,,,,,,,,,,,,,,,,,,,,,,,,,,,,,,,,,,,,,,,,,,,,,,,,,,,,,,,,,,,,,,,,,,,,,,,,,,,,,,,,,,,,,,,,,,,,,,,,,,,,,,,,,,,,,,,,,,,,
MA,149559,16 Greylock Rd. - Lot,"16 Greylock Road, Boston, MA 02134",IN OPERATION,Daily&Monthly,6,5,Not Listed,,Not Listed,,Not Listed,,Not Listed,,"42°21'01.6""N 71°08'05.3""W",,70/30,Linglin Li,,,,,,,,,,,,,,,,,,,,,,,,,,,,,,,,,,,,,,,,,,,,,,,,,,,,,,,,,,,,,,,,,,,,,,,,,,,,,,,,,,,,,,,,,,,,,,,,,,,,,,,,,,,,,,,,,,,,,,,,,,,,,,,,,,,,
MA,,16 Royce Rd. - Spot #12 (ARCHIVED),"16 Royce Rd. Boston, MA, 02134",PERMANENTLY CLOSED,PERMANENTLY CLOSED,0,0,Not Listed,,Not Listed,,Not Listed,,Not Listed,,N/A,N/A,N/A,,,,,,,,,,,,,,,,,,,,,,,,,,,,,,,,,,,,,,,,,,,,,,,,,,,,,,,,,,,,,,,,,,,,,,,,,,,,,,,,,,,,,,,,,,,,,,,,,,,,,,,,,,,,,,,,,,,,,,,,,,,,,,,,,,,,,
MA,,16 Sachem St. - Left or Right Spot only (ARCHIVED),"16 Sachem Street, Boston, MA 02120",PERMANENTLY CLOSED,PERMANENTLY CLOSED,0,0,Not Listed,,Not Listed,,Not Listed,,Not Listed,,N/A,N/A,N/A,Shan Liu,,,,,,,,,,,,,,,,,,,,,,,,,,,,,,,,,,,,,,,,,,,,,,,,,,,,,,,,,,,,,,,,,,,,,,,,,,,,,,,,,,,,,,,,,,,,,,,,,,,,,,,,,,,,,,,,,,,,,,,,,,,,,,,,,,,,
MA,83112,16 Westland Ave. - Spot #1 or #2 Only,"16 Westland Avenue Boston, MA, 02115",IN OPERATION,Events and Daily ONLY,2,N/A,Not Listed,,Not Listed,,Not Listed,,Not Listed,,"42.343056,-71.086944",,FIXED,Parking Boston Inc - Jasmine Taylor,,,,,,,,,,,,,,,,,,,,,,,,,,,,,,,,,,,,,,,,,,,,,,,,,,,,,,,,,,,,,,,,,,,,,,,,,,,,,,,,,,,,,,,,,,,,,,,,,,,,,,,,,,,,,,,,,,,,,,,,,,,,,,,,,,,,
MA,,14 Wilton St. - Right Side Only (ARCHIVED),"14 Wilton Street, Boston, MA 02134",PERMANENTLY CLOSED,PERMANENTLY CLOSED,0,0,Not Listed,,Not Listed,,Not Listed,,Not Listed,,N/A,N/A,N/A,Parking Boston Inc - Jasmine Taylor,,,,,,,,,,,,,,,,,,,,,,,,,,,,,,,,,,,,,,,,,,,,,,,,,,,,,,,,,,,,,,,,,,,,,,,,,,,,,,,,,,,,,,,,,,,,,,,,,,,,,,,,,,,,,,,,,,,,,,,,,,,,,,,,,,,,
MA,,16 Worthington St. - Angle Parking (ARCHIVED),"16 Worthington St, Boston, MA 02120",PERMANENTLY CLOSED,PERMANENTLY CLOSED,0,0,Not Listed,,Not Listed,,Not Listed,,Not Listed,,N/A,N/A,N/A,Hae Lee,,,,,,,,,,,,,,,,,,,,,,,,,,,,,,,,,,,,,,,,,,,,,,,,,,,,,,,,,,,,,,,,,,,,,,,,,,,,,,,,,,,,,,,,,,,,,,,,,,,,,,,,,,,,,,,,,,,,,,,,,,,,,,,,,,,,
IL,18302,"1608 W Adams St. - Spot #227, #228 or #229","1608 West Adams Street, Chicago, IL 60612",IN OPERATION,Event Only,3,0,Not Listed,,Listed,1,Not Listed,,Not Listed,,"41.8790106,-87.66735070000001","the doors never lock , probably take a different exit , by that way Adam's door stairs always open ,and ramp entrance as well",FIXED,Mario Frausto,,,,,,,,,,,,,,,,,,,,,,,,,,,,,,,,,,,,,,,,,,,,,,,,,,,,,,,,,,,,,,,,,,,,,,,,,,,,,,,,,,,,,,,,,,,,,,,,,,,,,,,,,,,,,,,,,,,,,,,,,,,,,,,,,,,,
IL,,1608 W Adams St. - Spot #234 (ARCHIVED),"1608 West Adams Street, Chicago, IL 60612",PERMANENTLY CLOSED,PERMANENTLY CLOSED,0,0,Not Listed,,Not Listed,,Not Listed,,Not Listed,,N/A,N/A,N/A,Mario Frausto,,,,,,,,,,,,,,,,,,,,,,,,,,,,,,,,,,,,,,,,,,,,,,,,,,,,,,,,,,,,,,,,,,,,,,,,,,,,,,,,,,,,,,,,,,,,,,,,,,,,,,,,,,,,,,,,,,,,,,,,,,,,,,,,,,,,
IL,19042,1608 W Adams St. - Spots #305 - #321,"1608 West Adams Street, Chicago, IL 60612",IN OPERATION,Event Only,17,0,Not Listed,,Not Listed,,Not Listed,,Not Listed,,"41.8788787,-87.6673109","the doors never lock , probably take a different exit , by that way Adam's door stairs always open ,and ramp entrance as well

Customer can park until event ends , EVENT ONLY SPOT 
",50/50,Mario Frausto,,,,,,,,,,,,,,,,,,,,,,,,,,,,,,,,,,,,,,,,,,,,,,,,,,,,,,,,,,,,,,,,,,,,,,,,,,,,,,,,,,,,,,,,,,,,,,,,,,,,,,,,,,,,,,,,,,,,,,,,,,,,,,,,,,,,
IL,,1608 W Adams St. Spot #173 - Lot (ARCHIVED),"1608 West Adams Street, Chicago, IL 60612",PERMANENTLY CLOSED,PERMANENTLY CLOSED,0,0,Not Listed,,Not Listed,,Not Listed,,Not Listed,,N/A,N/A,N/A,Mario Frausto,,,,,,,,,,,,,,,,,,,,,,,,,,,,,,,,,,,,,,,,,,,,,,,,,,,,,,,,,,,,,,,,,,,,,,,,,,,,,,,,,,,,,,,,,,,,,,,,,,,,,,,,,,,,,,,,,,,,,,,,,,,,,,,,,,,,
WASHINGTON DC,132183,1615 Rhode Island Ave. NW - Garage,"1615 Rhode Island Avenue Northwest, Washington, DC, 20036",PERMANENTLY CLOSED,PERMANENTLY CLOSED,15,14,Not Listed,,Not Listed,,Not Listed,,Not Listed,,"38°54'26.0""N 77°02'17.8""W","To Enter Garage:
Lockbox Code for Fob- (2218)

Press the number 1 button on the fob to open the garage door, and please put the fob back once the door is open. 

Garage door will automatically close within 30-45 seconds

After parking/to exit by foot: Use the pedestrian door , no need to use the Fob
",,Paul Ballon,,,,,,,,,,,,,,,,,,,,,,,,,,,,,,,,,,,,,,,,,,,,,,,,,,,,,,,,,,,,,,,,,,,,,,,,,,,,,,,,,,,,,,,,,,,,,,,,,,,,,,,,,,,,,,,,,,,,,,,,,,,,,,,,,,,,
MA,93607,16-18 Highgate St. - Garage Spots #4 or #5 Only,"16-18 Highgate St, Allston, MA 02134, USA",IN OPERATION,Daily&Monthly,2,2,Not Listed,,Not Listed,,Not Listed,,Not Listed,,"42.355556,-71.131639","""""""GARAGE CODES""""
LEFT GARAGE: 1111 then press Enter
Middle Garage: 2222 then press enter
Right Garage: 3333 then Press Enter""",FIXED,Parking Boston Inc- Jasmine,,,,,,,,,,,,,,,,,,,,,,,,,,,,,,,,,,,,,,,,,,,,,,,,,,,,,,,,,,,,,,,,,,,,,,,,,,,,,,,,,,,,,,,,,,,,,,,,,,,,,,,,,,,,,,,,,,,,,,,,,,,,,,,,,,,,
WI ,,1619 N. Farwell - Spot #21 (ARCHIVED),"1619 North Farwell Avenue Milwaukee, WI, 53202",PERMANENTLY CLOSED,PERMANENTLY CLOSED,0,0,Not Listed,,Not Listed,,Not Listed,,Not Listed,,N/A,N/A,N/A,Caitlin and Thomas Kolowith,,,,,,,,,,,,,,,,,,,,,,,,,,,,,,,,,,,,,,,,,,,,,,,,,,,,,,,,,,,,,,,,,,,,,,,,,,,,,,,,,,,,,,,,,,,,,,,,,,,,,,,,,,,,,,,,,,,,,,,,,,,,,,,,,,,,
MA,85589,"162 Kelton St. - Spot M, N, O or P","162 Kelton Street Boston, MA, 02134",IN OPERATION,Daily&Monthly,4,3,Not Listed,,Not Listed,,Not Listed,,Not Listed,,"42.348222,-71.138806",,FIXED,Parking Boston Inc - Jasmine Taylor,,Vehicles stuck and slippery driveway,,,,,,,,,,,,,,,,,,,,,,,,,,,,,,,,,,,,,,,,,,,,,,,,,,,,,,,,,,,,,,,,,,,,,,,,,,,,,,,,,,,,,,,,,,,,,,,,,,,,,,,,,,,,,,,,,,,,,,,,,,,,,,,,,,
MA,98887,162 Summer St. - Spot #14 Only,"162 Summer Street, Somerville, MA, 02143",IN OPERATION,Daily Only,1,N/A,Not Listed,,Not Listed,,Not Listed,,Not Listed,,"42.386175,-71.106345",,FIXED,Jasmine-Parking Boston,,,,,,,,,,,,,,,,,,,,,,,,,,,,,,,,,,,,,,,,,,,,,,,,,,,,,,,,,,,,,,,,,,,,,,,,,,,,,,,,,,,,,,,,,,,,,,,,,,,,,,,,,,,,,,,,,,,,,,,,,,,,,,,,,,,,
MA,120040,162 Summer St. - Spot #5 Only,"162 Summer Street, Somerville, MA 02143",IN OPERATION,Daily Only,1,N/A,Not Listed,,Not Listed,,Not Listed,,Not Listed,,"42.386278,-71.106417",,FIXED,Jasmine-Parking Boston,,,,,,,,,,,,,,,,,,,,,,,,,,,,,,,,,,,,,,,,,,,,,,,,,,,,,,,,,,,,,,,,,,,,,,,,,,,,,,,,,,,,,,,,,,,,,,,,,,,,,,,,,,,,,,,,,,,,,,,,,,,,,,,,,,,,
WASHINGTON DC,143145,1620 Oak St. NW - Spot #1 Only,"1620 Oak Street Northwest Washington, DC, 20010",IN OPERATION,Daily Only,1,N/A,Not Listed,,Not Listed,,Not Listed,,Not Listed,,"38°56'07.4""N 77°02'14.6""W",,FIXED,,,,,,,,,,,,,,,,,,,,,,,,,,,,,,,,,,,,,,,,,,,,,,,,,,,,,,,,,,,,,,,,,,,,,,,,,,,,,,,,,,,,,,,,,,,,,,,,,,,,,,,,,,,,,,,,,,,,,,,,,,,,,,,,,,,,,
WASHINGTON DC,144612,1625 Q St. NW - Spot P-2 Only,"1625 Q Street Northwest Washington, DC, 20009",IN OPERATION,Daily Only,1,N/A,Not Listed,,Not Listed,,Not Listed,,Not Listed,,"38°54'42.6""N 77°02'16.6""W",,FIXED,Globot LLC/ John Stewart Leech,,,,,,,,,,,,,,,,,,,,,,,,,,,,,,,,,,,,,,,,,,,,,,,,,,,,,,,,,,,,,,,,,,,,,,,,,,,,,,,,,,,,,,,,,,,,,,,,,,,,,,,,,,,,,,,,,,,,,,,,,,,,,,,,,,,,
WI ,,1627 N. Farwell - Spot #4 (ARCHIVED),"1627 North Farwell Avenue Milwaukee, WI, 53202",PERMANENTLY CLOSED,PERMANENTLY CLOSED,0,0,Not Listed,,Not Listed,,Not Listed,,Not Listed,,N/A,N/A,N/A,Caitlin and Thomas Kolowith,,,,,,,,,,,,,,,,,,,,,,,,,,,,,,,,,,,,,,,,,,,,,,,,,,,,,,,,,,,,,,,,,,,,,,,,,,,,,,,,,,,,,,,,,,,,,,,,,,,,,,,,,,,,,,,,,,,,,,,,,,,,,,,,,,,,
WASHINGTON DC,143250,1633 Vermont Ave. NW - Right Spot Only,"1633 Vermont Avenue Northwest, Washington, DC, 20009",IN OPERATION,Daily Only,1,0,Not Listed,,Not Listed,,Not Listed,,Not Listed,,"38°54'43.9""N 77°01'39.4""W",,,,,,,,,,,,,,,,,,,,,,,,,,,,,,,,,,,,,,,,,,,,,,,,,,,,,,,,,,,,,,,,,,,,,,,,,,,,,,,,,,,,,,,,,,,,,,,,,,,,,,,,,,,,,,,,,,,,,,,,,,,,,,,,,,,,,,,
MA,52653,163 Strathmore Rd. - Spot #L4,"163 Strathmore Road, Boston, MA 02135",IN OPERATION,Daily&Monthly,1,1,Not Listed,,Not Listed,,Not Listed,,Not Listed,,"42.339944,-71.153389",,FIXED,Farah Sanieoff Khosro (Ezra Sanieoff’s wife),,,,,,,,,,,,,,,,,,,,,,,,,,,,,,,,,,,,,,,,,,,,,,,,,,,,,,,,,,,,,,,,,,,,,,,,,,,,,,,,,,,,,,,,,,,,,,,,,,,,,,,,,,,,,,,,,,,,,,,,,,,,,,,,,,,,
MA,20315,163 Strathmore Rd. - Spot #L1,"163 Strathmore Road, Boston, MA 02135",IN OPERATION,Daily&Monthly,1,1,Not Listed,,Not Listed,,Not Listed,,Not Listed,,"42.339944,-71.153389",,FIXED,Farah Sanieoff Khosro (Ezra Sanieoff’s wife),,,,,,,,,,,,,,,,,,,,,,,,,,,,,,,,,,,,,,,,,,,,,,,,,,,,,,,,,,,,,,,,,,,,,,,,,,,,,,,,,,,,,,,,,,,,,,,,,,,,,,,,,,,,,,,,,,,,,,,,,,,,,,,,,,,,
MA,129213,"163 Strathmore Rd. - Spots M1, M3, M4, M5 or R5 Only","163 Strathmore Rd, Brighton, MA 02135, USA",IN OPERATION,Daily&Monthly,5,4,Listed,1,Not Listed,,Not Listed,,Not Listed,,"42°20'22.8""N 71°09'13.1""W",,,Farah Sabieoff,,,,,,,,,,,,,,,,,,,,,,,,,,,,,,,,,,,,,,,,,,,,,,,,,,,,,,,,,,,,,,,,,,,,,,,,,,,,,,,,,,,,,,,,,,,,,,,,,,,,,,,,,,,,,,,,,,,,,,,,,,,,,,,,,,,,
WASHINGTON DC,87106,1635 6th St. NW - Spot #1 or #2 only,"1635 6th Street Northwest, Washington, DC, 20001",IN OPERATION,Daily Only,2,N/A,Not Listed,,Not Listed,,Not Listed,,Not Listed,,"38.9121209,-77.0199365",,FIXED,Pilar Contreras Serrano,,,,,,,,,,,,,,,,,,,,,,,,,,,,,,,,,,,,,,,,,,,,,,,,,,,,,,,,,,,,,,,,,,,,,,,,,,,,,,,,,,,,,,,,,,,,,,,,,,,,,,,,,,,,,,,,,,,,,,,,,,,,,,,,,,,,
MA,,1635 Commonwealth Ave. - Spot #78 Only (ARCHIVED),"1635 Commonwealth Avenue, Boston, MA, 02135",PERMANENTLY CLOSED,PERMANENTLY CLOSED,0,0,Not Listed,,Not Listed,,Not Listed,,Not Listed,,N/A,N/A,N/A,Parking Boston Inc - Jasmine,,,,,,,,,,,,,,,,,,,,,,,,,,,,,,,,,,,,,,,,,,,,,,,,,,,,,,,,,,,,,,,,,,,,,,,,,,,,,,,,,,,,,,,,,,,,,,,,,,,,,,,,,,,,,,,,,,,,,,,,,,,,,,,,,,,,
ON ,,1638 Queen St E. - Spot #5 (ARCHIVED),"1638 Queen Street East, Toronto, ON, M4L 1G3",PERMANENTLY CLOSED,PERMANENTLY CLOSED,0,0,Not Listed,,Not Listed,,Not Listed,,Not Listed,,N/A,N/A,N/A,Phorsha Miller,,,,,,,,,,,,,,,,,,,,,,,,,,,,,,,,,,,,,,,,,,,,,,,,,,,,,,,,,,,,,,,,,,,,,,,,,,,,,,,,,,,,,,,,,,,,,,,,,,,,,,,,,,,,,,,,,,,,,,,,,,,,,,,,,,,,
MA,104265,"164 Putnam Ave. - Left, Middle or Right Spot Only","164 Putnam Avenue Cambridge, MA, 02139",IN OPERATION,Daily&Monthly,3,2,Not Listed,,Not Listed,,Not Listed,,Not Listed,,"42.365278,-71.113722",,FIXED,Oliver,,,,,,,,,,,,,,,,,,,,,,,,,,,,,,,,,,,,,,,,,,,,,,,,,,,,,,,,,,,,,,,,,,,,,,,,,,,,,,,,,,,,,,,,,,,,,,,,,,,,,,,,,,,,,,,,,,,,,,,,,,,,,,,,,,,,
MA,141553,1644 N Hermitage Ave. - Spot #1 or #2 Only,"1644 North Hermitage Avenue, Chicago, IL 60622",IN OPERATION,Daily Only,2,0,Not Listed,,Not Listed,,Not Listed,,Not Listed,,"41°54'42.8""N 87°40'19.2""W",,,,,,,,,,,,,,,,,,,,,,,,,,,,,,,,,,,,,,,,,,,,,,,,,,,,,,,,,,,,,,,,,,,,,,,,,,,,,,,,,,,,,,,,,,,,,,,,,,,,,,,,,,,,,,,,,,,,,,,,,,,,,,,,,,,,,,,
IL,20191,1645 N Campbell Ave. - Garage Spot 1 or 2,"1645 North Campbell Avenue, Chicago, IL 60647",IN OPERATION,Daily&Monthly,2,1,Not Listed,,Not Listed,,Not Listed,,Not Listed,,"41.911639,-87.689222","Entry / exit instructions: open key pad cover, press 8899 and """"enter
 
Keep vehicle, hitches, bumpers and feet clear of laser sensors when exiting so door closes",FIXED,Jeff Hoobler/Bill,,,,,,,,,,,,,,,,,,,,,,,,,,,,,,,,,,,,,,,,,,,,,,,,,,,,,,,,,,,,,,,,,,,,,,,,,,,,,,,,,,,,,,,,,,,,,,,,,,,,,,,,,,,,,,,,,,,,,,,,,,,,,,,,,,,,
IL,61962,1646 N Kedzie Ave. - Middle Spot Only,"1646 North Kedzie Avenue, Chicago, IL, 60647",IN OPERATION,Daily&Monthly,1,1,Not Listed,,Not Listed,,Not Listed,,Not Listed,,"41.911528,-87.707556",,FIXED,Ross Collard,,,,,,,,,,,,,,,,,,,,,,,,,,,,,,,,,,,,,,,,,,,,,,,,,,,,,,,,,,,,,,,,,,,,,,,,,,,,,,,,,,,,,,,,,,,,,,,,,,,,,,,,,,,,,,,,,,,,,,,,,,,,,,,,,,,,
IL,,1648 W Division St - Middle Spot ONLY (ARCHIVED),"1648 West Division Street, Chicago, IL, 60622",PERMANENTLY CLOSED,PERMANENTLY CLOSED,0,0,Not Listed,,Not Listed,,Not Listed,,Not Listed,,N/A,N/A,N/A,Chun Ning Liao,,,,,,,,,,,,,,,,,,,,,,,,,,,,,,,,,,,,,,,,,,,,,,,,,,,,,,,,,,,,,,,,,,,,,,,,,,,,,,,,,,,,,,,,,,,,,,,,,,,,,,,,,,,,,,,,,,,,,,,,,,,,,,,,,,,,
MA,83446,165 Gove St. - Full Size SUV Driveway Spot,"165 Gove Street Boston, MA, 02128",IN OPERATION,Daily Only,1,N/A,Not Listed,,Not Listed,,Not Listed,,Not Listed,,"42.3693598,-71.0329976",,FIXED,Alp Kantar; Puspa Jelita,,,,,,,,,,,,,,,,,,,,,,,,,,,,,,,,,,,,,,,,,,,,,,,,,,,,,,,,,,,,,,,,,,,,,,,,,,,,,,,,,,,,,,,,,,,,,,,,,,,,,,,,,,,,,,,,,,,,,,,,,,,,,,,,,,,,
IL,103737,165 N Desplaines St. - Parallel Spots #1 or 2,"165 North Desplaines Street, Chicago, IL, 60661",IN OPERATION,Daily Only,2,N/A,Not Listed,,Not Listed,,Not Listed,,Not Listed,,"41.884806,-87.644194",,FIXED,HGIT Properties LP / Matthew (Matt) Hawkins ,,,,,,,,,,,,,,,,,,,,,,,,,,,,,,,,,,,,,,,,,,,,,,,,,,,,,,,,,,,,,,,,,,,,,,,,,,,,,,,,,,,,,,,,,,,,,,,,,,,,,,,,,,,,,,,,,,,,,,,,,,,,,,,,,,,,
MA,134164,"165 Sycamore St. (374 Broadway) - Spots #1, #2, #3, #4, #5 or #6 Only","165 Sycamore Street, Somerville, MA, 02145",IN OPERATION,Daily&Monthly,6,1,Listed,2,Not Listed,,Not Listed,,Not Listed,,"42°23'38.5""N 71°05'50.4""W",,,Richard Digirolamo,,,,,,,,,,,,,,,,,,,,,,,,,,,,,,,,,,,,,,,,,,,,,,,,,,,,,,,,,,,,,,,,,,,,,,,,,,,,,,,,,,,,,,,,,,,,,,,,,,,,,,,,,,,,,,,,,,,,,,,,,,,,,,,,,,,,
IL,19111,"1656 W Ogden Ave. - Spots # 1, 2, 3, 4, or 7","1656 West Ogden Avenue, Chicago, IL 60612",IN OPERATION,Events and Daily ONLY,5,N/A,Not Listed,,Listed,1,Not Listed,,Not Listed,,"41.879778,-87.668528",,FIXED,Jerry,,,,,,,,,,,,,,,,,,,,,,,,,,,,,,,,,,,,,,,,,,,,,,,,,,,,,,,,,,,,,,,,,,,,,,,,,,,,,,,,,,,,,,,,,,,,,,,,,,,,,,,,,,,,,,,,,,,,,,,,,,,,,,,,,,,,
WI,78065,"1660 N. Arlington Pl. - Spots #6, 8 or 9 only","1660 North Arlington Place, Milwaukee, WI, 53202",IN OPERATION,Daily Only,3,N/A,Not Listed,,Not Listed,,Not Listed,,Not Listed,,"43.052547, -87.895292",,70/30,Justine Swessel - Bartsch Management LLC,,,,,,,,,,,,,,,,,,,,,,,,,,,,,,,,,,,,,,,,,,,,,,,,,,,,,,,,,,,,,,,,,,,,,,,,,,,,,,,,,,,,,,,,,,,,,,,,,,,,,,,,,,,,,,,,,,,,,,,,,,,,,,,,,,,,
MA,84999,167 Sydney St. - Whole Tandem Row,"167 Sydney Street, Boston, MA, 02125",IN OPERATION,Daily&Monthly,1,1,Not Listed,,Not Listed,,Not Listed,,Not Listed,,"42.317264,-71.05244499999999",,FIXED,Alp Kantar; Puspa Jelita,,,,,,,,,,,,,,,,,,,,,,,,,,,,,,,,,,,,,,,,,,,,,,,,,,,,,,,,,,,,,,,,,,,,,,,,,,,,,,,,,,,,,,,,,,,,,,,,,,,,,,,,,,,,,,,,,,,,,,,,,,,,,,,,,,,,
MA,22955,168 Western Ave. - Garage #4,"168 Western Avenue, Cambridge, MA 02139",IN OPERATION,Daily Only,1,N/A,Not Listed,,Not Listed,,Not Listed,,Not Listed,,"42.3647091,-71.10941009999999",,FIXED,Western Baptist Church,,,,,,,,,,,,,,,,,,,,,,,,,,,,,,,,,,,,,,,,,,,,,,,,,,,,,,,,,,,,,,,,,,,,,,,,,,,,,,,,,,,,,,,,,,,,,,,,,,,,,,,,,,,,,,,,,,,,,,,,,,,,,,,,,,,,
MA,22953,"168 Western Ave. - Spots #1, #2 or #3 Only","168 Western Avenue, Cambridge, MA 02139",IN OPERATION,Daily&Monthly,3,2,Not Listed,,Not Listed,,Not Listed,,Not Listed,,"42.3648721,-71.1094453",,FIXED,Western Baptist Church,,,,,,,,,,,,,,,,,,,,,,,,,,,,,,,,,,,,,,,,,,,,,,,,,,,,,,,,,,,,,,,,,,,,,,,,,,,,,,,,,,,,,,,,,,,,,,,,,,,,,,,,,,,,,,,,,,,,,,,,,,,,,,,,,,,,
MA,51895,"169 Kent St. - Spots #32, #33 or #36 Only","169 Kent Street, Brookline, MA 02446",IN OPERATION,Events and Daily ONLY,3,1,Not Listed,,Not Listed,,Not Listed,,Not Listed,,N/A,N/A,N/A,Parking Boston Inc - Jasmine Taylor,,,,,,,,,,,,,,,,,,,,,,,,,,,,,,,,,,,,,,,,,,,,,,,,,,,,,,,,,,,,,,,,,,,,,,,,,,,,,,,,,,,,,,,,,,,,,,,,,,,,,,,,,,,,,,,,,,,,,,,,,,,,,,,,,,,,
MA,85024,169 Winchester St. - Left Spot only (ARCHIVED),"169 Winchester Street, Brookline, MA, 02446",PERMANENTLY CLOSED,Daily Monthly & Event,0,0,Not Listed,,Not Listed,,Not Listed,,Not Listed,,"42.345047, -71.130963",,FIXED,Parking Boston Inc - Jasmine Taylor,,,,,,,,,,,,,,,,,,,,,,,,,,,,,,,,,,,,,,,,,,,,,,,,,,,,,,,,,,,,,,,,,,,,,,,,,,,,,,,,,,,,,,,,,,,,,,,,,,,,,,,,,,,,,,,,,,,,,,,,,,,,,,,,,,,,
MA,125815,169 Winchester St. - Spot #1 Only,"169 Winchester Street, Brookline, MA, 02446",IN OPERATION,Daily&Monthly,1,1,Not Listed,,Not Listed,,Not Listed,,Not Listed,,"42.345083,-71.130889",,FIXED,Parking Boston Inc - Jasmine ,,,,,,,,,,,,,,,,,,,,,,,,,,,,,,,,,,,,,,,,,,,,,,,,,,,,,,,,,,,,,,,,,,,,,,,,,,,,,,,,,,,,,,,,,,,,,,,,,,,,,,,,,,,,,,,,,,,,,,,,,,,,,,,,,,,,
MA,,17 Aberdeen St. - Spot #6 (ARCHIVED),"17 Aberdeen Street Boston, MA, 02215",PERMANENTLY CLOSED,PERMANENTLY CLOSED,0,0,Not Listed,,Not Listed,,Not Listed,,Not Listed,,N/A,N/A,N/A,,,,,,,,,,,,,,,,,,,,,,,,,,,,,,,,,,,,,,,,,,,,,,,,,,,,,,,,,,,,,,,,,,,,,,,,,,,,,,,,,,,,,,,,,,,,,,,,,,,,,,,,,,,,,,,,,,,,,,,,,,,,,,,,,,,,,
MA,85025,17 Cawfield St. - Whole Tandem Driveway spot,"17 Cawfield Street, Boston, MA, 02125",IN OPERATION,Daily&Monthly,1,1,Not Listed,,Not Listed,,Not Listed,,Not Listed,,"42.3201346,-71.0636867",,FIXED,Alp Kantar; Puspa Jelita,,,,,,,,,,,,,,,,,,,,,,,,,,,,,,,,,,,,,,,,,,,,,,,,,,,,,,,,,,,,,,,,,,,,,,,,,,,,,,,,,,,,,,,,,,,,,,,,,,,,,,,,,,,,,,,,,,,,,,,,,,,,,,,,,,,,
MA,46252,17 Iroquois St - Compact Only Spots,"17 Iroquois Street, Boston, MA 02120",IN OPERATION,Daily&Monthly,2,2,Not Listed,,Not Listed,,Not Listed,,Not Listed,,"42.3300138,-71.1038389",,FIXED,Alp Kantar; Puspa Jelita,Steep Access(inclined),Vehicles stuck and slippery driveway,,,,,,,,,,,,,,,,,,,,,,,,,,,,,,,,,,,,,,,,,,,,,,,,,,,,,,,,,,,,,,,,,,,,,,,,,,,,,,,,,,,,,,,,,,,,,,,,,,,,,,,,,,,,,,,,,,,,,,,,,,,,,,,,,,
MA,28101,17 Iroquois St. - Spot #5 Only,"17 Iroquois Street, Boston, MA 02120",IN OPERATION,Daily&Monthly,1,1,Not Listed,,Not Listed,,Not Listed,,Not Listed,,"42.3301092,-71.10356089999999",,FIXED,Alp Kantar; Puspa Jelita,Steep Access(inclined),Vehicles stuck and slippery driveway,,,,,,,,,,,,,,,,,,,,,,,,,,,,,,,,,,,,,,,,,,,,,,,,,,,,,,,,,,,,,,,,,,,,,,,,,,,,,,,,,,,,,,,,,,,,,,,,,,,,,,,,,,,,,,,,,,,,,,,,,,,,,,,,,,
MA,23225,17 Iroquois St. - Driveway Spot #10 Only,"17 Iroquois Street, Boston, MA 02120",IN OPERATION,Daily&Monthly,1,1,Not Listed,,Not Listed,,Not Listed,,Not Listed,,"42.3299508,-71.1035719",,FIXED,Alp Kantar; Puspa Jelita,Plain(Flat) Access,,,,,,,,,,,,,,,,,,,,,,,,,,,,,,,,,,,,,,,,,,,,,,,,,,,,,,,,,,,,,,,,,,,,,,,,,,,,,,,,,,,,,,,,,,,,,,,,,,,,,,,,,,,,,,,,,,,,,,,,,,,,,,,,,,,
MA,27276,17 Iroquois St. - Spot #6 or #7 Only,"17 Iroquois Street, Boston, MA 02120",IN OPERATION,Daily&Monthly,2,1,Not Listed,,Not Listed,,Not Listed,,Not Listed,,"42.3300138,-71.1038389",,FIXED,Alp Kantar; Puspa Jelita,Steep Access(inclined),Vehicles stuck and slippery driveway,,,,,,,,,,,,,,,,,,,,,,,,,,,,,,,,,,,,,,,,,,,,,,,,,,,,,,,,,,,,,,,,,,,,,,,,,,,,,,,,,,,,,,,,,,,,,,,,,,,,,,,,,,,,,,,,,,,,,,,,,,,,,,,,,,
MA,120635,"17 Raymond St. - Spots #1, 4 & 5 Only","17 Raymond Street, Boston, MA 02134",IN OPERATION,Daily&Monthly,3,2,Not Listed,,Not Listed,,Not Listed,,Not Listed,,"42.361417,-71.134417",,FIXED,Jasmine - Parking Boston Inc,,,,,,,,,,,,,,,,,,,,,,,,,,,,,,,,,,,,,,,,,,,,,,,,,,,,,,,,,,,,,,,,,,,,,,,,,,,,,,,,,,,,,,,,,,,,,,,,,,,,,,,,,,,,,,,,,,,,,,,,,,,,,,,,,,,,
MA,44899,"17 Sunset St. - Spots A, X, B, C, D, E or #3 Only","17 Sunset Street, Boston, MA 02120",IN OPERATION,Daily&Monthly,7,6,Listed,1,Not Listed,,Not Listed,,Not Listed,,"42.331194,-71.109056",,FIXED,Parking Boston Inc. - Jasmine Taylor,,,,,,,,,,,,,,,,,,,,,,,,,,,,,,,,,,,,,,,,,,,,,,,,,,,,,,,,,,,,,,,,,,,,,,,,,,,,,,,,,,,,,,,,,,,,,,,,,,,,,,,,,,,,,,,,,,,,,,,,,,,,,,,,,,,,
MA,74103,17 Symphony Rd. - Spot #2 Only,"17 Symphony Road Boston, MA, 02115",IN OPERATION,Events and Daily ONLY,1,N/A,Not Listed,,Not Listed,,Not Listed,,Not Listed,,"42.343111,-71.087361",,FIXED,"KEW Management, LLC- Daniel Karp",,,,,,,,,,,,,,,,,,,,,,,,,,,,,,,,,,,,,,,,,,,,,,,,,,,,,,,,,,,,,,,,,,,,,,,,,,,,,,,,,,,,,,,,,,,,,,,,,,,,,,,,,,,,,,,,,,,,,,,,,,,,,,,,,,,,
MA,124197,17 Verrill St. - Spots #1 or #2 Only,"17 Verrill Street Boston, MA, 02126",IN OPERATION,Daily&Monthly,2,1,Not Listed,,Not Listed,,Not Listed,,Not Listed,,"42.281528,-71.088806",,FIXED,Groma Property Management,,,,,,,,,,,,,,,,,,,,,,,,,,,,,,,,,,,,,,,,,,,,,,,,,,,,,,,,,,,,,,,,,,,,,,,,,,,,,,,,,,,,,,,,,,,,,,,,,,,,,,,,,,,,,,,,,,,,,,,,,,,,,,,,,,,,
IL,127599,17 W 35th St. - Spot #39 Only (ARCHIVED),"17 West 35th Street, Chicago, IL 60616",PERMANENTLY CLOSED,Daily Only,1,0,Not Listed,,Not Listed,,Not Listed,,Not Listed,,"41°49'49.6""N 87°37'38.2""W",,,Jessie Bolger,,,,,,,,,,,,,,,,,,,,,,,,,,,,,,,,,,,,,,,,,,,,,,,,,,,,,,,,,,,,,,,,,,,,,,,,,,,,,,,,,,,,,,,,,,,,,,,,,,,,,,,,,,,,,,,,,,,,,,,,,,,,,,,,,,,,
NY,,170-15 88 Ave. - Driveway Spot (ARCHIVED),"170-15 88th Avenue, Jamaica, NY, 11432",PERMANENTLY CLOSED,PERMANENTLY CLOSED,0,0,Not Listed,,Not Listed,,Not Listed,,Not Listed,,N/A,N/A,N/A,Tania M. Amador,,,,,,,,,,,,,,,,,,,,,,,,,,,,,,,,,,,,,,,,,,,,,,,,,,,,,,,,,,,,,,,,,,,,,,,,,,,,,,,,,,,,,,,,,,,,,,,,,,,,,,,,,,,,,,,,,,,,,,,,,,,,,,,,,,,,
TX,,1704 J B Jackson Jr. Blvd (ARCHIVED) ,"1704 J B Jackson Jr Blvd, Dallas, TX 75210",PERMANENTLY CLOSED,PERMANENTLY CLOSED,0,0,Not Listed,,Not Listed,,Not Listed,,Not Listed,,N/A,N/A,N/A,Carvin Thompson/ Tiffani Hampton ,,,,,,,,,,,,,,,,,,,,,,,,,,,,,,,,,,,,,,,,,,,,,,,,,,,,,,,,,,,,,,,,,,,,,,,,,,,,,,,,,,,,,,,,,,,,,,,,,,,,,,,,,,,,,,,,,,,,,,,,,,,,,,,,,,,,
CO ,,1710 Irving St. - Middle Spot Only (ARCHIVED),"1710 Irving Street Denver, CO, 80204",PERMANENTLY CLOSED,PERMANENTLY CLOSED,0,0,Not Listed,,Not Listed,,Not Listed,,Not Listed,,N/A,N/A,N/A,Tangent Capital Real Estate LLC,,,,,,,,,,,,,,,,,,,,,,,,,,,,,,,,,,,,,,,,,,,,,,,,,,,,,,,,,,,,,,,,,,,,,,,,,,,,,,,,,,,,,,,,,,,,,,,,,,,,,,,,,,,,,,,,,,,,,,,,,,,,,,,,,,,,
MA,140748,171 Trenton St. - Driveway Spot Only,"171 Trenton Street Boston, MA, 02128",IN OPERATION,Daily Only,1,N/A,Not Listed,,Not Listed,,Not Listed,,Not Listed,,N/A,N/A,,,,,,,,,,,,,,,,,,,,,,,,,,,,,,,,,,,,,,,,,,,,,,,,,,,,,,,,,,,,,,,,,,,,,,,,,,,,,,,,,,,,,,,,,,,,,,,,,,,,,,,,,,,,,,,,,,,,,,,,,,,,,,,,,,,,,,
MA,,1714 Beacon St. - Middle Spot (ARCHIVED),"1714 Beacon Street Brookline, MA, 02445",PERMANENTLY CLOSED,PERMANENTLY CLOSED,0,0,Not Listed,,Not Listed,,Not Listed,,Not Listed,,N/A,N/A,N/A,,,,,,,,,,,,,,,,,,,,,,,,,,,,,,,,,,,,,,,,,,,,,,,,,,,,,,,,,,,,,,,,,,,,,,,,,,,,,,,,,,,,,,,,,,,,,,,,,,,,,,,,,,,,,,,,,,,,,,,,,,,,,,,,,,,,,
MA,125717,1718 Massachusetts Ave. - Lot,"1718 Massachusetts Ave, Cambridge, MA 02138, USA",IN OPERATION,Daily&Monthly,12,9,Listed,1,Not Listed,,Listed,3,Not Listed,,"42.383833,-71.120083",,FIXED,"Harvard Square Holdings, LLC - Rachna D. Balakrishna",,,,,,,,,,,,,,,,,,,,,,,,,,,,,,,,,,,,,,,,,,,,,,,,,,,,,,,,,,,,,,,,,,,,,,,,,,,,,,,,,,,,,,,,,,,,,,,,,,,,,,,,,,,,,,,,,,,,,,,,,,,,,,,,,,,,
WASHINGTON DC,118291,1720 Newton St. - Spot #3 Only,"1720 Newton St NW, Washington, DC 20010",IN OPERATION,Daily Only,1,N/A,Not Listed,,Not Listed,,Not Listed,,Not Listed,,"38.933833,-77.040556",,70/30,James Lensen-Callas,,,,,,,,,,,,,,,,,,,,,,,,,,,,,,,,,,,,,,,,,,,,,,,,,,,,,,,,,,,,,,,,,,,,,,,,,,,,,,,,,,,,,,,,,,,,,,,,,,,,,,,,,,,,,,,,,,,,,,,,,,,,,,,,,,,,
CA,,1721 Berkeley Way - Carport #7 (ARCHIVED),"1721 Berkeley Way, Berkeley, CA, 94703",PERMANENTLY CLOSED,PERMANENTLY CLOSED,0,0,Not Listed,,Not Listed,,Not Listed,,Not Listed,,N/A,N/A,N/A,Baishan Yuan,,,,,,,,,,,,,,,,,,,,,,,,,,,,,,,,,,,,,,,,,,,,,,,,,,,,,,,,,,,,,,,,,,,,,,,,,,,,,,,,,,,,,,,,,,,,,,,,,,,,,,,,,,,,,,,,,,,,,,,,,,,,,,,,,,,,
WASHINGTON DC,134725,1722 Corcoran St. NW - Left Spot Only,"1722 Corcoran Street Northwest, Washington, DC, 20009",IN OPERATION,Daily Only,1,N/A,Not Listed,,Not Listed,,Not Listed,,Not Listed,,"38°54'41.6""N 77°02'19.1""W",,,John Channing Wickham,,,,,,,,,,,,,,,,,,,,,,,,,,,,,,,,,,,,,,,,,,,,,,,,,,,,,,,,,,,,,,,,,,,,,,,,,,,,,,,,,,,,,,,,,,,,,,,,,,,,,,,,,,,,,,,,,,,,,,,,,,,,,,,,,,,,
WASHINGTON DC,,1727 P St NW - Alley Left Spot (ARCHIVED),"1727 P Street Northwest, Washington, DC 20036",PERMANENTLY CLOSED,PERMANENTLY CLOSED,0,0,Not Listed,,Not Listed,,Not Listed,,Not Listed,,N/A,N/A,N/A,John ODonnell,,,,,,,,,,,,,,,,,,,,,,,,,,,,,,,,,,,,,,,,,,,,,,,,,,,,,,,,,,,,,,,,,,,,,,,,,,,,,,,,,,,,,,,,,,,,,,,,,,,,,,,,,,,,,,,,,,,,,,,,,,,,,,,,,,,,
MA,148000,1729 Commonwealth Ave. - Right Spot Only,"1729 Commonwealth Avenue, Boston, MA 02135",IN OPERATION,Daily Only,1,N/A,Not Listed,,Not Listed,,Not Listed,,Not Listed,,"42°20'31.7""N 71°08'56.6""W",,,,,,,,,,,,,,,,,,,,,,,,,,,,,,,,,,,,,,,,,,,,,,,,,,,,,,,,,,,,,,,,,,,,,,,,,,,,,,,,,,,,,,,,,,,,,,,,,,,,,,,,,,,,,,,,,,,,,,,,,,,,,,,,,,,,,,,
MA,130105,1730 Commonwealth Ave. - Spot #43 Only,"1730 Commonwealth Avenue Boston, MA, 02135",IN OPERATION,Daily Only,1,N/A,Not Listed,,Not Listed,,Not Listed,,Not Listed,,"42°20'26.4""N 71°08'52.5""W",N/A,,Laura Bedoya,,,,,,,,,,,,,,,,,,,,,,,,,,,,,,,,,,,,,,,,,,,,,,,,,,,,,,,,,,,,,,,,,,,,,,,,,,,,,,,,,,,,,,,,,,,,,,,,,,,,,,,,,,,,,,,,,,,,,,,,,,,,,,,,,,,,
WASHINGTON DC,25495,1737 1/2 Corcoran St. NW - Alley spots,"1737 1/2 Corcoran Street Northwest, Washington, DC 20009",IN OPERATION,Daily Only,2,N/A,Not Listed,,Not Listed,,Not Listed,,Not Listed,,"38.912167,-77.039917",,FIXED,Josh Sohn,,,,,,,,,,,,,,,,,,,,,,,,,,,,,,,,,,,,,,,,,,,,,,,,,,,,,,,,,,,,,,,,,,,,,,,,,,,,,,,,,,,,,,,,,,,,,,,,,,,,,,,,,,,,,,,,,,,,,,,,,,,,,,,,,,,,
IL,148191,1741 W Beach Ave. - Alley Spot,"1741 West Beach Avenue, Chicago, IL 60622",IN OPERATION,Events and Daily ONLY,1,N/A,Not Listed,,Not Listed,,Not Listed,,Not Listed,,"41°54'26.7""N 87°40'19.2""W",,,,,,,,,,,,,,,,,,,,,,,,,,,,,,,,,,,,,,,,,,,,,,,,,,,,,,,,,,,,,,,,,,,,,,,,,,,,,,,,,,,,,,,,,,,,,,,,,,,,,,,,,,,,,,,,,,,,,,,,,,,,,,,,,,,,,,,
IL,136406,1745 W Pierce Ave. - Right Spot Only,"1745 West Pierce Avenue, Chicago, IL 60622",IN OPERATION,Events and Daily ONLY,1,N/A,Not Listed,,Not Listed,,Not Listed,,Not Listed,,"41°54'34.0""N 87°40'18.7""W",,FIXED,,,,,,,,,,,,,,,,,,,,,,,,,,,,,,,,,,,,,,,,,,,,,,,,,,,,,,,,,,,,,,,,,,,,,,,,,,,,,,,,,,,,,,,,,,,,,,,,,,,,,,,,,,,,,,,,,,,,,,,,,,,,,,,,,,,,,
MD,119607,1748 Russell St. - Lot (ARCHIVED),"1748 Russell Street, Baltimore, MD 21230",PERMANENTLY CLOSED,PERMANENTLY CLOSED,0,0,Not Listed,,Not Listed,,Not Listed,,Not Listed,,N/A,N/A,N/A,Salman Jamal,,,,,,,,,,,,,,,,,,,,,,,,,,,,,,,,,,,,,,,,,,,,,,,,,,,,,,,,,,,,,,,,,,,,,,,,,,,,,,,,,,,,,,,,,,,,,,,,,,,,,,,,,,,,,,,,,,,,,,,,,,,,,,,,,,,,
MA,,175 Kent St. - Spot #41 (ARCHIVED),"175 Kent Street, Brookline, MA, 02446",PERMANENTLY CLOSED,PERMANENTLY CLOSED,0,0,Not Listed,,Not Listed,,Not Listed,,Not Listed,,N/A,N/A,N/A,Sven Lange,,,,,,,,,,,,,,,,,,,,,,,,,,,,,,,,,,,,,,,,,,,,,,,,,,,,,,,,,,,,,,,,,,,,,,,,,,,,,,,,,,,,,,,,,,,,,,,,,,,,,,,,,,,,,,,,,,,,,,,,,,,,,,,,,,,,
MA,125254,"175 River St - Parallel Spots #1 or #2 Only
","175 River St, Cambridge, MA 02139, USA",IN OPERATION,Daily Only,2,N/A,Not Listed,,Not Listed,,Not Listed,,Not Listed,,"42.3635,-71.11",,FIXED,Patel,,,,,,,,,,,,,,,,,,,,,,,,,,,,,,,,,,,,,,,,,,,,,,,,,,,,,,,,,,,,,,,,,,,,,,,,,,,,,,,,,,,,,,,,,,,,,,,,,,,,,,,,,,,,,,,,,,,,,,,,,,,,,,,,,,,,
MA,69648,175 Saint Botolph St. - Left Spot Only,"175 Saint Botolph Street, Boston, MA, 02115",IN OPERATION,Events and Daily ONLY,1,N/A,Not Listed,,Not Listed,,Not Listed,,Not Listed,,"42.343389,-71.083306",,FIXED,Bhavesh Shah,,,,,,,,,,,,,,,,,,,,,,,,,,,,,,,,,,,,,,,,,,,,,,,,,,,,,,,,,,,,,,,,,,,,,,,,,,,,,,,,,,,,,,,,,,,,,,,,,,,,,,,,,,,,,,,,,,,,,,,,,,,,,,,,,,,,
MA,125683,175 St. Botolph St. - Right Spot Only,"175 Saint Botolph Street, Boston, MA, 02115",IN OPERATION,Events and Daily ONLY,1,N/A,Not Listed,,Not Listed,,Not Listed,,Not Listed,,"42.343361,-71.083278",,FIXED,Yongming Liu,,,,,,,,,,,,,,,,,,,,,,,,,,,,,,,,,,,,,,,,,,,,,,,,,,,,,,,,,,,,,,,,,,,,,,,,,,,,,,,,,,,,,,,,,,,,,,,,,,,,,,,,,,,,,,,,,,,,,,,,,,,,,,,,,,,,
MA,21871,1751 Beacon St. - Spot #3 or #6,"1751 Beacon Street, Brookline, MA 02445",IN OPERATION,Daily&Monthly,2,2,Not Listed,,Not Listed,,Not Listed,,Not Listed,,"42.337806,-71.140833",,FIXED,Parking Boston Inc - Jasmine Taylor,,,,,,,,,,,,,,,,,,,,,,,,,,,,,,,,,,,,,,,,,,,,,,,,,,,,,,,,,,,,,,,,,,,,,,,,,,,,,,,,,,,,,,,,,,,,,,,,,,,,,,,,,,,,,,,,,,,,,,,,,,,,,,,,,,,,
MA,26259,1751 Beacon St.- Parallel Spot #1 or 2,"1751 Beacon Street, Brookline, MA 02445",IN OPERATION,Daily&Monthly,2,1,Not Listed,,Not Listed,,Not Listed,,Not Listed,,"42.337806,-71.140833",,FIXED,Parking Boston Solutions Inc.,,,,,,,,,,,,,,,,,,,,,,,,,,,,,,,,,,,,,,,,,,,,,,,,,,,,,,,,,,,,,,,,,,,,,,,,,,,,,,,,,,,,,,,,,,,,,,,,,,,,,,,,,,,,,,,,,,,,,,,,,,,,,,,,,,,,
MA,152881,176 Calumet St. - Spot C Only,"176 Calumet Street Boston, MA, 02120",IN OPERATION,Daily Only,1,N/A,Not Listed,,Not Listed,,Not Listed,,Not Listed,,"42°19'46.2""N 71°06'05.2""W
",,FIXED,Vivien Wu and Chi Ping Wu,,,,,,,,,,,,,,,,,,,,,,,,,,,,,,,,,,,,,,,,,,,,,,,,,,,,,,,,,,,,,,,,,,,,,,,,,,,,,,,,,,,,,,,,,,,,,,,,,,,,,,,,,,,,,,,,,,,,,,,,,,,,,,,,,,,,
MA,82287,178 W 8th St. - Right Garage Spot Only,"178 West 8th Street, Boston, MA, 02127",IN OPERATION,Daily&Monthly,1,1,Not Listed,,Not Listed,,Not Listed,,Not Listed,,"42.334083,-71.052278",Garage code: 3634,FIXED,Parking Boston Inc. - Jasmine Taylor,,,,,,,,,,,,,,,,,,,,,,,,,,,,,,,,,,,,,,,,,,,,,,,,,,,,,,,,,,,,,,,,,,,,,,,,,,,,,,,,,,,,,,,,,,,,,,,,,,,,,,,,,,,,,,,,,,,,,,,,,,,,,,,,,,,,
MA,85555,1789 Commonwealth Ave. - Driveway Spots,"1789 Commonwealth Avenue Boston, MA, 02135",IN OPERATION,Daily&Monthly,4,3,Not Listed,,Not Listed,,Not Listed,,Not Listed,,"42.340583,-71.151278",,FIXED,Parking Boston Inc. - Jasmine Taylor,,,,,,,,,,,,,,,,,,,,,,,,,,,,,,,,,,,,,,,,,,,,,,,,,,,,,,,,,,,,,,,,,,,,,,,,,,,,,,,,,,,,,,,,,,,,,,,,,,,,,,,,,,,,,,,,,,,,,,,,,,,,,,,,,,,,
MA,122615,179 Kent St. - Spot #46 Only,"179 Kent St, Brookline, MA 02446, USA",IN OPERATION,Events and Daily ONLY,1,N/A,Not Listed,,Not Listed,,Not Listed,,Not Listed,,"42.33763,-71.112716",,FIXED,Devon Richardson,,,,,,,,,,,,,,,,,,,,,,,,,,,,,,,,,,,,,,,,,,,,,,,,,,,,,,,,,,,,,,,,,,,,,,,,,,,,,,,,,,,,,,,,,,,,,,,,,,,,,,,,,,,,,,,,,,,,,,,,,,,,,,,,,,,,
MA,62388,179 St Botolph St. - Right Whole Tandem Spot,"179 Saint Botolph Street, Boston, MA, 02115",IN OPERATION,Events and Daily ONLY,1,N/A,Not Listed,,Not Listed,,Not Listed,,Not Listed,,"42.343278,-71.083417",DO NOT TOW - Tenant Truck 5EL249,FIXED,Parking Boston Inc. - Jasmine Taylor,,,,,,,,,,,,,,,,,,,,,,,,,,,,,,,,,,,,,,,,,,,,,,,,,,,,,,,,,,,,,,,,,,,,,,,,,,,,,,,,,,,,,,,,,,,,,,,,,,,,,,,,,,,,,,,,,,,,,,,,,,,,,,,,,,,,
CA ,64830,1798 Walnut St. - Driveway Spot,"1798 Walnut Street Berkeley, CA, 94709",IN OPERATION,Daily Only,1,N/A,Not Listed,,Not Listed,,Not Listed,,Not Listed,,"37.8751307,-122.2678783",,FIXED,Mansor Shokohi,,,,,,,,,,,,,,,,,,,,,,,,,,,,,,,,,,,,,,,,,,,,,,,,,,,,,,,,,,,,,,,,,,,,,,,,,,,,,,,,,,,,,,,,,,,,,,,,,,,,,,,,,,,,,,,,,,,,,,,,,,,,,,,,,,,,
MA,122943,18 Centre St. - Spot P Only,"18 Centre Street, Cambridge, MA 02139",IN OPERATION,Daily Only,1,N/A,Not Listed,,Not Listed,,Not Listed,,Not Listed,,"42.369389,-71.109583",,FIXED,Parking Boston Inc. - Jasmine Taylor,,,,,,,,,,,,,,,,,,,,,,,,,,,,,,,,,,,,,,,,,,,,,,,,,,,,,,,,,,,,,,,,,,,,,,,,,,,,,,,,,,,,,,,,,,,,,,,,,,,,,,,,,,,,,,,,,,,,,,,,,,,,,,,,,,,,
MA,116739,"18 Clary St. - Spots #5, 6, or 7 Only","18 Clary St, Cambridge, MA 02139, USA",IN OPERATION,Daily&Monthly,3,2,Not Listed,,Not Listed,,Not Listed,,Not Listed,,"42.373833,-71.098417",,FIXED,Parking Boston Inc. - Jasmine Taylor,,,,,,,,,,,,,,,,,,,,,,,,,,,,,,,,,,,,,,,,,,,,,,,,,,,,,,,,,,,,,,,,,,,,,,,,,,,,,,,,,,,,,,,,,,,,,,,,,,,,,,,,,,,,,,,,,,,,,,,,,,,,,,,,,,,,
MA,44668,18 Fiske Pl. - Parallel Spot #1 or #2 Only,"18 Fiske Place, Cambridge, MA 02139",IN OPERATION,Daily Only,2,0,Not Listed,,Not Listed,,Not Listed,,Not Listed,,N/A,N/A,N/A,Parking Boston Inc. - Jasmine Taylor,,,,,,,,,,,,,,,,,,,,,,,,,,,,,,,,,,,,,,,,,,,,,,,,,,,,,,,,,,,,,,,,,,,,,,,,,,,,,,,,,,,,,,,,,,,,,,,,,,,,,,,,,,,,,,,,,,,,,,,,,,,,,,,,,,,,
MA,144614,18 Holyoke St. - Spot #2 Only,"18 Holyoke Street Boston, MA, 02116",IN OPERATION,Daily Only,1,,Not Listed,,Not Listed,,Not Listed,,Not Listed,,"42°20'40.1""N 71°04'41.4""W",,,,,,,,,,,,,,,,,,,,,,,,,,,,,,,,,,,,,,,,,,,,,,,,,,,,,,,,,,,,,,,,,,,,,,,,,,,,,,,,,,,,,,,,,,,,,,,,,,,,,,,,,,,,,,,,,,,,,,,,,,,,,,,,,,,,,,,
MA,45923,18 S Huntington Ave. - Left Spot Only,"18 South Huntington Avenue, Boston, MA 02115",IN OPERATION,Events and Daily ONLY,1,N/A,Not Listed,,Not Listed,,Not Listed,,Not Listed,,"42.331639,-71.111389",,FIXED,Parking Boston Inc. - Jasmine Taylor,,,,,,,,,,,,,,,,,,,,,,,,,,,,,,,,,,,,,,,,,,,,,,,,,,,,,,,,,,,,,,,,,,,,,,,,,,,,,,,,,,,,,,,,,,,,,,,,,,,,,,,,,,,,,,,,,,,,,,,,,,,,,,,,,,,,
MA,26257,"180 Saint Paul St. - Spot #1, 3 or 5 ONLY","180 Saint Paul Street, Brookline, MA 02446",IN OPERATION,Daily Monthly & Event,3,2,Not Listed,,Not Listed,,Not Listed,,Not Listed,,"42.343778,-71.117639",,FIXED,Parking Boston Inc. - Jasmine Taylor,,,,,,,,,,,,,,,,,,,,,,,,,,,,,,,,,,,,,,,,,,,,,,,,,,,,,,,,,,,,,,,,,,,,,,,,,,,,,,,,,,,,,,,,,,,,,,,,,,,,,,,,,,,,,,,,,,,,,,,,,,,,,,,,,,,,
MA,26258,180 Saint Paul St. - Parallel Spot #6 Only,"180 Saint Paul Street, Brookline, MA 02446",IN OPERATION,Events and Daily ONLY,1,N/A,Not Listed,,Not Listed,,Not Listed,,Not Listed,,"42.343778,-71.117639",,FIXED,Parking Boston Inc. - Jasmine Taylor,,,,,,,,,,,,,,,,,,,,,,,,,,,,,,,,,,,,,,,,,,,,,,,,,,,,,,,,,,,,,,,,,,,,,,,,,,,,,,,,,,,,,,,,,,,,,,,,,,,,,,,,,,,,,,,,,,,,,,,,,,,,,,,,,,,,
MA,136587,1805 Beacon St. - Spot #12 Only,"1805 Beacon Street, Brookline, MA 02445",IN OPERATION,Daily Only,1,N/A,Not Listed,,Not Listed,,Not Listed,,Not Listed,,"42°20'14.1""N 71°08'37.0""W",,,,,,,,,,,,,,,,,,,,,,,,,,,,,,,,,,,,,,,,,,,,,,,,,,,,,,,,,,,,,,,,,,,,,,,,,,,,,,,,,,,,,,,,,,,,,,,,,,,,,,,,,,,,,,,,,,,,,,,,,,,,,,,,,,,,,,,
WASHINGTON DC,88924,1810 9th St. NW - Right Spot Only,"1810 9th Street Northwest, Washington, DC, 20001",IN OPERATION,Daily Only,1,N/A,Not Listed,,Not Listed,,Not Listed,,Not Listed,,"38.914444,-77.0245",,FIXED,"City Center Solutions, LLC",,,,,,,,,,,,,,,,,,,,,,,,,,,,,,,,,,,,,,,,,,,,,,,,,,,,,,,,,,,,,,,,,,,,,,,,,,,,,,,,,,,,,,,,,,,,,,,,,,,,,,,,,,,,,,,,,,,,,,,,,,,,,,,,,,,,
IL,127464,1810 W Haddon Ave. - Left Spot Only,"1810 West Haddon Avenue, Chicago, IL 60622",IN OPERATION,Daily Only,1,N/A,Not Listed,,Not Listed,,Not Listed,,Not Listed,,"41°54'09.6""N 87°40'22.5""W",,,Vincent Panico,,,,,,,,,,,,,,,,,,,,,,,,,,,,,,,,,,,,,,,,,,,,,,,,,,,,,,,,,,,,,,,,,,,,,,,,,,,,,,,,,,,,,,,,,,,,,,,,,,,,,,,,,,,,,,,,,,,,,,,,,,,,,,,,,,,,
MA,103738,182 Allston St. - Parallel Spots #37 or 45 Only,"182 Allston Street, Boston, MA, 02134",IN OPERATION,Events and Daily ONLY,2,N/A,Not Listed,,Not Listed,,Not Listed,,Not Listed,,"42.346806,-71.137556",,FIXED,Susan Zappone,,,,,,,,,,,,,,,,,,,,,,,,,,,,,,,,,,,,,,,,,,,,,,,,,,,,,,,,,,,,,,,,,,,,,,,,,,,,,,,,,,,,,,,,,,,,,,,,,,,,,,,,,,,,,,,,,,,,,,,,,,,,,,,,,,,,
WASHINGTON DC,,1822 Vernon St. NW - Spot #1 (ARCHIVED),"1822 Vernon Street Northwest Washington, DC, 20009",PERMANENTLY CLOSED,PERMANENTLY CLOSED,0,0,Not Listed,,Not Listed,,Not Listed,,Not Listed,,N/A,N/A,N/A,,,,,,,,,,,,,,,,,,,,,,,,,,,,,,,,,,,,,,,,,,,,,,,,,,,,,,,,,,,,,,,,,,,,,,,,,,,,,,,,,,,,,,,,,,,,,,,,,,,,,,,,,,,,,,,,,,,,,,,,,,,,,,,,,,,,,
IL,,1825 N Washtenaw Ave. - Right Spot (ARCHIVED),"1825 North Washtenaw Avenue Chicago, IL, 60647",PERMANENTLY CLOSED,PERMANENTLY CLOSED,0,0,Not Listed,,Not Listed,,Not Listed,,Not Listed,,"41°54'53.0""N 87°41'38.7""W",,FIXED,Mark Anderson,,,,,,,,,,,,,,,,,,,,,,,,,,,,,,,,,,,,,,,,,,,,,,,,,,,,,,,,,,,,,,,,,,,,,,,,,,,,,,,,,,,,,,,,,,,,,,,,,,,,,,,,,,,,,,,,,,,,,,,,,,,,,,,,,,,,
MA,,183 Saint Botolph St. - Spot #1 (ARCHIVED),"183 Saint Botolph Street Boston, MA, 02115",PERMANENTLY CLOSED,PERMANENTLY CLOSED,0,0,Not Listed,,Not Listed,,Not Listed,,Not Listed,,N/A,N/A,N/A,,,,,,,,,,,,,,,,,,,,,,,,,,,,,,,,,,,,,,,,,,,,,,,,,,,,,,,,,,,,,,,,,,,,,,,,,,,,,,,,,,,,,,,,,,,,,,,,,,,,,,,,,,,,,,,,,,,,,,,,,,,,,,,,,,,,,
MA,26789,183 Saint Botolph St. - Spot #1 or 2,"183 Saint Botolph Street, Boston, MA 02115",IN OPERATION,Events and Daily ONLY,2,N/A,Not Listed,,Not Listed,,Not Listed,,Not Listed,,"42.343194,-71.0835",,FIXED,BSA Management Inc,,,,,,,,,,,,,,,,,,,,,,,,,,,,,,,,,,,,,,,,,,,,,,,,,,,,,,,,,,,,,,,,,,,,,,,,,,,,,,,,,,,,,,,,,,,,,,,,,,,,,,,,,,,,,,,,,,,,,,,,,,,,,,,,,,,,
WASHINGTON DC,88923,"1839 5th St. NW - Spots #1, #2 or #3 Only","1839 5th Street Northwest, Washington, DC, 20001",IN OPERATION,Daily&Monthly,3,2,Not Listed,,Not Listed,,Not Listed,,Not Listed,,"38.915333,-77.018167",,FIXED,Michael Weisskopf,,,,,,,,,,,,,,,,,,,,,,,,,,,,,,,,,,,,,,,,,,,,,,,,,,,,,,,,,,,,,,,,,,,,,,,,,,,,,,,,,,,,,,,,,,,,,,,,,,,,,,,,,,,,,,,,,,,,,,,,,,,,,,,,,,,,
MA,128060,184 Allston St - Spot #1 Only,"184 Allston Street, Boston, MA 02134",IN OPERATION,Daily Only,1,N/A,Not Listed,,Not Listed,,Not Listed,,Not Listed,,"42°20'49.1""N 71°08'18.3""W",,,Andy Shiu ,,,,,,,,,,,,,,,,,,,,,,,,,,,,,,,,,,,,,,,,,,,,,,,,,,,,,,,,,,,,,,,,,,,,,,,,,,,,,,,,,,,,,,,,,,,,,,,,,,,,,,,,,,,,,,,,,,,,,,,,,,,,,,,,,,,,
MA,58296,184 Beacon St. - Alley Spot,"184 Beacon Street Boston, MA, 02116",IN OPERATION,Events and Daily ONLY,1,N/A,Not Listed,,Not Listed,,Not Listed,,Not Listed,,"42°21'16.7""N 71°04'38.2""W",,FIXED,Parking Boston Inc. - Jasmine Taylor,,,,,,,,,,,,,,,,,,,,,,,,,,,,,,,,,,,,,,,,,,,,,,,,,,,,,,,,,,,,,,,,,,,,,,,,,,,,,,,,,,,,,,,,,,,,,,,,,,,,,,,,,,,,,,,,,,,,,,,,,,,,,,,,,,,,
MA,44898,"185 Sydney St. - Spot #1, #2 or #3 Only","185 Sydney Street Boston, MA, 02125",IN OPERATION,Daily&Monthly,3,3,Not Listed,,Not Listed,,Not Listed,,Not Listed,,"42.3178973,-71.0525755",,FIXED,Alp Kantar; Puspa Jelita,,,,,,,,,,,,,,,,,,,,,,,,,,,,,,,,,,,,,,,,,,,,,,,,,,,,,,,,,,,,,,,,,,,,,,,,,,,,,,,,,,,,,,,,,,,,,,,,,,,,,,,,,,,,,,,,,,,,,,,,,,,,,,,,,,,,
IL,100339,1850 - 1856 W Walnut St.,"1850-1856 W Walnut St, Chicago, IL 60612, USA",IN OPERATION,Daily Monthly & Event,28,20,Listed,0,Listed,2,Listed,1,Not Listed,,"41.886259,-87.673911","Access code: 0581, then press the red arrow button.
Please note: The gate closes automatically within 30–40 seconds.

To enter the gate: Enter the code, then press the ‘LEFT ARROW’ button.

To exit the gate after parking or retrieving your vehicle: Do not enter the code—simply press the ‘LEFT ARROW’ button. If the left arrow does not work, try the right arrow.

Note: If the gate does not respond the first time, wait 30 seconds to 1 minute for it to reset, then follow the instructions again.",FIXED,Raphael Garcia,,,,,,,,,,,,,,,,,,,,,,,,,,,,,,,,,,,,,,,,,,,,,,,,,,,,,,,,,,,,,,,,,,,,,,,,,,,,,,,,,,,,,,,,,,,,,,,,,,,,,,,,,,,,,,,,,,,,,,,,,,,,,,,,,,,,
IL,100409,1850 - 1856 W Walnut St. (Scan2Pay),"1850-1856 W Walnut St, Chicago, IL 60612, USA",IN OPERATION,Events and Daily ONLY,5,0,Not Listed,,Not Listed,,Not Listed,,Not Listed,,"41.886259,-87.673911",gate code: 0581,FIXED,Raphael Garcia,,,,,,,,,,,,,,,,,,,,,,,,,,,,,,,,,,,,,,,,,,,,,,,,,,,,,,,,,,,,,,,,,,,,,,,,,,,,,,,,,,,,,,,,,,,,,,,,,,,,,,,,,,,,,,,,,,,,,,,,,,,,,,,,,,,,
IL,,1851 W Dickens Ave. - Right Spot Only (ARCHIVED),"1851 W Dickens Avenue, Chicago, IL 60614, USA",PERMANENTLY CLOSED,PERMANENTLY CLOSED,0,0,Not Listed,,Not Listed,,Not Listed,,Not Listed,,"41.919194,-87.674806",,70/30,Stephen Muller,,,,,,,,,,,,,,,,,,,,,,,,,,,,,,,,,,,,,,,,,,,,,,,,,,,,,,,,,,,,,,,,,,,,,,,,,,,,,,,,,,,,,,,,,,,,,,,,,,,,,,,,,,,,,,,,,,,,,,,,,,,,,,,,,,,,
IL,,1851 W Dickens Ave. - Left Spot Only (ARCHIVED) ,"1851 West Dickens Avenue, Chicago, IL 60614",PERMANENTLY CLOSED,PERMANENTLY CLOSED,0,0,Not Listed,,Not Listed,,Not Listed,,Not Listed,,N/A,N/A,FIXED,Stephen Muller,,,,,,,,,,,,,,,,,,,,,,,,,,,,,,,,,,,,,,,,,,,,,,,,,,,,,,,,,,,,,,,,,,,,,,,,,,,,,,,,,,,,,,,,,,,,,,,,,,,,,,,,,,,,,,,,,,,,,,,,,,,,,,,,,,,,
WASHINGTON DC,,1860 Park Rd. NW - Compact Car - Spot #3 (ARCHIVED),"1860 Park Road Northwest Washington, DC, 20010",PERMANENTLY CLOSED,PERMANENTLY CLOSED,0,0,Not Listed,,Not Listed,,Not Listed,,Not Listed,,N/A,N/A,N/A,,,,,,,,,,,,,,,,,,,,,,,,,,,,,,,,,,,,,,,,,,,,,,,,,,,,,,,,,,,,,,,,,,,,,,,,,,,,,,,,,,,,,,,,,,,,,,,,,,,,,,,,,,,,,,,,,,,,,,,,,,,,,,,,,,,,,
MA,85029,1895 Beacon St. - Parallel Spot,"1895 Beacon Street Brookline, MA, 02445",IN OPERATION,Daily Only,1,N/A,Not Listed,,Not Listed,,Not Listed,,Not Listed,,"42.336117, -71.147219",,FIXED,Igor Stelin,,,,,,,,,,,,,,,,,,,,,,,,,,,,,,,,,,,,,,,,,,,,,,,,,,,,,,,,,,,,,,,,,,,,,,,,,,,,,,,,,,,,,,,,,,,,,,,,,,,,,,,,,,,,,,,,,,,,,,,,,,,,,,,,,,,,
MA,95988,19 Cumberland St. - Right or Left Whole Tandem Spots Only,"19 Cumberland St, Boston, MA 02115, USA",IN OPERATION,Events and Daily ONLY,2,N/A,Not Listed,,Not Listed,,Not Listed,,Not Listed,,"42.343194,-71.082028",,FIXED,Cabot and Company-Justin Ashley,,Thick ice,,,,,,,,,,,,,,,,,,,,,,,,,,,,,,,,,,,,,,,,,,,,,,,,,,,,,,,,,,,,,,,,,,,,,,,,,,,,,,,,,,,,,,,,,,,,,,,,,,,,,,,,,,,,,,,,,,,,,,,,,,,,,,,,,,
MA,132254,19 Downer Ave. - Spot #3 Only,"19 Downer Avenue, Boston, MA 02125",IN OPERATION,Daily Only,1,N/A,Not Listed,,Not Listed,,Not Listed,,Not Listed,,"42°18'40.9""N 71°03'37.7""W",,FIXED,Roost Living LLC,,,,,,,,,,,,,,,,,,,,,,,,,,,,,,,,,,,,,,,,,,,,,,,,,,,,,,,,,,,,,,,,,,,,,,,,,,,,,,,,,,,,,,,,,,,,,,,,,,,,,,,,,,,,,,,,,,,,,,,,,,,,,,,,,,,,
MA,51993,"19 Eastman St. - Spot #1, 3, 4 or 5 Only","19 Eastman Street, Boston, MA 02125",IN OPERATION,Daily&Monthly,4,3,Listed,2,Not Listed,,Not Listed,,Not Listed,,"42.31975,-71.063694",,FIXED,Alp Kantar; Puspa Jelita,,,,,,,,,,,,,,,,,,,,,,,,,,,,,,,,,,,,,,,,,,,,,,,,,,,,,,,,,,,,,,,,,,,,,,,,,,,,,,,,,,,,,,,,,,,,,,,,,,,,,,,,,,,,,,,,,,,,,,,,,,,,,,,,,,,,
MA,24639,19 Egremont Rd. - Parallel Spots #1 or 2,"19 Egremont Road, Boston, MA 02135",IN OPERATION,Daily&Monthly,2,1,Not Listed,,Not Listed,,Not Listed,,Not Listed,,"42.341028,-71.143722",,FIXED,Michael Sanieoff,,,,,,,,,,,,,,,,,,,,,,,,,,,,,,,,,,,,,,,,,,,,,,,,,,,,,,,,,,,,,,,,,,,,,,,,,,,,,,,,,,,,,,,,,,,,,,,,,,,,,,,,,,,,,,,,,,,,,,,,,,,,,,,,,,,,
MA,20544,"19 Egremont Rd. - Spots #4, 5 or #6 only","19 Egremont Road, Boston, MA 02135",IN OPERATION,Daily&Monthly,3,2,Not Listed,,Not Listed,,Not Listed,,Not Listed,,"42.341028,-71.143722",,FIXED,Michael Sanieoff,,,,,,,,,,,,,,,,,,,,,,,,,,,,,,,,,,,,,,,,,,,,,,,,,,,,,,,,,,,,,,,,,,,,,,,,,,,,,,,,,,,,,,,,,,,,,,,,,,,,,,,,,,,,,,,,,,,,,,,,,,,,,,,,,,,,
MA,45790,19 Locust St - Spot #1 or 2 Only,"19 Locust Street, Boston, MA 02125",IN OPERATION,Daily&Monthly,2,2,Not Listed,,Not Listed,,Not Listed,,Not Listed,,N/A,N/A,N/A,Alp Kantar; Puspa Jelita,,,,,,,,,,,,,,,,,,,,,,,,,,,,,,,,,,,,,,,,,,,,,,,,,,,,,,,,,,,,,,,,,,,,,,,,,,,,,,,,,,,,,,,,,,,,,,,,,,,,,,,,,,,,,,,,,,,,,,,,,,,,,,,,,,,,
MA,45769,19 Locust St - Whole Tandem Parking Row,"19 Locust Street, Boston, MA 02125",IN OPERATION,Daily&Monthly,1,1,Not Listed,,Not Listed,,Not Listed,,Not Listed,,"42.323194,-71.055944",,FIXED,Alp Kantar; Puspa Jelita,,,,,,,,,,,,,,,,,,,,,,,,,,,,,,,,,,,,,,,,,,,,,,,,,,,,,,,,,,,,,,,,,,,,,,,,,,,,,,,,,,,,,,,,,,,,,,,,,,,,,,,,,,,,,,,,,,,,,,,,,,,,,,,,,,,,
MA,134497,"19 Perrin St. - Spots #1, 2, 3, 4, 5 or #6 Only","19 Perrin St, Boston, MA 02119, USA",IN OPERATION,Daily&Monthly,6,5,Listed,1,Not Listed,,Not Listed,,Not Listed,,"42°19'21.6""N 71°04'41.5""W",,,Groma Property Management ,,,,,,,,,,,,,,,,,,,,,,,,,,,,,,,,,,,,,,,,,,,,,,,,,,,,,,,,,,,,,,,,,,,,,,,,,,,,,,,,,,,,,,,,,,,,,,,,,,,,,,,,,,,,,,,,,,,,,,,,,,,,,,,,,,,,
MA,20281,19 Putnam Ave. - Compact Car,"19 Putnam Avenue, Cambridge, MA 02139",IN OPERATION,Events and Daily ONLY,1,N/A,Not Listed,,Not Listed,,Not Listed,,Not Listed,,"42.3694582,-71.1134271",,FIXED,Patel,,,,,,,,,,,,,,,,,,,,,,,,,,,,,,,,,,,,,,,,,,,,,,,,,,,,,,,,,,,,,,,,,,,,,,,,,,,,,,,,,,,,,,,,,,,,,,,,,,,,,,,,,,,,,,,,,,,,,,,,,,,,,,,,,,,,
MA,22360,19 Putnam Ave. - Left or Right Garage,"19 Putnam Avenue, Cambridge, MA 02139",IN OPERATION,Events and Daily ONLY,2,N/A,Not Listed,,Not Listed,,Not Listed,,Not Listed,,"42.369483,-71.113503",,FIXED,Patel,,,,,,,,,,,,,,,,,,,,,,,,,,,,,,,,,,,,,,,,,,,,,,,,,,,,,,,,,,,,,,,,,,,,,,,,,,,,,,,,,,,,,,,,,,,,,,,,,,,,,,,,,,,,,,,,,,,,,,,,,,,,,,,,,,,,
MA,108392,19 Wallingford Rd. - Left Spot Only,"19 Wallingford Rd, Brighton, MA 02135, USA",IN OPERATION,Daily Only,1,N/A,Not Listed,,Not Listed,,Not Listed,,Not Listed,,"42.341722,-71.151139",,FIXED,Bee Keng Yeo,,,,,,,,,,,,,,,,,,,,,,,,,,,,,,,,,,,,,,,,,,,,,,,,,,,,,,,,,,,,,,,,,,,,,,,,,,,,,,,,,,,,,,,,,,,,,,,,,,,,,,,,,,,,,,,,,,,,,,,,,,,,,,,,,,,,
MA,,19 Worcester Square - Spot #193 Only (ARCHIVED) ,"19 Worcester Square, Boston, MA 02118",PERMANENTLY CLOSED,PERMANENTLY CLOSED,0,0,Not Listed,,Not Listed,,Not Listed,,Not Listed,,"42.336411,-71.074887",,FIXED,Gary Reynolds,,,,,,,,,,,,,,,,,,,,,,,,,,,,,,,,,,,,,,,,,,,,,,,,,,,,,,,,,,,,,,,,,,,,,,,,,,,,,,,,,,,,,,,,,,,,,,,,,,,,,,,,,,,,,,,,,,,,,,,,,,,,,,,,,,,,
WASHINGTON DC,,1900 T St. NW - Compact Car Spot (Archived),"1900 T Street Northwest Washington, DC, 20009",PERMANENTLY CLOSED,PERMANENTLY CLOSED,0,0,Not Listed,,Not Listed,,Not Listed,,Not Listed,,N/A,N/A,N/A,,,,,,,,,,,,,,,,,,,,,,,,,,,,,,,,,,,,,,,,,,,,,,,,,,,,,,,,,,,,,,,,,,,,,,,,,,,,,,,,,,,,,,,,,,,,,,,,,,,,,,,,,,,,,,,,,,,,,,,,,,,,,,,,,,,,,
WASHINGTON DC,97203,1904 4th St. NE - Spot #1 Only,1904 4th St NE Washington DC 20002,IN OPERATION,Daily Only,1,N/A,Not Listed,,Not Listed,,Not Listed,,Not Listed,,"38.915806,-77.001028",,70/30,Anthony Law,,,,,,,,,,,,,,,,,,,,,,,,,,,,,,,,,,,,,,,,,,,,,,,,,,,,,,,,,,,,,,,,,,,,,,,,,,,,,,,,,,,,,,,,,,,,,,,,,,,,,,,,,,,,,,,,,,,,,,,,,,,,,,,,,,,,
MA,20194,1905 Beacon St. - Spot F2 or F3 Only,"1905 Beacon Street, Brookline, MA 02445",IN OPERATION,Daily&Monthly,2,2,Not Listed,,Not Listed,,Not Listed,,Not Listed,,"42.336194,-71.146972",,FIXED,Farah/ Ezra Sanieoff,,,,,,,,,,,,,,,,,,,,,,,,,,,,,,,,,,,,,,,,,,,,,,,,,,,,,,,,,,,,,,,,,,,,,,,,,,,,,,,,,,,,,,,,,,,,,,,,,,,,,,,,,,,,,,,,,,,,,,,,,,,,,,,,,,,,
MA,,1905 Beacon St. - Spot #F3 (ARCHIVED) ,"1905 Beacon Street, Brookline, MA 02445",PERMANENTLY CLOSED,PERMANENTLY CLOSED,0,0,Not Listed,,Not Listed,,Not Listed,,Not Listed,,N/A,N/A,N/A,Farah/ Ezra Sanieoff,,,,,,,,,,,,,,,,,,,,,,,,,,,,,,,,,,,,,,,,,,,,,,,,,,,,,,,,,,,,,,,,,,,,,,,,,,,,,,,,,,,,,,,,,,,,,,,,,,,,,,,,,,,,,,,,,,,,,,,,,,,,,,,,,,,,
MA,44766,1905 Beacon St. - Spot B1 or B5,"1905 Beacon Street, Brookline, MA 02445",IN OPERATION,Daily&Monthly,2,1,Not Listed,,Not Listed,,Not Listed,,Not Listed,,"42.336194,-71.146972",,FIXED,Farah/Ezra Sanieoff,,,,,,,,,,,,,,,,,,,,,,,,,,,,,,,,,,,,,,,,,,,,,,,,,,,,,,,,,,,,,,,,,,,,,,,,,,,,,,,,,,,,,,,,,,,,,,,,,,,,,,,,,,,,,,,,,,,,,,,,,,,,,,,,,,,,
WASHINGTON DC,,1905 S St. NW - Right Spot Only (ARCHIVED),"1905 S Street Northwest, Washington, DC 20009",PERMANENTLY CLOSED,Daily Only,0,0,Not Listed,,Not Listed,,Not Listed,,Not Listed,,"38.91447264984626, -77.04377000943381",,,John O'Donnell,,,,,,,,,,,,,,,,,,,,,,,,,,,,,,,,,,,,,,,,,,,,,,,,,,,,,,,,,,,,,,,,,,,,,,,,,,,,,,,,,,,,,,,,,,,,,,,,,,,,,,,,,,,,,,,,,,,,,,,,,,,,,,,,,,,,
IL,17608,"1907 N Milwaukee Ave. - Spots #10, 11A, or 11 B Only","1907 North Milwaukee Avenue, Chicago, IL 60647",IN OPERATION,Daily Only,3,N/A,Not Listed,,Listed,1,Not Listed,,Not Listed,,"41.916167,-87.685889",,FIXED,"Matanky Realty Group, Inc.",,,,,,,,,,,,,,,,,,,,,,,,,,,,,,,,,,,,,,,,,,,,,,,,,,,,,,,,,,,,,,,,,,,,,,,,,,,,,,,,,,,,,,,,,,,,,,,,,,,,,,,,,,,,,,,,,,,,,,,,,,,,,,,,,,,,
MA,61068,191 Kent St. - Spot #1,"191 Kent Street Brookline, MA, 02446",IN OPERATION,Events and Daily ONLY,1,N/A,Not Listed,,Not Listed,,Not Listed,,Not Listed,,"42°20'15.0""N 71°06'45.0""W",,FIXED,Parking Boston Inc. - Jasmine Taylor,,,,,,,,,,,,,,,,,,,,,,,,,,,,,,,,,,,,,,,,,,,,,,,,,,,,,,,,,,,,,,,,,,,,,,,,,,,,,,,,,,,,,,,,,,,,,,,,,,,,,,,,,,,,,,,,,,,,,,,,,,,,,,,,,,,,
MA,51696,191 Kent St. - Spots #64 or #65,"191 Kent Street, Brookline, MA 02446",IN OPERATION,Daily Monthly & Event,2,1,Not Listed,,Not Listed,,Not Listed,,Not Listed,,"42°20'15.0""N 71°06'45.0""W",,FIXED,Parking Boston Inc. - Jasmine Taylor,,,,,,,,,,,,,,,,,,,,,,,,,,,,,,,,,,,,,,,,,,,,,,,,,,,,,,,,,,,,,,,,,,,,,,,,,,,,,,,,,,,,,,,,,,,,,,,,,,,,,,,,,,,,,,,,,,,,,,,,,,,,,,,,,,,,
WASHINGTON DC,99711,1910 8th St. NW - Alley Spot,"1910 8th Street Northwest, Washington, DC, 20001",IN OPERATION,Daily Only,1,N/A,Not Listed,,Not Listed,,Not Listed,,Not Listed,,"38.915972,-77.023444",,FIXED,David Ancona-Cole,,,,,,,,,,,,,,,,,,,,,,,,,,,,,,,,,,,,,,,,,,,,,,,,,,,,,,,,,,,,,,,,,,,,,,,,,,,,,,,,,,,,,,,,,,,,,,,,,,,,,,,,,,,,,,,,,,,,,,,,,,,,,,,,,,,,
IL,129644,"1912 W Division St. - Spots #4, #5, #6, #7 or #8 Only","1912 W Division St, Chicago, IL 60622, USA",IN OPERATION,Daily&Monthly,5,4,Not Listed,,Listed,2,Not Listed,,Not Listed,,"41°54'12.0""N 87°40'31.4""W",,,Angelo Laskaris-landlord/George,,,,,,,,,,,,,,,,,,,,,,,,,,,,,,,,,,,,,,,,,,,,,,,,,,,,,,,,,,,,,,,,,,,,,,,,,,,,,,,,,,,,,,,,,,,,,,,,,,,,,,,,,,,,,,,,,,,,,,,,,,,,,,,,,,,,
WASHINGTON DC,77733,"1920 10th St. NW - Spot #1, 2, or 3 Only","1920 10th Street Northwest, Washington, DC, 20001",IN OPERATION,Daily Only,3,N/A,Not Listed,,Not Listed,,Not Listed,,Not Listed,,"38.916278,-77.0265",,FIXED,"Gary Cohen -GC U Street, LLC",,,,,,,,,,,,,,,,,,,,,,,,,,,,,,,,,,,,,,,,,,,,,,,,,,,,,,,,,,,,,,,,,,,,,,,,,,,,,,,,,,,,,,,,,,,,,,,,,,,,,,,,,,,,,,,,,,,,,,,,,,,,,,,,,,,,
CO ,118884,"1920 S Broadway - Spots #12, 13, 14, 15, 16, 17, 18, 19 or 20 Only","1920 S Broadway, Denver, CO 80210, USA",IN OPERATION,Daily&Monthly,9,8,Listed,5,Listed,3,Listed,3,Not Listed,,"39.681639,-104.987444",,70/30,"Jam Space, LLC",,,,,,,,,,,,,,,,,,,,,,,,,,,,,,,,,,,,,,,,,,,,,,,,,,,,,,,,,,,,,,,,,,,,,,,,,,,,,,,,,,,,,,,,,,,,,,,,,,,,,,,,,,,,,,,,,,,,,,,,,,,,,,,,,,,,
MA,42324,19-21 A St. - Lot,"19 A Street, Boston, MA 02127",IN OPERATION,Daily&Monthly,11,10,Listed,1,Not Listed,,Listed,2,Not Listed,,"42.3409352,-71.0564079",,FIXED,Stanhope,,,,,,,,,,,,,,,,,,,,,,,,,,,,,,,,,,,,,,,,,,,,,,,,,,,,,,,,,,,,,,,,,,,,,,,,,,,,,,,,,,,,,,,,,,,,,,,,,,,,,,,,,,,,,,,,,,,,,,,,,,,,,,,,,,,,
MA,,19-21 A St. - Lot (Scan2Pay) (ARCHIVED),"19 A Street, Boston, MA 02127",PERMANENTLY CLOSED,PERMANENTLY CLOSED,0,0,Not Listed,,Not Listed,,Not Listed,,Not Listed,,"42.3409352,-71.0564079",,FIXED,Stanhope,,,,,,,,,,,,,,,,,,,,,,,,,,,,,,,,,,,,,,,,,,,,,,,,,,,,,,,,,,,,,,,,,,,,,,,,,,,,,,,,,,,,,,,,,,,,,,,,,,,,,,,,,,,,,,,,,,,,,,,,,,,,,,,,,,,,
IL,134727,1921 W Summerdale Ave. - Middle Spot Only,"1921 West Summerdale Avenue, Chicago, IL, 60640",IN OPERATION,Daily Only,1,N/A,Not Listed,,Not Listed,,Not Listed,,Not Listed,,"41°58'42.0""N 87°40'40.5""W",,,Multi Fam LLC,,,,,,,,,,,,,,,,,,,,,,,,,,,,,,,,,,,,,,,,,,,,,,,,,,,,,,,,,,,,,,,,,,,,,,,,,,,,,,,,,,,,,,,,,,,,,,,,,,,,,,,,,,,,,,,,,,,,,,,,,,,,,,,,,,,,
IL,,1933 N Dayton St. - Right Spot Only (ARCHIVED) ,"1933 North Dayton Street, Chicago, IL 60614",PERMANENTLY CLOSED,PERMANENTLY CLOSED,0,0,Not Listed,,Not Listed,,Not Listed,,Not Listed,,"41°55'01.1""N 87°38'56.8""W",,,Shai Saar,,,,,,,,,,,,,,,,,,,,,,,,,,,,,,,,,,,,,,,,,,,,,,,,,,,,,,,,,,,,,,,,,,,,,,,,,,,,,,,,,,,,,,,,,,,,,,,,,,,,,,,,,,,,,,,,,,,,,,,,,,,,,,,,,,,,
MA,,194 Calumet St. - Left Spot Only (ARCHIVED) ,"194 Calumet Street, Boston, MA 02120",PERMANENTLY CLOSED,PERMANENTLY CLOSED,0,0,Not Listed,,Not Listed,,Not Listed,,Not Listed,,N/A,N/A,N/A,Parking Boston Inc. - Jasmine Taylor,,,,,,,,,,,,,,,,,,,,,,,,,,,,,,,,,,,,,,,,,,,,,,,,,,,,,,,,,,,,,,,,,,,,,,,,,,,,,,,,,,,,,,,,,,,,,,,,,,,,,,,,,,,,,,,,,,,,,,,,,,,,,,,,,,,,
IL,,1944 N Halsted St. - Alley Spot (ARCHIVED) (ARCHIVED) ,"1944 North Halsted Street, Chicago, IL 60614",PERMANENTLY CLOSED,PERMANENTLY CLOSED,0,0,Not Listed,,Not Listed,,Not Listed,,Not Listed,,N/A,N/A,N/A,Melissa Westrich,,,,,,,,,,,,,,,,,,,,,,,,,,,,,,,,,,,,,,,,,,,,,,,,,,,,,,,,,,,,,,,,,,,,,,,,,,,,,,,,,,,,,,,,,,,,,,,,,,,,,,,,,,,,,,,,,,,,,,,,,,,,,,,,,,,,
IL,,1945 W Birchwood Ave. (7440 N Winchester Ave) - Driveway Spot (ARCHIVED) ,"7440 N Winchester Ave, Chicago, IL 60626, USA",PERMANENTLY CLOSED,PERMANENTLY CLOSED,0,0,Not Listed,,Not Listed,,Not Listed,,Not Listed,,N/A,N/A,N/A,Jeremy Humke,,,,,,,,,,,,,,,,,,,,,,,,,,,,,,,,,,,,,,,,,,,,,,,,,,,,,,,,,,,,,,,,,,,,,,,,,,,,,,,,,,,,,,,,,,,,,,,,,,,,,,,,,,,,,,,,,,,,,,,,,,,,,,,,,,,,
MA,45924,197 Kent St. - Spot #30 or #39 Only,"197 Kent Street, Brookline, MA 02446",IN OPERATION,Events and Daily ONLY,2,N/A,Not Listed,,Not Listed,,Not Listed,,Not Listed,,"42.3377784,-71.1124971",,FIXED,Parking Boston Inc. - Jasmine Taylor,,,,,,,,,,,,,,,,,,,,,,,,,,,,,,,,,,,,,,,,,,,,,,,,,,,,,,,,,,,,,,,,,,,,,,,,,,,,,,,,,,,,,,,,,,,,,,,,,,,,,,,,,,,,,,,,,,,,,,,,,,,,,,,,,,,,
MA,69615,"198 Hillside St. - Spots #2, 8, 9 10, 13, 17 or 18 Only","198 Hillside Street, Boston, MA, 02120",IN OPERATION,Daily&Monthly,7,6,Not Listed,,Not Listed,,Not Listed,,Not Listed,,"42.331861,-71.109528",,FIXED,Atlas Group - Sarah Hamdeh,,,,,,,,,,,,,,,,,,,,,,,,,,,,,,,,,,,,,,,,,,,,,,,,,,,,,,,,,,,,,,,,,,,,,,,,,,,,,,,,,,,,,,,,,,,,,,,,,,,,,,,,,,,,,,,,,,,,,,,,,,,,,,,,,,,,
MA,144615,2 S Cedar Pl. - Left Spot Only,"2 South Cedar Place Boston, MA, 02116",IN OPERATION,Events and Daily ONLY,1,N/A,Not Listed,,Not Listed,,Not Listed,,Not Listed,,"42°20'58.9""N 71°04'04.4""W",,,,,,,,,,,,,,,,,,,,,,,,,,,,,,,,,,,,,,,,,,,,,,,,,,,,,,,,,,,,,,,,,,,,,,,,,,,,,,,,,,,,,,,,,,,,,,,,,,,,,,,,,,,,,,,,,,,,,,,,,,,,,,,,,,,,,,,
MA,55394,2 Claremont St - Right Spot,"2 Claremont Street, Boston, MA 02118",IN OPERATION,Events and Daily ONLY,1,N/A,Not Listed,,Not Listed,,Not Listed,,Not Listed,,"42.3427351,-71.0816905",,FIXED,Jon Santiago,,,,,,,,,,,,,,,,,,,,,,,,,,,,,,,,,,,,,,,,,,,,,,,,,,,,,,,,,,,,,,,,,,,,,,,,,,,,,,,,,,,,,,,,,,,,,,,,,,,,,,,,,,,,,,,,,,,,,,,,,,,,,,,,,,,,
MA,52092,2 Holden Street - Driveway Spot,"2 Holden Street, Boston, MA 02125",IN OPERATION,Daily&Monthly,1,1,Not Listed,,Not Listed,,Not Listed,,Not Listed,,"42.3188102,-71.0639955",,FIXED,Alp Kantar; Puspa Jelita,,,,,,,,,,,,,,,,,,,,,,,,,,,,,,,,,,,,,,,,,,,,,,,,,,,,,,,,,,,,,,,,,,,,,,,,,,,,,,,,,,,,,,,,,,,,,,,,,,,,,,,,,,,,,,,,,,,,,,,,,,,,,,,,,,,,
MA,88202,2 Worthington St. - Left Spot Only,"2 Worthington St, Boston, MA, 02120",IN OPERATION,Events and Daily ONLY,1,N/A,Not Listed,,Not Listed,,Not Listed,,Not Listed,,"42.333877,-71.102647",,FIXED,Parking Boston Inc. - Jasmine Taylor,,,,,,,,,,,,,,,,,,,,,,,,,,,,,,,,,,,,,,,,,,,,,,,,,,,,,,,,,,,,,,,,,,,,,,,,,,,,,,,,,,,,,,,,,,,,,,,,,,,,,,,,,,,,,,,,,,,,,,,,,,,,,,,,,,,,
MA,140749,2 Worthington St. - Right Spot Only,"2 Worthington St, Boston, MA, 02120",IN OPERATION,Daily Only,1,,Not Listed,,Not Listed,,Not Listed,,Not Listed,,"42°20'01.7""N 71°06'09.0""W",,FIXED,,,,,,,,,,,,,,,,,,,,,,,,,,,,,,,,,,,,,,,,,,,,,,,,,,,,,,,,,,,,,,,,,,,,,,,,,,,,,,,,,,,,,,,,,,,,,,,,,,,,,,,,,,,,,,,,,,,,,,,,,,,,,,,,,,,,,
ON,136407,"20 Cecil St. - Parallel Spots A, B or C Only","20 Cecil Street, Toronto, ON M5T 1N2",IN OPERATION,Daily&Monthly,3,2,Not Listed,,Not Listed,,Not Listed,,Not Listed,,"43°39'26.2""N 79°23'45.5""W",,FIXED,,,,,,,,,,,,,,,,,,,,,,,,,,,,,,,,,,,,,,,,,,,,,,,,,,,,,,,,,,,,,,,,,,,,,,,,,,,,,,,,,,,,,,,,,,,,,,,,,,,,,,,,,,,,,,,,,,,,,,,,,,,,,,,,,,,,,
MA,,20 Claymoss Rd. - Spot #2 (ARCHIVED) ,"20 Claymoss Road, Brighton 02135",PERMANENTLY CLOSED,PERMANENTLY CLOSED,0,0,Not Listed,,Not Listed,,Not Listed,,Not Listed,,N/A,N/A,N/A,Attrayee Chakraborty,,,,,,,,,,,,,,,,,,,,,,,,,,,,,,,,,,,,,,,,,,,,,,,,,,,,,,,,,,,,,,,,,,,,,,,,,,,,,,,,,,,,,,,,,,,,,,,,,,,,,,,,,,,,,,,,,,,,,,,,,,,,,,,,,,,,
MA,,20 Mead St. - Lot (ARCHIVED) ,"20 Mead St, Boston, MA 02134",PERMANENTLY CLOSED,PERMANENTLY CLOSED,0,0,Not Listed,,Not Listed,,Not Listed,,Not Listed,,N/A,N/A,N/A,Cabot and Company,,,,,,,,,,,,,,,,,,,,,,,,,,,,,,,,,,,,,,,,,,,,,,,,,,,,,,,,,,,,,,,,,,,,,,,,,,,,,,,,,,,,,,,,,,,,,,,,,,,,,,,,,,,,,,,,,,,,,,,,,,,,,,,,,,,,
MA,90113,20 Radcliffe Rd - Spot #18 Only,"20 Radcliffe Road, Boston, MA, 02134",IN OPERATION,Daily Only,1,N/A,Not Listed,,Not Listed,,Not Listed,,Not Listed,,"42.3510566,-71.1346868",,FIXED,Katima,,,,,,,,,,,,,,,,,,,,,,,,,,,,,,,,,,,,,,,,,,,,,,,,,,,,,,,,,,,,,,,,,,,,,,,,,,,,,,,,,,,,,,,,,,,,,,,,,,,,,,,,,,,,,,,,,,,,,,,,,,,,,,,,,,,,
MA,86781,20 Radcliffe Rd. - Spot #37 Only,"20 Radcliffe Road Boston, MA, 02134",PERMANENTLY CLOSED,Events and Daily ONLY,0,0,Not Listed,,Not Listed,,Not Listed,,Not Listed,,"42.3510566,-71.1346868",,FIXED,Benny Huang,,,,,,,,,,,,,,,,,,,,,,,,,,,,,,,,,,,,,,,,,,,,,,,,,,,,,,,,,,,,,,,,,,,,,,,,,,,,,,,,,,,,,,,,,,,,,,,,,,,,,,,,,,,,,,,,,,,,,,,,,,,,,,,,,,,,
MA,130830,20 Radcliffe Rd. - Spot #48 Only,"20 Radcliffe Road Boston, MA, 02134",IN OPERATION,Events and Daily ONLY,1,N/A,Not Listed,,Not Listed,,Not Listed,,Not Listed,,"42°21'04.0""N 71°08'04.9""W",,,Matt Moham ,,,,,,,,,,,,,,,,,,,,,,,,,,,,,,,,,,,,,,,,,,,,,,,,,,,,,,,,,,,,,,,,,,,,,,,,,,,,,,,,,,,,,,,,,,,,,,,,,,,,,,,,,,,,,,,,,,,,,,,,,,,,,,,,,,,,
MA,71134,"20 Radcliffe Rd. - Spots #1, 2, 3, 4, 5, or 6 Only","20 Radcliffe Road, Boston, MA, 02134",IN OPERATION,Daily Monthly & Event,6,4,Not Listed,,Not Listed,,Not Listed,,Not Listed,,"42.3510275,-71.1349698",,FIXED,Susan Zappone,,,,,,,,,,,,,,,,,,,,,,,,,,,,,,,,,,,,,,,,,,,,,,,,,,,,,,,,,,,,,,,,,,,,,,,,,,,,,,,,,,,,,,,,,,,,,,,,,,,,,,,,,,,,,,,,,,,,,,,,,,,,,,,,,,,,
MA,120435,20 Wellington St. - Right Spot Only,"20 Wellington St, Boston, MA 02118, USA",IN OPERATION,Events and Daily ONLY,1,N/A,Not Listed,,Not Listed,,Not Listed,,Not Listed,,"42.341528,-71.082306",,FIXED,Mike Schwartz,,,,,,,,,,,,,,,,,,,,,,,,,,,,,,,,,,,,,,,,,,,,,,,,,,,,,,,,,,,,,,,,,,,,,,,,,,,,,,,,,,,,,,,,,,,,,,,,,,,,,,,,,,,,,,,,,,,,,,,,,,,,,,,,,,,,
MA,150051,20 Museum Rd. - Fenway Parking Lot,"10-12 Museum Road Boston, MA, 02115",IN OPERATION,Events and Daily ONLY,20,N/A,Listed,0,Not Listed,,Not Listed,,Not Listed,,"42°20'18.9""N 71°05'45.2""W",,FIXED,Parking Boston Inc./ Jasmine ,,,,,,,,,,,,,,,,,,,,,,,,,,,,,,,,,,,,,,,,,,,,,,,,,,,,,,,,,,,,,,,,,,,,,,,,,,,,,,,,,,,,,,,,,,,,,,,,,,,,,,,,,,,,,,,,,,,,,,,,,,,,,,,,,,,,
WASHINGTON DC,148052,201 T St. NW - Spot #6 Only,"201 T Street Northwest Washington, DC 20001",IN OPERATION,Daily Only,1,N/A,Not Listed,,Not Listed,,Not Listed,,Not Listed,,"38°54'59.0""N 77°00'53.4""W",,,,,,,,,,,,,,,,,,,,,,,,,,,,,,,,,,,,,,,,,,,,,,,,,,,,,,,,,,,,,,,,,,,,,,,,,,,,,,,,,,,,,,,,,,,,,,,,,,,,,,,,,,,,,,,,,,,,,,,,,,,,,,,,,,,,,,,
IL,,2012 N Orleans St. - Spot #5 (Covered Parking) (ARCHIVED) ,"2012 North Orleans Street, Chicago, IL 60614",PERMANENTLY CLOSED,PERMANENTLY CLOSED,0,0,Not Listed,,Not Listed,,Not Listed,,Not Listed,,N/A,N/A,N/A,,,,,,,,,,,,,,,,,,,,,,,,,,,,,,,,,,,,,,,,,,,,,,,,,,,,,,,,,,,,,,,,,,,,,,,,,,,,,,,,,,,,,,,,,,,,,,,,,,,,,,,,,,,,,,,,,,,,,,,,,,,,,,,,,,,,,
MA,,202 Elm St. - Spot #1 (ARCHIVED) ,"202 Elm Street, Cambridge, MA 02140",PERMANENTLY CLOSED,PERMANENTLY CLOSED,0,0,Not Listed,,Not Listed,,Not Listed,,Not Listed,,N/A,N/A,N/A,Parking Boston Inc. - Jasmine Taylor,,,,,,,,,,,,,,,,,,,,,,,,,,,,,,,,,,,,,,,,,,,,,,,,,,,,,,,,,,,,,,,,,,,,,,,,,,,,,,,,,,,,,,,,,,,,,,,,,,,,,,,,,,,,,,,,,,,,,,,,,,,,,,,,,,,,
WASHINGTON DC,110733,2020 15th St. NW - Right Spot Only,"2020 15th St NW, Washington, DC 20009, USA",IN OPERATION,Daily Only,1,N/A,Not Listed,,Not Listed,,Not Listed,,Not Listed,,"38.917694,-77.035083",,FIXED,Adele Cole,,,,,,,,,,,,,,,,,,,,,,,,,,,,,,,,,,,,,,,,,,,,,,,,,,,,,,,,,,,,,,,,,,,,,,,,,,,,,,,,,,,,,,,,,,,,,,,,,,,,,,,,,,,,,,,,,,,,,,,,,,,,,,,,,,,,
CA ,,2020 Cedar St. - Spot 'D' Only (ARCHIVED),"2020 Cedar St, Berkeley, CA 94709, USA",PERMANENTLY CLOSED,PERMANENTLY CLOSED,0,0,Not Listed,,Not Listed,,Not Listed,,Not Listed,,N/A,N/A,N/A,Parham Karbassi/ Dauttis llc.,,,,,,,,,,,,,,,,,,,,,,,,,,,,,,,,,,,,,,,,,,,,,,,,,,,,,,,,,,,,,,,,,,,,,,,,,,,,,,,,,,,,,,,,,,,,,,,,,,,,,,,,,,,,,,,,,,,,,,,,,,,,,,,,,,,,
WASHINGTON DC,89233,2024 16th St. NW - Right Spot Only,"2024 16th Street Northwest Washington, DC, 20009",IN OPERATION,Daily Only,1,N/A,Not Listed,,Not Listed,,Not Listed,,Not Listed,,"38.917703, -77.037112",,FIXED,Franco Peracchi,,,,,,,,,,,,,,,,,,,,,,,,,,,,,,,,,,,,,,,,,,,,,,,,,,,,,,,,,,,,,,,,,,,,,,,,,,,,,,,,,,,,,,,,,,,,,,,,,,,,,,,,,,,,,,,,,,,,,,,,,,,,,,,,,,,,
MA,,2031 Commonwealth Ave. - Spot #4 (ARCHIVED) ,"2031 Commonwealth Avenue, Boston, MA 02135",PERMANENTLY CLOSED,PERMANENTLY CLOSED,0,0,Not Listed,,Not Listed,,Not Listed,,Not Listed,,N/A,N/A,N/A,Maura Baker,,,,,,,,,,,,,,,,,,,,,,,,,,,,,,,,,,,,,,,,,,,,,,,,,,,,,,,,,,,,,,,,,,,,,,,,,,,,,,,,,,,,,,,,,,,,,,,,,,,,,,,,,,,,,,,,,,,,,,,,,,,,,,,,,,,,
MA,,2039 Commonwealth Ave. - Spot #16 (ARCHIVED),"2039 Commonwealth Avenue, Boston, MA 02135",PERMANENTLY CLOSED,PERMANENTLY CLOSED,0,0,Not Listed,,Not Listed,,Not Listed,,Not Listed,,N/A,N/A,N/A,Steve Facelle,,,,,,,,,,,,,,,,,,,,,,,,,,,,,,,,,,,,,,,,,,,,,,,,,,,,,,,,,,,,,,,,,,,,,,,,,,,,,,,,,,,,,,,,,,,,,,,,,,,,,,,,,,,,,,,,,,,,,,,,,,,,,,,,,,,,
IL,135999,2045 N Larrabee St. - Spot #577 Only,"2045 North Larrabee Street, Chicago, IL 60614",IN OPERATION,MONTHLY ONLY,1,1,Not Listed,,Not Listed,,Not Listed,,Not Listed,,"41°55'12.2""N 87°38'35.2""W",,,,,,,,,,,,,,,,,,,,,,,,,,,,,,,,,,,,,,,,,,,,,,,,,,,,,,,,,,,,,,,,,,,,,,,,,,,,,,,,,,,,,,,,,,,,,,,,,,,,,,,,,,,,,,,,,,,,,,,,,,,,,,,,,,,,,,,
IL,,2049 N Sheffield Ave. - Whole Tandem Row Spot #2 Only (ARCHIVED) ," 2049 N Sheffield Ave, Chicago, IL 60614",PERMANENTLY CLOSED,PERMANENTLY CLOSED,0,0,Not Listed,,Not Listed,,Not Listed,,Not Listed,,N/A,N/A,N/A,Rishi Kothari,,,,,,,,,,,,,,,,,,,,,,,,,,,,,,,,,,,,,,,,,,,,,,,,,,,,,,,,,,,,,,,,,,,,,,,,,,,,,,,,,,,,,,,,,,,,,,,,,,,,,,,,,,,,,,,,,,,,,,,,,,,,,,,,,,,,
MA,85554,"207 Hillside St. - Spots #2, #3 or #6 Only","205 Hillside Street Boston, MA, 02120",IN OPERATION,Events and Daily ONLY,3,N/A,Not Listed,,Not Listed,,Not Listed,,Not Listed,,"42.3320344,-71.1090754",,FIXED,Parking Boston Inc. (Jasmine Taylor),,,,,,,,,,,,,,,,,,,,,,,,,,,,,,,,,,,,,,,,,,,,,,,,,,,,,,,,,,,,,,,,,,,,,,,,,,,,,,,,,,,,,,,,,,,,,,,,,,,,,,,,,,,,,,,,,,,,,,,,,,,,,,,,,,,,
MA,45925,205 Kent St - Spot #64,"205 Kent Street, Brookline, MA 02446",IN OPERATION,Events and Daily ONLY,1,N/A,Not Listed,,Not Listed,,Not Listed,,Not Listed,,"42.3376876,-71.1128499",,FIXED,Parking Boston Inc. - Jasmine Taylor,,,,,,,,,,,,,,,,,,,,,,,,,,,,,,,,,,,,,,,,,,,,,,,,,,,,,,,,,,,,,,,,,,,,,,,,,,,,,,,,,,,,,,,,,,,,,,,,,,,,,,,,,,,,,,,,,,,,,,,,,,,,,,,,,,,,
MA,,205 Kent St. - Spot #43 (ARCHIVED) ,"205 Kent Street, Brookline, MA, 02446",PERMANENTLY CLOSED,PERMANENTLY CLOSED,0,0,Not Listed,,Not Listed,,Not Listed,,Not Listed,,N/A,N/A,N/A,Amal K Arnaout,,,,,,,,,,,,,,,,,,,,,,,,,,,,,,,,,,,,,,,,,,,,,,,,,,,,,,,,,,,,,,,,,,,,,,,,,,,,,,,,,,,,,,,,,,,,,,,,,,,,,,,,,,,,,,,,,,,,,,,,,,,,,,,,,,,,
IL,22101,2053 W Fullerton Ave. - Spot #1 or 2,"2053 West Fullerton Avenue, Chicago, IL 60647",IN OPERATION,Daily&Monthly,2,1,Not Listed,,Not Listed,,Not Listed,,Not Listed,,"41.924647,-87.679956",,FIXED,Frank De Amont,,,,,,,,,,,,,,,,,,,,,,,,,,,,,,,,,,,,,,,,,,,,,,,,,,,,,,,,,,,,,,,,,,,,,,,,,,,,,,,,,,,,,,,,,,,,,,,,,,,,,,,,,,,,,,,,,,,,,,,,,,,,,,,,,,,,
MA,58263,"206 Northampton St. - Spot #3, 4, 5, 6 or 7 Only","206 Northampton Street Boston, MA, 02118",IN OPERATION,Daily Monthly & Event,5,4,Not Listed,,Not Listed,,Not Listed,,Not Listed,,"42°20'16.1""N 71°04'47.5""W",,FIXED,Parking Boston Inc. - Jasmine Taylor,,,,,,,,,,,,,,,,,,,,,,,,,,,,,,,,,,,,,,,,,,,,,,,,,,,,,,,,,,,,,,,,,,,,,,,,,,,,,,,,,,,,,,,,,,,,,,,,,,,,,,,,,,,,,,,,,,,,,,,,,,,,,,,,,,,,
MA,,207 Newbury St. - Whole Tandem Spot (ARCHIVED),"207 Newbury Street, Boston, MA, 02116",PERMANENTLY CLOSED,PERMANENTLY CLOSED,0,0,Not Listed,,Not Listed,,Not Listed,,Not Listed,,N/A,N/A,N/A,Senofer Mendoza,,,,,,,,,,,,,,,,,,,,,,,,,,,,,,,,,,,,,,,,,,,,,,,,,,,,,,,,,,,,,,,,,,,,,,,,,,,,,,,,,,,,,,,,,,,,,,,,,,,,,,,,,,,,,,,,,,,,,,,,,,,,,,,,,,,,
MA,141586,208 Allston St. - Spot #10 Only,"208 Allston Street Boston, MA, 02135",IN OPERATION,Daily Only,1,,Not Listed,,Not Listed,,Not Listed,,Not Listed,,"42°20'46.9""N 71°08'17.3""W",,,,,,,,,,,,,,,,,,,,,,,,,,,,,,,,,,,,,,,,,,,,,,,,,,,,,,,,,,,,,,,,,,,,,,,,,,,,,,,,,,,,,,,,,,,,,,,,,,,,,,,,,,,,,,,,,,,,,,,,,,,,,,,,,,,,,,,
MA,,21 Bowdoin St. - Spot #12 Only (ARCHIVED),"21 Bowdoin St, Boston, MA 02114, USA",PERMANENTLY CLOSED,Events and Daily ONLY,0,0,Not Listed,,Not Listed,,Not Listed,,Not Listed,,"42°21'39.9""N 71°03'48.3""W",,,Parking Boston Inc. - Jasmine Taylor,,,,,,,,,,,,,,,,,,,,,,,,,,,,,,,,,,,,,,,,,,,,,,,,,,,,,,,,,,,,,,,,,,,,,,,,,,,,,,,,,,,,,,,,,,,,,,,,,,,,,,,,,,,,,,,,,,,,,,,,,,,,,,,,,,,,
MA,24410,"21 Iroquois St. - Spots #1, #2, #3 or #4 Only","21 Iroquois Street, Boston, MA 02120",IN OPERATION,Daily Monthly & Event,4,3,Not Listed,,Not Listed,,Not Listed,,Not Listed,,"42.330133,-71.1037001",,FIXED,Alp Kantar; Puspa Jelita,Plain(Flat) Access,Slippery,,,,,,,,,,,,,,,,,,,,,,,,,,,,,,,,,,,,,,,,,,,,,,,,,,,,,,,,,,,,,,,,,,,,,,,,,,,,,,,,,,,,,,,,,,,,,,,,,,,,,,,,,,,,,,,,,,,,,,,,,,,,,,,,,,
MA,72653,"21 Lancaster St.- Spot #29, 30, 31, 32, 33, 34 and 35 only","21 Lancaster Street, Boston, MA, 02114",IN OPERATION,Events and Daily ONLY,7,N/A,Not Listed,,Not Listed,,Not Listed,,Not Listed,,"42.364072,-71.062234",,FIXED,Stanhope,,,,,,,,,,,,,,,,,,,,,,,,,,,,,,,,,,,,,,,,,,,,,,,,,,,,,,,,,,,,,,,,,,,,,,,,,,,,,,,,,,,,,,,,,,,,,,,,,,,,,,,,,,,,,,,,,,,,,,,,,,,,,,,,,,,,
ON ,86054,21 Nassau St. - Spot #3 Only,"21 Nassau Street, Toronto, ON, M5T 2L7",IN OPERATION,Daily Only,1,N/A,Not Listed,,Not Listed,,Not Listed,,Not Listed,,"43.655376,-79.400549",,FIXED,SONIA NORRIS,,,,,,,,,,,,,,,,,,,,,,,,,,,,,,,,,,,,,,,,,,,,,,,,,,,,,,,,,,,,,,,,,,,,,,,,,,,,,,,,,,,,,,,,,,,,,,,,,,,,,,,,,,,,,,,,,,,,,,,,,,,,,,,,,,,,
MA,,210 Babcock St. -#1 and #2 (ARCHIVED) ,"210 Babcock Street Brookline, MA, 02446",PERMANENTLY CLOSED,PERMANENTLY CLOSED,0,0,Not Listed,,Not Listed,,Not Listed,,Not Listed,,N/A,N/A,N/A,Parking Boston Inc. - Jasmine Taylor,,,,,,,,,,,,,,,,,,,,,,,,,,,,,,,,,,,,,,,,,,,,,,,,,,,,,,,,,,,,,,,,,,,,,,,,,,,,,,,,,,,,,,,,,,,,,,,,,,,,,,,,,,,,,,,,,,,,,,,,,,,,,,,,,,,,
MA,27210,"210 Green St. - Spot #1, 2, 3 or 4 Only","210 Green Street, Cambridge, MA 02139",IN OPERATION,Daily Only,4,N/A,Not Listed,,Not Listed,,Not Listed,,Not Listed,,"42.363872,-71.102845",,FIXED,OLD SPOT- Emmanuel Doe,,,,,,,,,,,,,,,,,,,,,,,,,,,,,,,,,,,,,,,,,,,,,,,,,,,,,,,,,,,,,,,,,,,,,,,,,,,,,,,,,,,,,,,,,,,,,,,,,,,,,,,,,,,,,,,,,,,,,,,,,,,,,,,,,,,,
IL,103313,"2103 N Leavitt St. - Left Spot Only

","2103 N Leavitt St, Chicago, IL 60647",IN OPERATION,Daily&Monthly,1,1,Not Listed,,Not Listed,,Not Listed,,Not Listed,,"41.920139,-87.682167","DO NOT TOW : 
2022 Volkswagen Taos (Blue), LP: BAK-5675
As per the landlord, this vehicle will occupy the South parking spot starting May 1st.",FIXED,Jeff Hoobler,,,,,,,,,,,,,,,,,,,,,,,,,,,,,,,,,,,,,,,,,,,,,,,,,,,,,,,,,,,,,,,,,,,,,,,,,,,,,,,,,,,,,,,,,,,,,,,,,,,,,,,,,,,,,,,,,,,,,,,,,,,,,,,,,,,,
IL,75786,2105 W Walton St. - Alley Spot,"2105 West Walton Street Chicago, IL, 60622",IN OPERATION,Events and Daily ONLY,1,N/A,Not Listed,,Not Listed,,Not Listed,,Not Listed,,"41.898472,-87.680056",,FIXED,Chad Fredrick,,,,,,,,,,,,,,,,,,,,,,,,,,,,,,,,,,,,,,,,,,,,,,,,,,,,,,,,,,,,,,,,,,,,,,,,,,,,,,,,,,,,,,,,,,,,,,,,,,,,,,,,,,,,,,,,,,,,,,,,,,,,,,,,,,,,
PA,,2108 Wilcox St. - Right Spot only (ARCHIVED) ,"2108 Green Street, Philadelphia, PA, 19130",PERMANENTLY CLOSED,PERMANENTLY CLOSED,0,0,Not Listed,,Not Listed,,Not Listed,,Not Listed,,N/A,N/A,N/A,Nicholas Volpe,,,,,,,,,,,,,,,,,,,,,,,,,,,,,,,,,,,,,,,,,,,,,,,,,,,,,,,,,,,,,,,,,,,,,,,,,,,,,,,,,,,,,,,,,,,,,,,,,,,,,,,,,,,,,,,,,,,,,,,,,,,,,,,,,,,,
MA,,211 W 8th St. - Spot #2 or 3 (ARCHIVED) ,"211 West 8th Street, Boston, MA 02127",PERMANENTLY CLOSED,PERMANENTLY CLOSED,0,0,Not Listed,,Not Listed,,Not Listed,,Not Listed,,N/A,N/A,N/A,,,,,,,,,,,,,,,,,,,,,,,,,,,,,,,,,,,,,,,,,,,,,,,,,,,,,,,,,,,,,,,,,,,,,,,,,,,,,,,,,,,,,,,,,,,,,,,,,,,,,,,,,,,,,,,,,,,,,,,,,,,,,,,,,,,,,
IL,50310,2114 W Madison St. - Right Spot Only,"2114 West Madison Street, Chicago, IL 60612",IN OPERATION,Event Only,0,0,Not Listed,,Not Listed,,Not Listed,,Not Listed,,N/A,N/A,N/A,Robert Muzikowski,,,,,,,,,,,,,,,,,,,,,,,,,,,,,,,,,,,,,,,,,,,,,,,,,,,,,,,,,,,,,,,,,,,,,,,,,,,,,,,,,,,,,,,,,,,,,,,,,,,,,,,,,,,,,,,,,,,,,,,,,,,,,,,,,,,,
PA,125715,2118 Walnut St. - Spot A or B Only,2118 Walnut Street Philadelphia PA 19103 ,IN OPERATION,Daily Only,2,N/A,Not Listed,,Not Listed,,Not Listed,,Not Listed,,"39.950472,-75.176806",,FIXED,Heather S Baldi,,,,,,,,,,,,,,,,,,,,,,,,,,,,,,,,,,,,,,,,,,,,,,,,,,,,,,,,,,,,,,,,,,,,,,,,,,,,,,,,,,,,,,,,,,,,,,,,,,,,,,,,,,,,,,,,,,,,,,,,,,,,,,,,,,,,
IL,,2122 N Lincoln Ave. - Spot #265 Only (ARCHIVED),2114 W Madison St. - Alley Spot #1 Only,PERMANENTLY CLOSED,PERMANENTLY CLOSED,0,0,Not Listed,,Not Listed,,Not Listed,,Not Listed,,N/A,N/A,N/A,Amelia Sturm ,,,,,,,,,,,,,,,,,,,,,,,,,,,,,,,,,,,,,,,,,,,,,,,,,,,,,,,,,,,,,,,,,,,,,,,,,,,,,,,,,,,,,,,,,,,,,,,,,,,,,,,,,,,,,,,,,,,,,,,,,,,,,,,,,,,,
MA,129217,212 Dorchester St. - Spot #2 or #3 Only,"212 Dorchester St, Boston, MA 02127, USA",IN OPERATION,Daily Only,2,N/A,Not Listed,,Not Listed,,Not Listed,,Not Listed,,"42°19'58.7""N 71°03'00.9""W",,,Parking Boston Inc. - Jasmine Taylor,,,,,,,,,,,,,,,,,,,,,,,,,,,,,,,,,,,,,,,,,,,,,,,,,,,,,,,,,,,,,,,,,,,,,,,,,,,,,,,,,,,,,,,,,,,,,,,,,,,,,,,,,,,,,,,,,,,,,,,,,,,,,,,,,,,,
IL,67965,2127 N Lincoln Ave. - Alley Spot #128,"2127 North Lincoln Avenue, Chicago, IL, 60614",IN OPERATION,Daily Only,1,N/A,Not Listed,,Not Listed,,Not Listed,,Not Listed,,"41.920972,-87.641972",,FIXED,Eric Sou & Carole Campedel,,,,,,,,,,,,,,,,,,,,,,,,,,,,,,,,,,,,,,,,,,,,,,,,,,,,,,,,,,,,,,,,,,,,,,,,,,,,,,,,,,,,,,,,,,,,,,,,,,,,,,,,,,,,,,,,,,,,,,,,,,,,,,,,,,,,
WA ,100305,2132 5th Ave. - Spot P-5,2132 5th Ave Seattle WA 98121,IN OPERATION,Daily Only,1,N/A,Not Listed,,Not Listed,,Not Listed,,Not Listed,,"47.615444, -122.341213",,FIXED,Teri Rutherford,,,,,,,,,,,,,,,,,,,,,,,,,,,,,,,,,,,,,,,,,,,,,,,,,,,,,,,,,,,,,,,,,,,,,,,,,,,,,,,,,,,,,,,,,,,,,,,,,,,,,,,,,,,,,,,,,,,,,,,,,,,,,,,,,,,,
MA,,214 Freeman St. - Spot #4 (ARCHIVED) ,"214 Freeman Street, Brookline, MA 02446",PERMANENTLY CLOSED,PERMANENTLY CLOSED,0,0,Not Listed,,Not Listed,,Not Listed,,Not Listed,,N/A,N/A,N/A,Sammi Zelkha,,,,,,,,,,,,,,,,,,,,,,,,,,,,,,,,,,,,,,,,,,,,,,,,,,,,,,,,,,,,,,,,,,,,,,,,,,,,,,,,,,,,,,,,,,,,,,,,,,,,,,,,,,,,,,,,,,,,,,,,,,,,,,,,,,,,
IL,,215 N Aberdeen St. - Spot #11 (ARCHIVED),"215 North Aberdeen Street, Chicago, IL, 60607",PERMANENTLY CLOSED,PERMANENTLY CLOSED,0,0,Not Listed,,Not Listed,,Not Listed,,Not Listed,,N/A,N/A,N/A,Samuel John Canero,,,,,,,,,,,,,,,,,,,,,,,,,,,,,,,,,,,,,,,,,,,,,,,,,,,,,,,,,,,,,,,,,,,,,,,,,,,,,,,,,,,,,,,,,,,,,,,,,,,,,,,,,,,,,,,,,,,,,,,,,,,,,,,,,,,,
ON,85012,2152 Dundas St. - Parallel Spot #1 or #2,"2152 Dundas Street West, Toronto, ON, M6R 1X2",IN OPERATION,Daily Only,2,N/A,Not Listed,,Not Listed,,Not Listed,,Not Listed,,"43.6531362,-79.4498151",,70/30,Frank Scali,,,,,,,,,,,,,,,,,,,,,,,,,,,,,,,,,,,,,,,,,,,,,,,,,,,,,,,,,,,,,,,,,,,,,,,,,,,,,,,,,,,,,,,,,,,,,,,,,,,,,,,,,,,,,,,,,,,,,,,,,,,,,,,,,,,,
IL,,2158 N Damen Avenue - Spot #3 (ARCHIVED) ,"2158 North Damen Avenue, Chicago, IL, 60647",PERMANENTLY CLOSED,PERMANENTLY CLOSED,0,0,Not Listed,,Not Listed,,Not Listed,,Not Listed,,N/A,N/A,N/A,Douglas Smart,,,,,,,,,,,,,,,,,,,,,,,,,,,,,,,,,,,,,,,,,,,,,,,,,,,,,,,,,,,,,,,,,,,,,,,,,,,,,,,,,,,,,,,,,,,,,,,,,,,,,,,,,,,,,,,,,,,,,,,,,,,,,,,,,,,,
WASHINGTON DC,,217 Adams St. NE - Spot #2 Only (ARCHIVED) ,"217 Adams Street Northeast, Washington, DC, 20002",PERMANENTLY CLOSED,PERMANENTLY CLOSED,0,0,Not Listed,,Not Listed,,Not Listed,,Not Listed,,N/A,N/A,N/A,LeaAda Marshall,,,,,,,,,,,,,,,,,,,,,,,,,,,,,,,,,,,,,,,,,,,,,,,,,,,,,,,,,,,,,,,,,,,,,,,,,,,,,,,,,,,,,,,,,,,,,,,,,,,,,,,,,,,,,,,,,,,,,,,,,,,,,,,,,,,,
MA,131820,213 Kelton St. - Spot #46 Only,"217 Kelton St, Boston, MA 02134, USA",IN OPERATION,Daily Only,1,N/A,Not Listed,,Not Listed,,Not Listed,,Not Listed,,"42°20'48.4""N 71°08'14.8""W",,,Jong Park,,,,,,,,,,,,,,,,,,,,,,,,,,,,,,,,,,,,,,,,,,,,,,,,,,,,,,,,,,,,,,,,,,,,,,,,,,,,,,,,,,,,,,,,,,,,,,,,,,,,,,,,,,,,,,,,,,,,,,,,,,,,,,,,,,,,
MA,24407,"218 Freeman St. - Spots #5, #6, #7, #8 or #9 Only","218 Freeman Street, Brookline, MA 02446",IN OPERATION,Daily Monthly & Event,5,4,Not Listed,,Not Listed,,Not Listed,,Not Listed,,"42.3475378,-71.1199261",,FIXED,Angela Politman,,Not included last winter 2024,,,,,,,,,,,,,,,,,,,,,,,,,,,,,,,,,,,,,,,,,,,,,,,,,,,,,,,,,,,,,,,,,,,,,,,,,,,,,,,,,,,,,,,,,,,,,,,,,,,,,,,,,,,,,,,,,,,,,,,,,,,,,,,,,,
MA,91395,219 Beacon St. - Lot,"219 Beacon St, Somerville, MA 02143",IN OPERATION,Daily&Monthly,4,3,Not Listed,,Not Listed,,Not Listed,,Not Listed,,"42.3812175,-71.1100174",,FIXED,David Wang,,,,,,,,,,,,,,,,,,,,,,,,,,,,,,,,,,,,,,,,,,,,,,,,,,,,,,,,,,,,,,,,,,,,,,,,,,,,,,,,,,,,,,,,,,,,,,,,,,,,,,,,,,,,,,,,,,,,,,,,,,,,,,,,,,,,
FL,147512,"219 NW 15th Ave. - Spot #1, 2, 3, 4 or #5 Only","219 Northwest 15th Avenue Miami, FL 33125",IN OPERATION,Events and Daily ONLY,5,4,Not Listed,,Not Listed,,Not Listed,,Not Listed,,"25°46'32.5""N 80°13'10.9""W",,,,,,,,,,,,,,,,,,,,,,,,,,,,,,,,,,,,,,,,,,,,,,,,,,,,,,,,,,,,,,,,,,,,,,,,,,,,,,,,,,,,,,,,,,,,,,,,,,,,,,,,,,,,,,,,,,,,,,,,,,,,,,,,,,,,,,,
MA,,22 Mansfield St. - Spots #2 or 3 Only (ARCHIVED) ,"22 Mansfield St, Allston, MA 02134",PERMANENTLY CLOSED,PERMANENTLY CLOSED,0,0,Not Listed,,Not Listed,,Not Listed,,Not Listed,,N/A,N/A,N/A,Parking Boston Inc. - Jasmine Taylor,,,,,,,,,,,,,,,,,,,,,,,,,,,,,,,,,,,,,,,,,,,,,,,,,,,,,,,,,,,,,,,,,,,,,,,,,,,,,,,,,,,,,,,,,,,,,,,,,,,,,,,,,,,,,,,,,,,,,,,,,,,,,,,,,,,,
MA,24450,"22 Parker Hill Ave. - Spots #1, #2, or #3 Only","22 Parker Hill Avenue, Boston, MA 02120",IN OPERATION,Daily&Monthly,3,3,Not Listed,,Not Listed,,Not Listed,,Not Listed,,"42.3323564,-71.1095784",,FIXED,Alp Kantar; Puspa Jelita,,,,,,,,,,,,,,,,,,,,,,,,,,,,,,,,,,,,,,,,,,,,,,,,,,,,,,,,,,,,,,,,,,,,,,,,,,,,,,,,,,,,,,,,,,,,,,,,,,,,,,,,,,,,,,,,,,,,,,,,,,,,,,,,,,,,
MA,141587,"22 Winslow Rd. - Spots #2, #3 or #4 Only","22 Winslow Road Brookline, MA, 02446",IN OPERATION,Events and Daily ONLY,3,,Not Listed,,Not Listed,,Not Listed,,Not Listed,,"42°21'03.6""N 71°07'20.8""W",,,,,,,,,,,,,,,,,,,,,,,,,,,,,,,,,,,,,,,,,,,,,,,,,,,,,,,,,,,,,,,,,,,,,,,,,,,,,,,,,,,,,,,,,,,,,,,,,,,,,,,,,,,,,,,,,,,,,,,,,,,,,,,,,,,,,,,
CA ,,220 4th St. - Spot #1 only (ARCHIVED) ,"220 4th St., Oakland, CA, 94607",PERMANENTLY CLOSED,PERMANENTLY CLOSED,0,0,Not Listed,,Not Listed,,Not Listed,,Not Listed,,N/A,N/A,N/A,"IPO REAL ESTATE, LLC",,,,,,,,,,,,,,,,,,,,,,,,,,,,,,,,,,,,,,,,,,,,,,,,,,,,,,,,,,,,,,,,,,,,,,,,,,,,,,,,,,,,,,,,,,,,,,,,,,,,,,,,,,,,,,,,,,,,,,,,,,,,,,,,,,,,
IL,,2201 N Cleveland Ave. - Spot #11 (ARCHIVED),"2201 North Cleveland Avenue, Chicago, IL 60614",PERMANENTLY CLOSED,PERMANENTLY CLOSED,0,0,Not Listed,,Not Listed,,Not Listed,,Not Listed,,N/A,N/A,N/A,,,,,,,,,,,,,,,,,,,,,,,,,,,,,,,,,,,,,,,,,,,,,,,,,,,,,,,,,,,,,,,,,,,,,,,,,,,,,,,,,,,,,,,,,,,,,,,,,,,,,,,,,,,,,,,,,,,,,,,,,,,,,,,,,,,,,
IL,,2201 N Cleveland Ave. - Spot #12 (ARCHIVED),"2201 North Cleveland Avenue, Chicago, IL 60614",PERMANENTLY CLOSED,PERMANENTLY CLOSED,0,0,Not Listed,,Not Listed,,Not Listed,,Not Listed,,N/A,N/A,N/A,,,,,,,,,,,,,,,,,,,,,,,,,,,,,,,,,,,,,,,,,,,,,,,,,,,,,,,,,,,,,,,,,,,,,,,,,,,,,,,,,,,,,,,,,,,,,,,,,,,,,,,,,,,,,,,,,,,,,,,,,,,,,,,,,,,,,
IL,,2201 N Cleveland Ave. - Spot #13 (ARCHIVED),"2201 North Cleveland Avenue, Chicago, IL 60614",PERMANENTLY CLOSED,PERMANENTLY CLOSED,0,0,Not Listed,,Not Listed,,Not Listed,,Not Listed,,N/A,N/A,N/A,,,,,,,,,,,,,,,,,,,,,,,,,,,,,,,,,,,,,,,,,,,,,,,,,,,,,,,,,,,,,,,,,,,,,,,,,,,,,,,,,,,,,,,,,,,,,,,,,,,,,,,,,,,,,,,,,,,,,,,,,,,,,,,,,,,,,
IL,,2201 N Cleveland Ave. - Spot #2 (ARCHIVED),"2202 North Cleveland Avenue, Chicago, IL 60614",PERMANENTLY CLOSED,PERMANENTLY CLOSED,0,0,Not Listed,,Not Listed,,Not Listed,,Not Listed,,N/A,N/A,N/A,,,,,,,,,,,,,,,,,,,,,,,,,,,,,,,,,,,,,,,,,,,,,,,,,,,,,,,,,,,,,,,,,,,,,,,,,,,,,,,,,,,,,,,,,,,,,,,,,,,,,,,,,,,,,,,,,,,,,,,,,,,,,,,,,,,,,
IL,,2201 N Cleveland Ave. - Spot #7 (ARCHIVED),"2201 North Cleveland Avenue, Chicago, IL 60614",PERMANENTLY CLOSED,PERMANENTLY CLOSED,0,0,Not Listed,,Not Listed,,Not Listed,,Not Listed,,N/A,N/A,N/A,,,,,,,,,,,,,,,,,,,,,,,,,,,,,,,,,,,,,,,,,,,,,,,,,,,,,,,,,,,,,,,,,,,,,,,,,,,,,,,,,,,,,,,,,,,,,,,,,,,,,,,,,,,,,,,,,,,,,,,,,,,,,,,,,,,,,
CA,70638,2210 Mckinley Ave. - Carport Space #3 or #4 Only,"2210 McKinley Avenue Berkeley, CA, 94703",IN OPERATION,Daily&Monthly,2,1,Not Listed,,Not Listed,,Not Listed,,Not Listed,,"37.8680515,-122.2741497",,FIXED,Peter Young,,,,,,,,,,,,,,,,,,,,,,,,,,,,,,,,,,,,,,,,,,,,,,,,,,,,,,,,,,,,,,,,,,,,,,,,,,,,,,,,,,,,,,,,,,,,,,,,,,,,,,,,,,,,,,,,,,,,,,,,,,,,,,,,,,,,
TX,132944,2213 Dorrington St. - Lot,"2213 Dorrington Street, Houston, TX, 77030",IN OPERATION,Daily&Monthly,19,18,Listed,5,Listed,5,Listed,5,Not Listed,,"29°42'19.2""N 95°24'38.0""W",,,Jaime Tschen,,,,,,,,,,,,,,,,,,,,,,,,,,,,,,,,,,,,,,,,,,,,,,,,,,,,,,,,,,,,,,,,,,,,,,,,,,,,,,,,,,,,,,,,,,,,,,,,,,,,,,,,,,,,,,,,,,,,,,,,,,,,,,,,,,,,
IL,,2215 N Bissell St. - Spot #2 Only (ARCHIVED),"2215 North Bissell Street Chicago, IL, 60614",PERMANENTLY CLOSED,PERMANENTLY CLOSED,0,0,Not Listed,,Not Listed,,Not Listed,,Not Listed,,N/A,N/A,N/A,Jessica Schmiederer,,,,,,,,,,,,,,,,,,,,,,,,,,,,,,,,,,,,,,,,,,,,,,,,,,,,,,,,,,,,,,,,,,,,,,,,,,,,,,,,,,,,,,,,,,,,,,,,,,,,,,,,,,,,,,,,,,,,,,,,,,,,,,,,,,,,
IL,,222 S Morgan St. (1010 W Jackson Blvd.) (ARCHIVED),"1010 W Jackson Blvd, Chicago, IL 60607, USA",PERMANENTLY CLOSED,PERMANENTLY CLOSED,0,0,Not Listed,,Not Listed,,Not Listed,,Not Listed,,N/A,N/A,N/A,Paul Reaumond,,,,,,,,,,,,,,,,,,,,,,,,,,,,,,,,,,,,,,,,,,,,,,,,,,,,,,,,,,,,,,,,,,,,,,,,,,,,,,,,,,,,,,,,,,,,,,,,,,,,,,,,,,,,,,,,,,,,,,,,,,,,,,,,,,,,
MA,46284,222 Winslow Rd. - Lot,"222 Winslow Road, Brookline, MA 02446",PERMANENTLY CLOSED,Daily Monthly & Event,3,2,Not Listed,,Not Listed,,Not Listed,,Not Listed,,"42.3505814,-71.12185199999999",,FIXED,Parking Boston Inc. - Jasmine Taylor,,,,,,,,,,,,,,,,,,,,,,,,,,,,,,,,,,,,,,,,,,,,,,,,,,,,,,,,,,,,,,,,,,,,,,,,,,,,,,,,,,,,,,,,,,,,,,,,,,,,,,,,,,,,,,,,,,,,,,,,,,,,,,,,,,,,
MA,134890,222 Winchester St. - Garage Spot #1 or Outdoor Spot #4 Only,"222 Winchester St, Brookline, MA 02446, USA",IN OPERATION,Events and Daily ONLY,2,2,Not Listed,,Not Listed,,Not Listed,,Not Listed,,"42°20'43.3""N 71°07'59.9""W",,,Yin Li,,,,,,,,,,,,,,,,,,,,,,,,,,,,,,,,,,,,,,,,,,,,,,,,,,,,,,,,,,,,,,,,,,,,,,,,,,,,,,,,,,,,,,,,,,,,,,,,,,,,,,,,,,,,,,,,,,,,,,,,,,,,,,,,,,,,
IL,90081,2222 W Belmont Ave. - Left Carport Spot Only,"2222 W Belmont Ave, Chicago, IL 60618",IN OPERATION,Daily Only,1,N/A,Not Listed,,Not Listed,,Not Listed,,Not Listed,,"41.939917,-87.684333",,FIXED,George Tsatsos,,,,,,,,,,,,,,,,,,,,,,,,,,,,,,,,,,,,,,,,,,,,,,,,,,,,,,,,,,,,,,,,,,,,,,,,,,,,,,,,,,,,,,,,,,,,,,,,,,,,,,,,,,,,,,,,,,,,,,,,,,,,,,,,,,,,
IL,151507,2222 W Belmont Ave. - Right Spot Only,"2222 West Belmont Avenue Chicago, IL 60618",IN OPERATION,Daily Only,1,N/A,Not Listed,,Not Listed,,Not Listed,,Not Listed,,"41°56'23.8""N 87°41'03.5""W",,,,,,,,,,,,,,,,,,,,,,,,,,,,,,,,,,,,,,,,,,,,,,,,,,,,,,,,,,,,,,,,,,,,,,,,,,,,,,,,,,,,,,,,,,,,,,,,,,,,,,,,,,,,,,,,,,,,,,,,,,,,,,,,,,,,,,,
IL,,2250 N Lincoln Ave- Spot #11 (ARCHIVED),"2250 North Lincoln Avenue, Chicago, IL 60614",PERMANENTLY CLOSED,PERMANENTLY CLOSED,0,0,Not Listed,,Not Listed,,Not Listed,,Not Listed,,N/A,N/A,N/A,,,,,,,,,,,,,,,,,,,,,,,,,,,,,,,,,,,,,,,,,,,,,,,,,,,,,,,,,,,,,,,,,,,,,,,,,,,,,,,,,,,,,,,,,,,,,,,,,,,,,,,,,,,,,,,,,,,,,,,,,,,,,,,,,,,,,
MA,,226-228 Washington St. - Spot #1 or #2 Only (ARCHIVED) ,"228 Washington Street, Boston, MA, 02135",PERMANENTLY CLOSED,PERMANENTLY CLOSED,0,0,Not Listed,,Not Listed,,Not Listed,,Not Listed,,N/A,N/A,N/A,Parking Boston Inc. - Jasmine Taylor,,,,,,,,,,,,,,,,,,,,,,,,,,,,,,,,,,,,,,,,,,,,,,,,,,,,,,,,,,,,,,,,,,,,,,,,,,,,,,,,,,,,,,,,,,,,,,,,,,,,,,,,,,,,,,,,,,,,,,,,,,,,,,,,,,,,
MA,125684,227 Marlborough St. - Right Spot Only,"227 Marlborough St, Boston, MA 02116, USA",IN OPERATION,Events and Daily ONLY,1,N/A,Not Listed,,Not Listed,,Not Listed,,Not Listed,,"42.352556,-71.081528",,FIXED,Peter Cahn,,,,,,,,,,,,,,,,,,,,,,,,,,,,,,,,,,,,,,,,,,,,,,,,,,,,,,,,,,,,,,,,,,,,,,,,,,,,,,,,,,,,,,,,,,,,,,,,,,,,,,,,,,,,,,,,,,,,,,,,,,,,,,,,,,,,
MA,51994,"228 Corey Rd. - Spots #5, #6, #7 or #8 Only","228 Corey Road, Boston, MA 02135",IN OPERATION,Daily&Monthly,4,2,Not Listed,,Not Listed,,Not Listed,,Not Listed,,"42.3444172,-71.1378811",,FIXED,Parking Boston Inc. - Jasmine Taylor,,,,,,,,,,,,,,,,,,,,,,,,,,,,,,,,,,,,,,,,,,,,,,,,,,,,,,,,,,,,,,,,,,,,,,,,,,,,,,,,,,,,,,,,,,,,,,,,,,,,,,,,,,,,,,,,,,,,,,,,,,,,,,,,,,,,
MA,,23 Egremont St - Spot #14 (ARCHIVED),"23 Egremont Street, Boston, MA 02135",PERMANENTLY CLOSED,PERMANENTLY CLOSED,0,0,Not Listed,,Not Listed,,Not Listed,,Not Listed,,N/A,N/A,N/A,,,,,,,,,,,,,,,,,,,,,,,,,,,,,,,,,,,,,,,,,,,,,,,,,,,,,,,,,,,,,,,,,,,,,,,,,,,,,,,,,,,,,,,,,,,,,,,,,,,,,,,,,,,,,,,,,,,,,,,,,,,,,,,,,,,,,
MA,,23 Egremont St. - Spot #30 (ARCHIVED),"23 Egremont Street, Boston, MA 02135",PERMANENTLY CLOSED,PERMANENTLY CLOSED,0,0,Not Listed,,Not Listed,,Not Listed,,Not Listed,,N/A,N/A,N/A,,,,,,,,,,,,,,,,,,,,,,,,,,,,,,,,,,,,,,,,,,,,,,,,,,,,,,,,,,,,,,,,,,,,,,,,,,,,,,,,,,,,,,,,,,,,,,,,,,,,,,,,,,,,,,,,,,,,,,,,,,,,,,,,,,,,,
MA,85128,"23 Iroquois St.- Garage Spot #1, #2, #4 and #5 or Spot #3 Outdoor Spot","23 Iroquois Street, Boston, MA, 02120",IN OPERATION,Daily&Monthly,5,4,Not Listed,,Not Listed,,Not Listed,,Not Listed,,"42.3300445,-71.1039527",,FIXED,Alp Kantar; Puspa Jelita,,,,,,,,,,,,,,,,,,,,,,,,,,,,,,,,,,,,,,,,,,,,,,,,,,,,,,,,,,,,,,,,,,,,,,,,,,,,,,,,,,,,,,,,,,,,,,,,,,,,,,,,,,,,,,,,,,,,,,,,,,,,,,,,,,,,
MA,24506,"23 Symphony Rd. - Spots 1, 2, or 3","23 Symphony Road, Boston, MA 02115",IN OPERATION,Events and Daily ONLY,3,N/A,Not Listed,,Not Listed,,Not Listed,,Not Listed,,"42.343167,-71.087639",,FIXED,Alp Kantar; Puspa Jelita,,,,,,,,,,,,,,,,,,,,,,,,,,,,,,,,,,,,,,,,,,,,,,,,,,,,,,,,,,,,,,,,,,,,,,,,,,,,,,,,,,,,,,,,,,,,,,,,,,,,,,,,,,,,,,,,,,,,,,,,,,,,,,,,,,,,
MA,89057,231 Maverick St. - Garage Spot,"231 Maverick Street, Boston, MA, 02128",IN OPERATION,Daily Only,1,N/A,Not Listed,,Not Listed,,Not Listed,,Not Listed,,"42.3684646,-71.0350652",Garage Code: 1992,70/30,Luke Morison,,,,,,,,,,,,,,,,,,,,,,,,,,,,,,,,,,,,,,,,,,,,,,,,,,,,,,,,,,,,,,,,,,,,,,,,,,,,,,,,,,,,,,,,,,,,,,,,,,,,,,,,,,,,,,,,,,,,,,,,,,,,,,,,,,,,
IL,95751,232 Green Bay Rd. - Lot,"232 Green Bay Rd, Highland Park, IL 60035",IN OPERATION,Daily&Monthly,5,2,Not Listed,,Not Listed,,Not Listed,,Not Listed,,"42.156727, -87.781778",,70/30,Robert Cotter,,,,,,,,,,,,,,,,,,,,,,,,,,,,,,,,,,,,,,,,,,,,,,,,,,,,,,,,,,,,,,,,,,,,,,,,,,,,,,,,,,,,,,,,,,,,,,,,,,,,,,,,,,,,,,,,,,,,,,,,,,,,,,,,,,,,
IL,,2321 W North Ave. - Middle Tandem Row Spot (ARCHIVED),"2321 W North Ave, Chicago IL 60647",PERMANENTLY CLOSED,PERMANENTLY CLOSED,0,0,Not Listed,,Not Listed,,Not Listed,,Not Listed,,N/A,N/A,N/A,Ricardo Mastrolia,,,,,,,,,,,,,,,,,,,,,,,,,,,,,,,,,,,,,,,,,,,,,,,,,,,,,,,,,,,,,,,,,,,,,,,,,,,,,,,,,,,,,,,,,,,,,,,,,,,,,,,,,,,,,,,,,,,,,,,,,,,,,,,,,,,,
IL,,2336 N Commonwealth Ave. #3 - Lot (ARCHIVED) ,"2336 North Commonwealth Avenue, Chicago, IL 60614",PERMANENTLY CLOSED,PERMANENTLY CLOSED,0,0,Not Listed,,Not Listed,,Not Listed,,Not Listed,,N/A,N/A,N/A,,,,,,,,,,,,,,,,,,,,,,,,,,,,,,,,,,,,,,,,,,,,,,,,,,,,,,,,,,,,,,,,,,,,,,,,,,,,,,,,,,,,,,,,,,,,,,,,,,,,,,,,,,,,,,,,,,,,,,,,,,,,,,,,,,,,,
MA,107039,234 W Canton St. - Right Spot Only,"234 West Canton Street, Boston, MA, 02116",IN OPERATION,Events and Daily ONLY,1,N/A,Not Listed,,Not Listed,,Not Listed,,Not Listed,,"42.345389,-71.077972",,FIXED,Daryl Twitchell,,,,,,,,,,,,,,,,,,,,,,,,,,,,,,,,,,,,,,,,,,,,,,,,,,,,,,,,,,,,,,,,,,,,,,,,,,,,,,,,,,,,,,,,,,,,,,,,,,,,,,,,,,,,,,,,,,,,,,,,,,,,,,,,,,,,
IL,,2340 N Commonwealth Ave. - Spot #24 (ARCHIVED),"2340 North Commonwealth Avenue, Chicago, IL 60614",PERMANENTLY CLOSED,PERMANENTLY CLOSED,0,0,Not Listed,,Not Listed,,Not Listed,,Not Listed,,N/A,N/A,N/A,,,,,,,,,,,,,,,,,,,,,,,,,,,,,,,,,,,,,,,,,,,,,,,,,,,,,,,,,,,,,,,,,,,,,,,,,,,,,,,,,,,,,,,,,,,,,,,,,,,,,,,,,,,,,,,,,,,,,,,,,,,,,,,,,,,,,
IL,111393,2357 W Ohio St. - Spot #2 Only,"2357 West Ohio Street, Chicago, IL 60612",IN OPERATION,Daily Only,1,N/A,Not Listed,,Not Listed,,Not Listed,,Not Listed,,"41.89175,-87.6865",,70/30,Christian Murau,,,,,,,,,,,,,,,,,,,,,,,,,,,,,,,,,,,,,,,,,,,,,,,,,,,,,,,,,,,,,,,,,,,,,,,,,,,,,,,,,,,,,,,,,,,,,,,,,,,,,,,,,,,,,,,,,,,,,,,,,,,,,,,,,,,,
MA,95982,236 Bowen St. (78 F St.) - Spot #1 only (ARCHIVED) ,"78 F St, Boston, MA 02127",PERMANENTLY CLOSED,PERMANENTLY CLOSED,0,0,Not Listed,,Not Listed,,Not Listed,,Not Listed,,N/A,N/A,N/A,Adam Cutter/ Brightline Management,,,,,,,,,,,,,,,,,,,,,,,,,,,,,,,,,,,,,,,,,,,,,,,,,,,,,,,,,,,,,,,,,,,,,,,,,,,,,,,,,,,,,,,,,,,,,,,,,,,,,,,,,,,,,,,,,,,,,,,,,,,,,,,,,,,,
MA,,236 Bowen St. (78 F St.) - Spot #2 (ARCHIVED) ,"78 F St, Boston, MA 02127",PERMANENTLY CLOSED,PERMANENTLY CLOSED,0,0,Not Listed,,Not Listed,,Not Listed,,Not Listed,,N/A,N/A,N/A,Adam Cutter/Brightline Management,,,,,,,,,,,,,,,,,,,,,,,,,,,,,,,,,,,,,,,,,,,,,,,,,,,,,,,,,,,,,,,,,,,,,,,,,,,,,,,,,,,,,,,,,,,,,,,,,,,,,,,,,,,,,,,,,,,,,,,,,,,,,,,,,,,,
MA,,237 Freeman St. - Concrete Pad (ARCHIVED),"237 Freeman Street, Brookline, MA 02446",PERMANENTLY CLOSED,PERMANENTLY CLOSED,0,0,Not Listed,,Not Listed,,Not Listed,,Not Listed,,N/A,N/A,N/A,Parking Boston Inc. - Jasmine Taylor,,,,,,,,,,,,,,,,,,,,,,,,,,,,,,,,,,,,,,,,,,,,,,,,,,,,,,,,,,,,,,,,,,,,,,,,,,,,,,,,,,,,,,,,,,,,,,,,,,,,,,,,,,,,,,,,,,,,,,,,,,,,,,,,,,,,
MA,19952,"239 E St. - Spot #1, 2 or 3 only","239 E Street, Boston, MA 02127",IN OPERATION,Daily&Monthly,3,2,Not Listed,,Not Listed,,Not Listed,,Not Listed,,"42.3353674,-71.0516525",,FIXED,Ted Goldberg,,,,,,,,,,,,,,,,,,,,,,,,,,,,,,,,,,,,,,,,,,,,,,,,,,,,,,,,,,,,,,,,,,,,,,,,,,,,,,,,,,,,,,,,,,,,,,,,,,,,,,,,,,,,,,,,,,,,,,,,,,,,,,,,,,,,
MA,85522,24 S Huntington Ave. - Spot #13 or #14 Only,"24 S Huntington Ave, Boston, MA 02130, USA",IN OPERATION,Daily Only,2,N/A,Not Listed,,Not Listed,,Not Listed,,Not Listed,,"42.331444,-71.111361",,FIXED,RIC,,,,,,,,,,,,,,,,,,,,,,,,,,,,,,,,,,,,,,,,,,,,,,,,,,,,,,,,,,,,,,,,,,,,,,,,,,,,,,,,,,,,,,,,,,,,,,,,,,,,,,,,,,,,,,,,,,,,,,,,,,,,,,,,,,,,
MA,141588,240 Allston St. - Whole Tandem Driveway Spot,"240 Allston Street Cambridge, MA, 02139",IN OPERATION,Events and Daily ONLY,1,N/A,Not Listed,,Not Listed,,Not Listed,,Not Listed,,"42°21'34.5""N 71°06'36.0""W",,N/A,,,,,,,,,,,,,,,,,,,,,,,,,,,,,,,,,,,,,,,,,,,,,,,,,,,,,,,,,,,,,,,,,,,,,,,,,,,,,,,,,,,,,,,,,,,,,,,,,,,,,,,,,,,,,,,,,,,,,,,,,,,,,,,,,,,,,
MA,,241 Freeman St. - Concrete Pad (ARCHIVED),"241 Freeman Street, Brookline, MA 02446",PERMANENTLY CLOSED,PERMANENTLY CLOSED,0,0,Not Listed,,Not Listed,,Not Listed,,Not Listed,,N/A,N/A,N/A,Parking Boston Inc. - Jasmine Taylor,,,,,,,,,,,,,,,,,,,,,,,,,,,,,,,,,,,,,,,,,,,,,,,,,,,,,,,,,,,,,,,,,,,,,,,,,,,,,,,,,,,,,,,,,,,,,,,,,,,,,,,,,,,,,,,,,,,,,,,,,,,,,,,,,,,,
MA,,241 Norfolk St - Parallel Driveway Spot (ARCHIVED),"241 Norfolk Street, Cambridge, MA 02139",PERMANENTLY CLOSED,PERMANENTLY CLOSED,0,0,Not Listed,,Not Listed,,Not Listed,,Not Listed,,N/A,N/A,N/A,,,,,,,,,,,,,,,,,,,,,,,,,,,,,,,,,,,,,,,,,,,,,,,,,,,,,,,,,,,,,,,,,,,,,,,,,,,,,,,,,,,,,,,,,,,,,,,,,,,,,,,,,,,,,,,,,,,,,,,,,,,,,,,,,,,,,
WASHINGTON DC,20188,2422 I St. NW - Left Spot Only,"2422 I Street Northwest, Washington, DC 20037",IN OPERATION,Daily Only,1,N/A,Not Listed,,Not Listed,,Not Listed,,Not Listed,,"38.9005036,-77.0529272",,FIXED,Mark Toufanian,,,,,,,,,,,,,,,,,,,,,,,,,,,,,,,,,,,,,,,,,,,,,,,,,,,,,,,,,,,,,,,,,,,,,,,,,,,,,,,,,,,,,,,,,,,,,,,,,,,,,,,,,,,,,,,,,,,,,,,,,,,,,,,,,,,,
MA,44700,243 Public Alley 419 - 243 Beacon St.,"243 Public Alley 419, Boston, MA 02116",IN OPERATION,Daily Only,1,N/A,Not Listed,,Not Listed,,Not Listed,,Not Listed,,"42.353417,-71.078306",,FIXED,Parking Boston Inc. - Jasmine Taylor - OLD spot,,,,,,,,,,,,,,,,,,,,,,,,,,,,,,,,,,,,,,,,,,,,,,,,,,,,,,,,,,,,,,,,,,,,,,,,,,,,,,,,,,,,,,,,,,,,,,,,,,,,,,,,,,,,,,,,,,,,,,,,,,,,,,,,,,,,
IL,96252,2435 N Washtenaw Ave. - Spot #3,"2435 N Washtenaw Ave, Chicago, IL 60647",IN OPERATION,Daily Only,1,N/A,Not Listed,,Not Listed,,Not Listed,,Not Listed,,"41.925944,-87.6945",,70/30,,,,,,,,,,,,,,,,,,,,,,,,,,,,,,,,,,,,,,,,,,,,,,,,,,,,,,,,,,,,,,,,,,,,,,,,,,,,,,,,,,,,,,,,,,,,,,,,,,,,,,,,,,,,,,,,,,,,,,,,,,,,,,,,,,,,,
MA,89193,244 Beacon St (244 Back St.) - Parallel Spot,"244 Beacon Street Boston, MA, 02116",IN OPERATION,Daily Only,1,N/A,Not Listed,,Not Listed,,Not Listed,,Not Listed,,"42.354028,-71.079806",,FIXED,Parking Boston Inc. - Jasmine Taylor,,,,,,,,,,,,,,,,,,,,,,,,,,,,,,,,,,,,,,,,,,,,,,,,,,,,,,,,,,,,,,,,,,,,,,,,,,,,,,,,,,,,,,,,,,,,,,,,,,,,,,,,,,,,,,,,,,,,,,,,,,,,,,,,,,,,
IL,89451,2445 W Moffat St. - Right Spot Only,"2445 W Moffat St, Chicago, IL, 60647",IN OPERATION,Daily Only,1,N/A,Not Listed,,Not Listed,,Not Listed,,Not Listed,,"41.914417,-87.689083",,FIXED,2445 Holdings LLc/ Steven Ikeda,,,,,,,,,,,,,,,,,,,,,,,,,,,,,,,,,,,,,,,,,,,,,,,,,,,,,,,,,,,,,,,,,,,,,,,,,,,,,,,,,,,,,,,,,,,,,,,,,,,,,,,,,,,,,,,,,,,,,,,,,,,,,,,,,,,,
IL,19163,2457 W Armitage Ave. - Alley Spot,"2457 West Armitage Avenue, Chicago, IL 60647",IN OPERATION,Daily Only,1,N/A,Not Listed,,Not Listed,,Not Listed,,Not Listed,,"41.917139,-87.689611",,FIXED,JAA properties,,,,,,,,,,,,,,,,,,,,,,,,,,,,,,,,,,,,,,,,,,,,,,,,,,,,,,,,,,,,,,,,,,,,,,,,,,,,,,,,,,,,,,,,,,,,,,,,,,,,,,,,,,,,,,,,,,,,,,,,,,,,,,,,,,,,
MA,55690,25 Garrison Rd - Spot #13 only - NO SUV's,"25 Garrison Road, Brookline, MA 02445",IN OPERATION,Daily Only,1,1,Not Listed,,Not Listed,,Not Listed,,Not Listed,,"42.338083,-71.137111",,FIXED,Oakhill Property LLC - Ashkan Sanieoff,,,,,,,,,,,,,,,,,,,,,,,,,,,,,,,,,,,,,,,,,,,,,,,,,,,,,,,,,,,,,,,,,,,,,,,,,,,,,,,,,,,,,,,,,,,,,,,,,,,,,,,,,,,,,,,,,,,,,,,,,,,,,,,,,,,,
MA,91362,"25 Hudson St. - Spots #1, 2, 3, 4, 5 or 6 Only","25 Hudson St, Cambridge, MA 02138, USA",IN OPERATION,Daily&Monthly,6,5,Not Listed,,Not Listed,,Listed,2,Not Listed,,"42.382278,-71.121139",,FIXED,Parking Boston Inc -Jasmine,,,,,,,,,,,,,,,,,,,,,,,,,,,,,,,,,,,,,,,,,,,,,,,,,,,,,,,,,,,,,,,,,,,,,,,,,,,,,,,,,,,,,,,,,,,,,,,,,,,,,,,,,,,,,,,,,,,,,,,,,,,,,,,,,,,,
MA,100307,25 Mt Hood Rd. - Spot #11 Only,25 Mt Hood Rd Boston MA 02135,IN OPERATION,Daily Only,1,N/A,Not Listed,,Not Listed,,Not Listed,,Not Listed,,"42.342153, -71.142333",,FIXED,Parking Boston Inc - Jasmine,,,,,,,,,,,,,,,,,,,,,,,,,,,,,,,,,,,,,,,,,,,,,,,,,,,,,,,,,,,,,,,,,,,,,,,,,,,,,,,,,,,,,,,,,,,,,,,,,,,,,,,,,,,,,,,,,,,,,,,,,,,,,,,,,,,,
MA,146332,25 Mt. Vernon St. - Spot #6 Only,"25 Mount Vernon Street Somerville, MA 02145",IN OPERATION,Daily Only,1,N/A,Not Listed,,Not Listed,,Not Listed,,Not Listed,,"42°23'07.8""N 71°04'47.3""W",,,,,,,,,,,,,,,,,,,,,,,,,,,,,,,,,,,,,,,,,,,,,,,,,,,,,,,,,,,,,,,,,,,,,,,,,,,,,,,,,,,,,,,,,,,,,,,,,,,,,,,,,,,,,,,,,,,,,,,,,,,,,,,,,,,,,,,
NY,148053,25 W 13th St. - Garage Spot #63 Only,"25 West 13th Street New York, NY 10011",IN OPERATION,Daily Only,1,N/A,Not Listed,,Not Listed,,Not Listed,,Not Listed,,"40°44'09.8""N 73°59'44.5""W","DO NOT LEAVE KEY TO VALET, as they might not be available after business hours. Please use keypad Garage Code: (1972)",,,,,,,,,,,,,,,,,,,,,,,,,,,,,,,,,,,,,,,,,,,,,,,,,,,,,,,,,,,,,,,,,,,,,,,,,,,,,,,,,,,,,,,,,,,,,,,,,,,,,,,,,,,,,,,,,,,,,,,,,,,,,,,,,,,,,,
MA,43088,250 Newbury St. - Whole Tandem Row - Spot #1 or #2,"250 Newbury Street, Boston, MA 02116",IN OPERATION,Events and Daily ONLY,2,N/A,Not Listed,,Not Listed,,Not Listed,,Not Listed,,"42.349167,-71.082583",,FIXED,Heath Properties,,,,,,,,,,,,,,,,,,,,,,,,,,,,,,,,,,,,,,,,,,,,,,,,,,,,,,,,,,,,,,,,,,,,,,,,,,,,,,,,,,,,,,,,,,,,,,,,,,,,,,,,,,,,,,,,,,,,,,,,,,,,,,,,,,,,
MA,29059,250 Western Ave - Left or Right Spot,"250 Western Avenue, Cambridge, MA 02139",IN OPERATION,Daily&Monthly,2,1,Not Listed,,Not Listed,,Not Listed,,Not Listed,,"42.364389,-71.1115",,FIXED,Parking Boston Inc. - Jasmine Taylor,,,,,,,,,,,,,,,,,,,,,,,,,,,,,,,,,,,,,,,,,,,,,,,,,,,,,,,,,,,,,,,,,,,,,,,,,,,,,,,,,,,,,,,,,,,,,,,,,,,,,,,,,,,,,,,,,,,,,,,,,,,,,,,,,,,,
IL,118917,2501 N Southport Ave. - Spot #4 or #5 Only,"2501 N Southport Ave, Chicago, IL 60614, USA",IN OPERATION,Daily&Monthly,2,1,Not Listed,,Not Listed,,Not Listed,,Not Listed,,"41.927222,-87.662806",,70/30,Srinivasa Sirigiri,,,,,,,,,,,,,,,,,,,,,,,,,,,,,,,,,,,,,,,,,,,,,,,,,,,,,,,,,,,,,,,,,,,,,,,,,,,,,,,,,,,,,,,,,,,,,,,,,,,,,,,,,,,,,,,,,,,,,,,,,,,,,,,,,,,,
IL,100569,"2512 N Halsted St. - Spot #1, #2, or #3","2512 North Halsted Street Chicago, IL, 60614",IN OPERATION,Events and Daily ONLY,3,N/A,Not Listed,,Not Listed,,Not Listed,,Not Listed,,"41.927731, -87.649367",,FIXED,Basilios Capital  I -Hadi  Sharabi (Agent),,,,,,,,,,,,,,,,,,,,,,,,,,,,,,,,,,,,,,,,,,,,,,,,,,,,,,,,,,,,,,,,,,,,,,,,,,,,,,,,,,,,,,,,,,,,,,,,,,,,,,,,,,,,,,,,,,,,,,,,,,,,,,,,,,,,
IL,69583,2516 N Artesian Ave - Alley Spot,"2516 North Artesian Avenue, Chicago, IL, 60647",IN OPERATION,Daily Only,1,N/A,Not Listed,,Not Listed,,Not Listed,,Not Listed,,"41.927278,-87.689528",,FIXED,Myway Properties series A LLC,,,,,,,,,,,,,,,,,,,,,,,,,,,,,,,,,,,,,,,,,,,,,,,,,,,,,,,,,,,,,,,,,,,,,,,,,,,,,,,,,,,,,,,,,,,,,,,,,,,,,,,,,,,,,,,,,,,,,,,,,,,,,,,,,,,,
IL,101960,"2521 N Halsted St. - Spot #1, 2 or 3 Only","2521 N Halsted St, Chicago, IL 60614, USA",IN OPERATION,Events and Daily ONLY,3,N/A,Not Listed,,Not Listed,,Not Listed,,Not Listed,,"41.927944,-87.64825",,FIXED,Basilios Capital  I -Hadi  Sharabi (Agent)/ Tony Basilios,,,,,,,,,,,,,,,,,,,,,,,,,,,,,,,,,,,,,,,,,,,,,,,,,,,,,,,,,,,,,,,,,,,,,,,,,,,,,,,,,,,,,,,,,,,,,,,,,,,,,,,,,,,,,,,,,,,,,,,,,,,,,,,,,,,,
NY,,25-25 Newtown Ave. - Spot #5 Only (ARCHIVED) ,"25-25 Newtown Avenue NY, 11102",PERMANENTLY CLOSED,PERMANENTLY CLOSED,0,0,Not Listed,,Not Listed,,Not Listed,,Not Listed,,N/A,N/A,N/A,NewsTead Organization Corp.,,,,,,,,,,,,,,,,,,,,,,,,,,,,,,,,,,,,,,,,,,,,,,,,,,,,,,,,,,,,,,,,,,,,,,,,,,,,,,,,,,,,,,,,,,,,,,,,,,,,,,,,,,,,,,,,,,,,,,,,,,,,,,,,,,,,
WASHINGTON DC,,2529 I St. NW - Lot (ARCHIVED),"2529 I Street Northwest, Washington, DC 20037",PERMANENTLY CLOSED,PERMANENTLY CLOSED,0,0,Not Listed,,Not Listed,,Not Listed,,Not Listed,,N/A,N/A,N/A,,,,,,,,,,,,,,,,,,,,,,,,,,,,,,,,,,,,,,,,,,,,,,,,,,,,,,,,,,,,,,,,,,,,,,,,,,,,,,,,,,,,,,,,,,,,,,,,,,,,,,,,,,,,,,,,,,,,,,,,,,,,,,,,,,,,,
CA,120815,"2537 Ellsworth St. - Spots #7, 8 or 9 Only","2537 Ellsworth Street, Berkeley, CA 94704",IN OPERATION,Daily&Monthly,3,2,Not Listed,,Not Listed,,Not Listed,,Not Listed,,"37.863167,-122.262639",For access: Main gate code: 5689# Pedestrian gate code: 3049,FIXED,Vincent,,,,,,,,,,,,,,,,,,,,,,,,,,,,,,,,,,,,,,,,,,,,,,,,,,,,,,,,,,,,,,,,,,,,,,,,,,,,,,,,,,,,,,,,,,,,,,,,,,,,,,,,,,,,,,,,,,,,,,,,,,,,,,,,,,,,
MA,93376,254-258 Allston St. - Spot #18 or 19 Only,"254 Allston Street Boston, MA, 02135",IN OPERATION,Daily&Monthly,2,1,Not Listed,,Not Listed,,Not Listed,,Not Listed,,"42.345298, -71.138809",,FIXED,Parking Boston Inc.- Jasmine,,,,,,,,,,,,,,,,,,,,,,,,,,,,,,,,,,,,,,,,,,,,,,,,,,,,,,,,,,,,,,,,,,,,,,,,,,,,,,,,,,,,,,,,,,,,,,,,,,,,,,,,,,,,,,,,,,,,,,,,,,,,,,,,,,,,
IL,89242,2544 W Argyle St.,"2544 West Argyle Street Chicago, IL, 60625",PERMANENTLY CLOSED,Daily&Monthly,1,0,Not Listed,,Not Listed,,Not Listed,,Not Listed,,"41.972361,-87.692333",,70/30,Veasna Kim,,,,,,,,,,,,,,,,,,,,,,,,,,,,,,,,,,,,,,,,,,,,,,,,,,,,,,,,,,,,,,,,,,,,,,,,,,,,,,,,,,,,,,,,,,,,,,,,,,,,,,,,,,,,,,,,,,,,,,,,,,,,,,,,,,,,
MA,106740,"256 Parker Hill Ave. - Spots #1, 4, 6, 14, 21, 22 or #23 Only","256 Parker Hill Ave, Boston, MA 02120, USA",IN OPERATION,Daily&Monthly,7,6,Not Listed,,Not Listed,,Not Listed,,Not Listed,,"42°19'43.1""N 71°06'03.6""W",,FIXED,Parking Boston Inc - Jasmine,,,,,,,,,,,,,,,,,,,,,,,,,,,,,,,,,,,,,,,,,,,,,,,,,,,,,,,,,,,,,,,,,,,,,,,,,,,,,,,,,,,,,,,,,,,,,,,,,,,,,,,,,,,,,,,,,,,,,,,,,,,,,,,,,,,,
MN,151512,2536 Dupont Ave. S - Spot M Only,"2536 Dupont Avenue South Minneapolis, MN 55405",IN OPERATION,Daily Only,1,N/A,Not Listed,,Not Listed,,Not Listed,,Not Listed,,"44°57'22.2""N 93°17'37.7""W",,,,,,,,,,,,,,,,,,,,,,,,,,,,,,,,,,,,,,,,,,,,,,,,,,,,,,,,,,,,,,,,,,,,,,,,,,,,,,,,,,,,,,,,,,,,,,,,,,,,,,,,,,,,,,,,,,,,,,,,,,,,,,,,,,,,,,,
MA,97206,2578 Massachusetts Ave. - Spot #1 or #2 Only,"2578 Massachusetts Ave, Cambridge, MA 02140",IN OPERATION,Daily&Monthly,2,1,Not Listed,,Not Listed,,Not Listed,,Not Listed,,"42.400074, -71.134892",,FIXED,Jasmine,,,,,,,,,,,,,,,,,,,,,,,,,,,,,,,,,,,,,,,,,,,,,,,,,,,,,,,,,,,,,,,,,,,,,,,,,,,,,,,,,,,,,,,,,,,,,,,,,,,,,,,,,,,,,,,,,,,,,,,,,,,,,,,,,,,,
MA,128586,"2591 Washington St. - Spots #8, 9, 10A, 10 or 11 Only","2591 Washington Street, Boston, MA 02119",IN OPERATION,Daily&Monthly,5,5,Listed,0,Not Listed,,Not Listed,,Not Listed,,"42°19'32.1""N 71°05'18.4""W",,,Parking Boston Inc. ,,,,,,,,,,,,,,,,,,,,,,,,,,,,,,,,,,,,,,,,,,,,,,,,,,,,,,,,,,,,,,,,,,,,,,,,,,,,,,,,,,,,,,,,,,,,,,,,,,,,,,,,,,,,,,,,,,,,,,,,,,,,,,,,,,,,
MA,46254,26 Harbor View St - Spots #1 or #2,"26 Harbor View Street, Boston, MA 02125",IN OPERATION,Daily&Monthly,2,2,Not Listed,,Not Listed,,Not Listed,,Not Listed,,"42.317417,-71.0552192",,FIXED,Alp Kantar; Puspa Jelita,,,,,,,,,,,,,,,,,,,,,,,,,,,,,,,,,,,,,,,,,,,,,,,,,,,,,,,,,,,,,,,,,,,,,,,,,,,,,,,,,,,,,,,,,,,,,,,,,,,,,,,,,,,,,,,,,,,,,,,,,,,,,,,,,,,,
MA,115122,"26 Public Alley 810 (26 Symphony Rd.) - Spots #1, #2 or #3 Only","26 Symphony Road, Boston, MA 02115",IN OPERATION,Events and Daily ONLY,3,N/A,Not Listed,,Not Listed,,Not Listed,,Not Listed,,"42.342639,-71.088083",,FIXED,Alp Kantar; Puspa Jelita,,,,,,,,,,,,,,,,,,,,,,,,,,,,,,,,,,,,,,,,,,,,,,,,,,,,,,,,,,,,,,,,,,,,,,,,,,,,,,,,,,,,,,,,,,,,,,,,,,,,,,,,,,,,,,,,,,,,,,,,,,,,,,,,,,,,
MA,124462,26 Sunnyside St. - Spot #3 Only,"6 Westerly Street, Boston, MA 02130",IN OPERATION,Daily Only,1,N/A,Not Listed,,Not Listed,,Not Listed,,Not Listed,,"42.322611,-71.107083",,FIXED,Chiadika Nwanze,,,,,,,,,,,,,,,,,,,,,,,,,,,,,,,,,,,,,,,,,,,,,,,,,,,,,,,,,,,,,,,,,,,,,,,,,,,,,,,,,,,,,,,,,,,,,,,,,,,,,,,,,,,,,,,,,,,,,,,,,,,,,,,,,,,,
MA,91330,26 Windom St. - Driveway Spot Whole Tandem Row,"26 Windom St, Allston, MA 02134",IN OPERATION,Events and Daily ONLY,1,N/A,Not Listed,,Not Listed,,Not Listed,,Not Listed,,"42.3601205,-71.1239744",,70/30,Nathaniel Eaton Allston LLC,,,,,,,,,,,,,,,,,,,,,,,,,,,,,,,,,,,,,,,,,,,,,,,,,,,,,,,,,,,,,,,,,,,,,,,,,,,,,,,,,,,,,,,,,,,,,,,,,,,,,,,,,,,,,,,,,,,,,,,,,,,,,,,,,,,,
MA,149018,"26-32 Arcadia St. - Spots #2, 3, 4 or #5 Only","26 Arcadia Street Boston, MA 02122",IN OPERATION,Daily&Monthly,4,3,Not Listed,,Not Listed,,Not Listed,,Not Listed,,"42°18'04.7""N 71°03'44.1""W",,,,,,,,,,,,,,,,,,,,,,,,,,,,,,,,,,,,,,,,,,,,,,,,,,,,,,,,,,,,,,,,,,,,,,,,,,,,,,,,,,,,,,,,,,,,,,,,,,,,,,,,,,,,,,,,,,,,,,,,,,,,,,,,,,,,,,,
MA,,"260 Columbia St. - Spot #1, 2, 3 or 4 Only (ARCHIVED) ","260 Columbia St, Cambridge, MA 02139",PERMANENTLY CLOSED,PERMANENTLY CLOSED,0,0,Not Listed,,Not Listed,,Not Listed,,Not Listed,,"42.3694589,-71.0964963",,FIXED,Parking Boston Inc. - Jasmine Taylor,,,,,,,,,,,,,,,,,,,,,,,,,,,,,,,,,,,,,,,,,,,,,,,,,,,,,,,,,,,,,,,,,,,,,,,,,,,,,,,,,,,,,,,,,,,,,,,,,,,,,,,,,,,,,,,,,,,,,,,,,,,,,,,,,,,,
WASHINGTON DC,86978,2605 11th St. NW - Spot #1 Only,"2605 11th St NW, Washington, DC 20001, USA",IN OPERATION,Daily Only,1,N/A,Not Listed,,Not Listed,,Not Listed,,Not Listed,,"38.924056,-77.026639",,FIXED,Angel Donchev,,,,,,,,,,,,,,,,,,,,,,,,,,,,,,,,,,,,,,,,,,,,,,,,,,,,,,,,,,,,,,,,,,,,,,,,,,,,,,,,,,,,,,,,,,,,,,,,,,,,,,,,,,,,,,,,,,,,,,,,,,,,,,,,,,,,
IL,118753,261 Woodland Rd. - Driveway Spot Only,"261 Woodland Road, Highland Park, IL, 60035",IN OPERATION,Daily Only,1,1,Not Listed,,Not Listed,,Not Listed,,Not Listed,,"42.163444,-87.774667",,70/30,Olivia Garber,,,,,,,,,,,,,,,,,,,,,,,,,,,,,,,,,,,,,,,,,,,,,,,,,,,,,,,,,,,,,,,,,,,,,,,,,,,,,,,,,,,,,,,,,,,,,,,,,,,,,,,,,,,,,,,,,,,,,,,,,,,,,,,,,,,,
NY,83838,26-17 28th St. - Spot #7 Only,"26-17 28th Street NY, 11102",IN OPERATION,Daily&Monthly,1,1,Not Listed,,Not Listed,,Not Listed,,Not Listed,,"40.770388, -73.921178",,FIXED,Natalie,,,,,,,,,,,,,,,,,,,,,,,,,,,,,,,,,,,,,,,,,,,,,,,,,,,,,,,,,,,,,,,,,,,,,,,,,,,,,,,,,,,,,,,,,,,,,,,,,,,,,,,,,,,,,,,,,,,,,,,,,,,,,,,,,,,,
IL,134493,2628 N Wilton Ave. - Left Spot Only,"2628 N Wilton Ave, Chicago, IL 60614, USA",IN OPERATION,Events and Daily ONLY,1,1,Not Listed,,Not Listed,,Not Listed,,Not Listed,,"41°55'47.7""N 87°39'11.3""W",,,Anca P. Burke,,,,,,,,,,,,,,,,,,,,,,,,,,,,,,,,,,,,,,,,,,,,,,,,,,,,,,,,,,,,,,,,,,,,,,,,,,,,,,,,,,,,,,,,,,,,,,,,,,,,,,,,,,,,,,,,,,,,,,,,,,,,,,,,,,,,
PA,125686,2629 N Hampden Ct. - Garage Spot #35 Only,"2629 North Hampden Court, Chicago, IL 60614",IN OPERATION,Daily Only,1,1,Not Listed,,Not Listed,,Not Listed,,Not Listed,,"41.930271,-87.640506",,FIXED,Sergii Cherevko ,,,,,,,,,,,,,,,,,,,,,,,,,,,,,,,,,,,,,,,,,,,,,,,,,,,,,,,,,,,,,,,,,,,,,,,,,,,,,,,,,,,,,,,,,,,,,,,,,,,,,,,,,,,,,,,,,,,,,,,,,,,,,,,,,,,,
IL,93251,2672 N Halsted St. - Spot #1,"2672 N Halsted St, Chicago, IL 60614, USA",IN OPERATION,Events and Daily ONLY,1,1,Not Listed,,Not Listed,,Not Listed,,Not Listed,,"41.931167,-87.649556",,FIXED,Scottie Shermetaro,,,,,,,,,,,,,,,,,,,,,,,,,,,,,,,,,,,,,,,,,,,,,,,,,,,,,,,,,,,,,,,,,,,,,,,,,,,,,,,,,,,,,,,,,,,,,,,,,,,,,,,,,,,,,,,,,,,,,,,,,,,,,,,,,,,,
IL,19169,2672 N Halsted St. - Spot #3,"2672 North Halsted Street, Chicago, IL 60614",PERMANENTLY CLOSED,Events and Daily ONLY,1,1,Not Listed,,Not Listed,,Not Listed,,Not Listed,,"41.931167,-87.649556",,FIXED,Scottie Shermetaro,,,,,,,,,,,,,,,,,,,,,,,,,,,,,,,,,,,,,,,,,,,,,,,,,,,,,,,,,,,,,,,,,,,,,,,,,,,,,,,,,,,,,,,,,,,,,,,,,,,,,,,,,,,,,,,,,,,,,,,,,,,,,,,,,,,,
MA,29191,"27 Back St. - Spots #1, #2, or #3 Only","27 Back Street, Boston, MA 02215",IN OPERATION,Events and Daily ONLY,3,N/A,Not Listed,,Not Listed,,Not Listed,,Not Listed,,"42.350389,-71.094167",,FIXED,Parking Boston Inc. - Jasmine Taylor,,,,,,,,,,,,,,,,,,,,,,,,,,,,,,,,,,,,,,,,,,,,,,,,,,,,,,,,,,,,,,,,,,,,,,,,,,,,,,,,,,,,,,,,,,,,,,,,,,,,,,,,,,,,,,,,,,,,,,,,,,,,,,,,,,,,
MA,29821,27 Bay State Rd - Whole Tandem Row - Lot,"27 Bay State Road, Boston, MA 02215",IN OPERATION,Events and Daily ONLY,2,N/A,Not Listed,,Not Listed,,Not Listed,,Not Listed,,"42.350389,-71.094111",,FIXED,Parking Boston Inc. - Jasmine Taylor,,,,,,,,,,,,,,,,,,,,,,,,,,,,,,,,,,,,,,,,,,,,,,,,,,,,,,,,,,,,,,,,,,,,,,,,,,,,,,,,,,,,,,,,,,,,,,,,,,,,,,,,,,,,,,,,,,,,,,,,,,,,,,,,,,,,
MA,104760,"27 Dudley St. - Spot #1, 2, 3 or 4 Only","27 Dudley Street, Boston, MA, 02119",IN OPERATION,Daily&Monthly,4,4,Not Listed,,Not Listed,,Not Listed,,Not Listed,,"42.329056,-71.088944",,FIXED,Parking Boston Inc. - Jasmine Taylor,,,,,,,,,,,,,,,,,,,,,,,,,,,,,,,,,,,,,,,,,,,,,,,,,,,,,,,,,,,,,,,,,,,,,,,,,,,,,,,,,,,,,,,,,,,,,,,,,,,,,,,,,,,,,,,,,,,,,,,,,,,,,,,,,,,,
MA,109780,"27 Egremont Rd. - Spots #1, 2, 3, 4, or 5 Only","27 Egremont Road Boston, MA, 02135",IN OPERATION,Daily&Monthly,5,5,Not Listed,,Not Listed,,Not Listed,,Not Listed,,"42°20'27.3""N 71°08'35.1""W",,FIXED,Farah Sanieoff Khosro (Ezra Sanieoff’s wife),,,,,,,,,,,,,,,,,,,,,,,,,,,,,,,,,,,,,,,,,,,,,,,,,,,,,,,,,,,,,,,,,,,,,,,,,,,,,,,,,,,,,,,,,,,,,,,,,,,,,,,,,,,,,,,,,,,,,,,,,,,,,,,,,,,,
MA,85092,27 High St. - Spot #1 only (ARCHIVED),"27 High Street, Brookline, MA, 02445",PERMANENTLY CLOSED,Events and Daily ONLY,0,0,Not Listed,,Not Listed,,Not Listed,,Not Listed,,"42.3305951,-71.1181922",,FIXED,Parking Boston Inc. - Jasmine Taylor,,,,,,,,,,,,,,,,,,,,,,,,,,,,,,,,,,,,,,,,,,,,,,,,,,,,,,,,,,,,,,,,,,,,,,,,,,,,,,,,,,,,,,,,,,,,,,,,,,,,,,,,,,,,,,,,,,,,,,,,,,,,,,,,,,,,
MA,125685,27 High St. - Spot #1 or #3 Only,"27 High Street, Brookline, MA, 02445",IN OPERATION,Daily Only,2,N/A,Not Listed,,Not Listed,,Not Listed,,Not Listed,,"42.330639,-71.118028",,FIXED,Parking Boston Inc. - Jasmine Taylor,,,,,,,,,,,,,,,,,,,,,,,,,,,,,,,,,,,,,,,,,,,,,,,,,,,,,,,,,,,,,,,,,,,,,,,,,,,,,,,,,,,,,,,,,,,,,,,,,,,,,,,,,,,,,,,,,,,,,,,,,,,,,,,,,,,,
MA,134295,27 High St. - Garage Spot #6 Only,"27 High Street, Brookline, MA 02445",IN OPERATION,Daily Only,1,1,Not Listed,,Not Listed,,Not Listed,,Not Listed,,"42°19'50.3""N 71°07'04.9""W",,FIXED,Parking Boston Inc. - Jasmine Taylor,,,,,,,,,,,,,,,,,,,,,,,,,,,,,,,,,,,,,,,,,,,,,,,,,,,,,,,,,,,,,,,,,,,,,,,,,,,,,,,,,,,,,,,,,,,,,,,,,,,,,,,,,,,,,,,,,,,,,,,,,,,,,,,,,,,,
MA,86181,"27 Kelley Court - Spot #1, 2, 3, 4 or 5 ONLY","27 Kelley Court, Boston, MA, 02135",IN OPERATION,Daily&Monthly,5,4,Not Listed,,Not Listed,,Not Listed,,Not Listed,,"42.3613497,-71.1426758",,FIXED,Green Ocean Property Management,,,,,,,,,,,,,,,,,,,,,,,,,,,,,,,,,,,,,,,,,,,,,,,,,,,,,,,,,,,,,,,,,,,,,,,,,,,,,,,,,,,,,,,,,,,,,,,,,,,,,,,,,,,,,,,,,,,,,,,,,,,,,,,,,,,,
MA,152848,27 Springfield St. - Spots #1 - #8 Only,"27 Springfield Street, Somerville, MA 02143",IN OPERATION,Daily&Monthly,8,7,Not Listed,,Not Listed,,Not Listed,,Not Listed,,,,,,,,,,,,,,,,,,,,,,,,,,,,,,,,,,,,,,,,,,,,,,,,,,,,,,,,,,,,,,,,,,,,,,,,,,,,,,,,,,,,,,,,,,,,,,,,,,,,,,,,,,,,,,,,,,,,,,,,,,,,,,,,,,,,,,,,,
NJ,137423,270 Marin Blvd. - Spot #521 or #550 Only,"270 Marin Boulevard Jersey City, NJ 07302",IN OPERATION,Daily Only,2,N/A,Not Listed,,Not Listed,,Not Listed,,Not Listed,,"40°43'02.0""N 74°02'26.2""W",Code: Enter ‘140017’,,,,,,,,,,,,,,,,,,,,,,,,,,,,,,,,,,,,,,,,,,,,,,,,,,,,,,,,,,,,,,,,,,,,,,,,,,,,,,,,,,,,,,,,,,,,,,,,,,,,,,,,,,,,,,,,,,,,,,,,,,,,,,,,,,,,,,
WASHINGTON DC,74664,2709 Sherman Ave. NW - Left Spot Only,"2709 Sherman Avenue Northwest Washington, DC, 20001",IN OPERATION,Daily Only,1,N/A,Not Listed,,Not Listed,,Not Listed,,Not Listed,,"38.925222,-77.025167",,FIXED,Raphaelle Morand,,,,,,,,,,,,,,,,,,,,,,,,,,,,,,,,,,,,,,,,,,,,,,,,,,,,,,,,,,,,,,,,,,,,,,,,,,,,,,,,,,,,,,,,,,,,,,,,,,,,,,,,,,,,,,,,,,,,,,,,,,,,,,,,,,,,
WASHINGTON DC,107171,2716 Woodley Pl. NW - Left Spot Only,"2716 Woodley Pl NW, Washington, DC, 20008",IN OPERATION,Daily Only,1,N/A,Not Listed,,Not Listed,,Not Listed,,Not Listed,,"38.925833,-77.052139",,70/30, June Homes - Ferran ,,,,,,,,,,,,,,,,,,,,,,,,,,,,,,,,,,,,,,,,,,,,,,,,,,,,,,,,,,,,,,,,,,,,,,,,,,,,,,,,,,,,,,,,,,,,,,,,,,,,,,,,,,,,,,,,,,,,,,,,,,,,,,,,,,,,
MN,127597,2725 University Ave. SE - Lot,"2725 University Avenue Southeast, Minneapolis, MN, 55414",IN OPERATION,Daily&Monthly,50,45,Listed,15,Not Listed,,Listed,10,Not Listed,,"44°58'18.8""N 93°13'02.3""W",,80/20,U Garden ,,,,,,,,,,,,,,,,,,,,,,,,,,,,,,,,,,,,,,,,,,,,,,,,,,,,,,,,,,,,,,,,,,,,,,,,,,,,,,,,,,,,,,,,,,,,,,,,,,,,,,,,,,,,,,,,,,,,,,,,,,,,,,,,,,,,
IL,,2735 N Mildred Ave. - Middle spot only (ARCHIVED) ,"2735 N Mildred Ave, Chicago, IL 60614",PERMANENTLY CLOSED,PERMANENTLY CLOSED,0,0,Not Listed,,Not Listed,,Not Listed,,Not Listed,,N/A,N/A,N/A,Elaine Cleary,,,,,,,,,,,,,,,,,,,,,,,,,,,,,,,,,,,,,,,,,,,,,,,,,,,,,,,,,,,,,,,,,,,,,,,,,,,,,,,,,,,,,,,,,,,,,,,,,,,,,,,,,,,,,,,,,,,,,,,,,,,,,,,,,,,,
MA,85692,274 Parker Hill Ave. - Garage Spot #2 or #3 Only,"274 Parker Hill Avenue, Boston, MA, 02120",IN OPERATION,Daily Monthly & Event,2,1,Not Listed,,Not Listed,,Not Listed,,Not Listed,,"42.3281351,-71.0999004","Garage Code
2740
for all the garage doors.

GARAGE 2 - 2742",FIXED,Alp Kantar; Puspa Jelita,,,,,,,,,,,,,,,,,,,,,,,,,,,,,,,,,,,,,,,,,,,,,,,,,,,,,,,,,,,,,,,,,,,,,,,,,,,,,,,,,,,,,,,,,,,,,,,,,,,,,,,,,,,,,,,,,,,,,,,,,,,,,,,,,,,,
MA,104629,275 Parker Hill Ave. - Spot #2 or #4 Only,"275 Parker Hill Avenue, Boston, MA, 02120",IN OPERATION,Daily&Monthly,2,1,Not Listed,,Not Listed,,Not Listed,,Not Listed,,"42.328019,-71.100051",,FIXED,Parking Boston Inc - Jasmine,,,,,,,,,,,,,,,,,,,,,,,,,,,,,,,,,,,,,,,,,,,,,,,,,,,,,,,,,,,,,,,,,,,,,,,,,,,,,,,,,,,,,,,,,,,,,,,,,,,,,,,,,,,,,,,,,,,,,,,,,,,,,,,,,,,,
IL,88560,2758 W Francis Pl. - Fence Spot,"2758 W Francis Place. Chicago, IL 60647  ",IN OPERATION,Daily Only,1,1,Not Listed,,Not Listed,,Not Listed,,Not Listed,,"41.918417,-87.696611",,FIXED,"2758 W Francis Place
Condominium Association -Tina Young/Faith Buffington ",,,,,,,,,,,,,,,,,,,,,,,,,,,,,,,,,,,,,,,,,,,,,,,,,,,,,,,,,,,,,,,,,,,,,,,,,,,,,,,,,,,,,,,,,,,,,,,,,,,,,,,,,,,,,,,,,,,,,,,,,,,,,,,,,,,,
MA,52654,276 Chestnut Hill Ave. - Spot O Only,"276 Chestnut Hill Avenue, Boston, MA 02135",IN OPERATION,Daily Only,1,N/A,Not Listed,,Not Listed,,Not Listed,,Not Listed,,"42.3390086,-71.1538106",,FIXED,Gary Perlman,,Vehicle stuck  - slippery,,,,,,,,,,,,,,,,,,,,,,,,,,,,,,,,,,,,,,,,,,,,,,,,,,,,,,,,,,,,,,,,,,,,,,,,,,,,,,,,,,,,,,,,,,,,,,,,,,,,,,,,,,,,,,,,,,,,,,,,,,,,,,,,,,
MA,89232,277 Beacon St. - Spot #2,"277 Beacon Street Boston, MA, 02116",PERMANENTLY CLOSED,PERMANENTLY CLOSED,1,N/A,Not Listed,,Not Listed,,Not Listed,,Not Listed,,"42.352944,-71.080056",,FIXED,Parking Boston Inc. - Jasmine Taylor,,,,,,,,,,,,,,,,,,,,,,,,,,,,,,,,,,,,,,,,,,,,,,,,,,,,,,,,,,,,,,,,,,,,,,,,,,,,,,,,,,,,,,,,,,,,,,,,,,,,,,,,,,,,,,,,,,,,,,,,,,,,,,,,,,,,
MA,27872,"277 Mason Terrace - Spots #4, #5, #6 or #7 Only","277 Mason Terrace, Brookline, MA 02446",IN OPERATION,Daily Monthly & Event,4,3,Not Listed,,Not Listed,,Not Listed,,Not Listed,,"42.344806,-71.133556",,FIXED,Parking Boston Inc. - Jasmine Taylor,,,,,,,,,,,,,,,,,,,,,,,,,,,,,,,,,,,,,,,,,,,,,,,,,,,,,,,,,,,,,,,,,,,,,,,,,,,,,,,,,,,,,,,,,,,,,,,,,,,,,,,,,,,,,,,,,,,,,,,,,,,,,,,,,,,,
MA,72816,277 Northampton St. - Spot #44 - 52,"277 Northampton Street, Boston, MA, 02118",IN OPERATION,Daily Monthly & Event,9,7,Listed,2,Not Listed,,Not Listed,,Not Listed,,"42°20'22.7""N 71°04'55.0""W",,FIXED,Stanhope Garage,,,,,,,,,,,,,,,,,,,,,,,,,,,,,,,,,,,,,,,,,,,,,,,,,,,,,,,,,,,,,,,,,,,,,,,,,,,,,,,,,,,,,,,,,,,,,,,,,,,,,,,,,,,,,,,,,,,,,,,,,,,,,,,,,,,,
MA,21868,279 Northampton St. - Spot# 3 or 4 ONLY,"279 Northampton St, Boston, MA 02118, USA",IN OPERATION,Daily Monthly & Event,2,1,Not Listed,,Not Listed,,Not Listed,,Not Listed,,"42.339806,-71.082",,FIXED,Stanhope Garage,,,,,,,,,,,,,,,,,,,,,,,,,,,,,,,,,,,,,,,,,,,,,,,,,,,,,,,,,,,,,,,,,,,,,,,,,,,,,,,,,,,,,,,,,,,,,,,,,,,,,,,,,,,,,,,,,,,,,,,,,,,,,,,,,,,,
MA,107169,28 Charnwood Rd. - Left Spot Only,"28 Charnwood Road, Somerville, MA, 02144",IN OPERATION,Daily Monthly & Event,1,1,Not Listed,,Not Listed,,Not Listed,,Not Listed,,"42.39286,-71.116243",,FIXED,June Homes - Ferran ,,snow were piled up on the left spot,,,,,,,,,,,,,,,,,,,,,,,,,,,,,,,,,,,,,,,,,,,,,,,,,,,,,,,,,,,,,,,,,,,,,,,,,,,,,,,,,,,,,,,,,,,,,,,,,,,,,,,,,,,,,,,,,,,,,,,,,,,,,,,,,,
MA,112779,28 Charnwood Rd. - Right Spot Only,"28 Charnwood Road, Somerville, MA, 02144",IN OPERATION,Events and Daily ONLY,1,N/A,Not Listed,,Not Listed,,Not Listed,,Not Listed,,"42.39286,-71.116243",,70/30,June Homes - Ferran ,,,,,,,,,,,,,,,,,,,,,,,,,,,,,,,,,,,,,,,,,,,,,,,,,,,,,,,,,,,,,,,,,,,,,,,,,,,,,,,,,,,,,,,,,,,,,,,,,,,,,,,,,,,,,,,,,,,,,,,,,,,,,,,,,,,,
MA,125090,28 Fisher Ave. - Spot #1 or #2 Only,"28 Fisher Avenue, Boston, MA, 02120",IN OPERATION,Daily&Monthly,2,1,Not Listed,,Not Listed,,Not Listed,,Not Listed,,"42.327333,-71.100972",,FIXED,Groma Property Management,,,,,,,,,,,,,,,,,,,,,,,,,,,,,,,,,,,,,,,,,,,,,,,,,,,,,,,,,,,,,,,,,,,,,,,,,,,,,,,,,,,,,,,,,,,,,,,,,,,,,,,,,,,,,,,,,,,,,,,,,,,,,,,,,,,,
MA,,28 Hunnewell Ave. - Driveway Spot Only (ARCHIVED),"28 Hunnewell Ave, Boston, MA, 02135",PERMANENTLY CLOSED,PERMANENTLY CLOSED,0,0,Not Listed,,Not Listed,,Not Listed,,Not Listed,,"42.352176,-71.170051",,70/30,June Homes - Ferran ,,,,,,,,,,,,,,,,,,,,,,,,,,,,,,,,,,,,,,,,,,,,,,,,,,,,,,,,,,,,,,,,,,,,,,,,,,,,,,,,,,,,,,,,,,,,,,,,,,,,,,,,,,,,,,,,,,,,,,,,,,,,,,,,,,,,
MA,44635,28 Public Alley 810 (28 Symphony Rd.) - Middle Spot Only,"28 Public Alley 810, Boston, MA 02115",IN OPERATION,Events and Daily ONLY,1,N/A,Not Listed,,Not Listed,,Not Listed,,Not Listed,,"42.34264,-71.08816",,FIXED,Olivia Lawless,,,,,,,,,,,,,,,,,,,,,,,,,,,,,,,,,,,,,,,,,,,,,,,,,,,,,,,,,,,,,,,,,,,,,,,,,,,,,,,,,,,,,,,,,,,,,,,,,,,,,,,,,,,,,,,,,,,,,,,,,,,,,,,,,,,,
MA,,28 Public Alley 810 (28 Symphony Rd.) - Spot #3 Only (ARCHIVED),"28 Public Alley 810 Boston, MA, 02115",PERMANENTLY CLOSED,PERMANENTLY CLOSED,0,0,Not Listed,,Not Listed,,Not Listed,,Not Listed,,"42.34264,-71.08816",,FIXED,Parking Boston Inc. - Jasmine Taylor,,,,,,,,,,,,,,,,,,,,,,,,,,,,,,,,,,,,,,,,,,,,,,,,,,,,,,,,,,,,,,,,,,,,,,,,,,,,,,,,,,,,,,,,,,,,,,,,,,,,,,,,,,,,,,,,,,,,,,,,,,,,,,,,,,,,
MA,111229,28 Putnam Ave. - Spot #1 or 2 Only,"28 Putnam Ave, Cambridge, MA 02139, USA",IN OPERATION,Daily&Monthly,2,1,Not Listed,,Not Listed,,Not Listed,,Not Listed,,"42.369083,-71.113139",,FIXED,Parking Boston Inc - Jasmine,,,,,,,,,,,,,,,,,,,,,,,,,,,,,,,,,,,,,,,,,,,,,,,,,,,,,,,,,,,,,,,,,,,,,,,,,,,,,,,,,,,,,,,,,,,,,,,,,,,,,,,,,,,,,,,,,,,,,,,,,,,,,,,,,,,,
MA,85026,"28 Sumner St. - Spot #5, 6, 7 or 8 Only","28 Sumner Street, Boston, MA, 02125",IN OPERATION,Daily&Monthly,4,4,Not Listed,,Not Listed,,Listed,2,Not Listed,,"42.3187,-71.0615417",,FIXED,Alp Kantar; Puspa Jelita,,,,,,,,,,,,,,,,,,,,,,,,,,,,,,,,,,,,,,,,,,,,,,,,,,,,,,,,,,,,,,,,,,,,,,,,,,,,,,,,,,,,,,,,,,,,,,,,,,,,,,,,,,,,,,,,,,,,,,,,,,,,,,,,,,,,
MA,102177,28 Windom St. - Driveway Spot,"28 Windom St, Boston, MA 02134",IN OPERATION,Events and Daily ONLY,1,N/A,Not Listed,,Not Listed,,Not Listed,,Not Listed,,"42.360177,-71.124282",,70/30,Meridith Dost Pestourie,,,,,,,,,,,,,,,,,,,,,,,,,,,,,,,,,,,,,,,,,,,,,,,,,,,,,,,,,,,,,,,,,,,,,,,,,,,,,,,,,,,,,,,,,,,,,,,,,,,,,,,,,,,,,,,,,,,,,,,,,,,,,,,,,,,,
MA,,280 Corey Rd. - Spot #28 Only (ARCHIVED),"280 Corey Road, Boston, MA, 02135",PERMANENTLY CLOSED,PERMANENTLY CLOSED,0,0,Not Listed,,Not Listed,,Not Listed,,Not Listed,,N/A,N/A,N/A,,,,,,,,,,,,,,,,,,,,,,,,,,,,,,,,,,,,,,,,,,,,,,,,,,,,,,,,,,,,,,,,,,,,,,,,,,,,,,,,,,,,,,,,,,,,,,,,,,,,,,,,,,,,,,,,,,,,,,,,,,,,,,,,,,,,,
NJ,142516,280 Marin Blvd. - Spot #116 Only,"280 Marin Boulevard Jersey City, NJ, 07302",IN OPERATION,Daily Only,1,,Not Listed,,Not Listed,,Not Listed,,Not Listed,,"40°43'02.3""N 74°02'26.3""W",Code: Enter ‘368875’,FIXED,,,,,,,,,,,,,,,,,,,,,,,,,,,,,,,,,,,,,,,,,,,,,,,,,,,,,,,,,,,,,,,,,,,,,,,,,,,,,,,,,,,,,,,,,,,,,,,,,,,,,,,,,,,,,,,,,,,,,,,,,,,,,,,,,,,,,
IL,122052,"2811 N Lincoln Ave - Spot #2, 3, 4, 5 or 6 Only","2811 N Lincoln Ave, Chicago, IL 60657, USA",IN OPERATION,Daily Monthly & Event,5,4,Not Listed,,Listed,1,Not Listed,,Not Listed,,"41.933083,-87.659167",,FIXED,Chris Johnson,,,,,,,,,,,,,,,,,,,,,,,,,,,,,,,,,,,,,,,,,,,,,,,,,,,,,,,,,,,,,,,,,,,,,,,,,,,,,,,,,,,,,,,,,,,,,,,,,,,,,,,,,,,,,,,,,,,,,,,,,,,,,,,,,,,,
IL,89060,2815 N Orchard St. - Spot #4,"2815 North Orchard Street Chicago, IL, 60657",IN OPERATION,Events and Daily ONLY,1,N/A,Not Listed,,Not Listed,,Not Listed,,Not Listed,,"41.933278,-87.646361",,FIXED,Emily Hofbauer,,,,,,,,,,,,,,,,,,,,,,,,,,,,,,,,,,,,,,,,,,,,,,,,,,,,,,,,,,,,,,,,,,,,,,,,,,,,,,,,,,,,,,,,,,,,,,,,,,,,,,,,,,,,,,,,,,,,,,,,,,,,,,,,,,,,
IL,77865,2828 N Burling St. - Spot #9 or #22,"2828 North Burling Street, Chicago, IL, 60657",IN OPERATION,Daily Monthly & Event,2,1,Not Listed,,Not Listed,,Not Listed,,Not Listed,,"41.933556,-87.648139",,FIXED,"Rose Anne 2828 LLC, Series A-9",,,,,,,,,,,,,,,,,,,,,,,,,,,,,,,,,,,,,,,,,,,,,,,,,,,,,,,,,,,,,,,,,,,,,,,,,,,,,,,,,,,,,,,,,,,,,,,,,,,,,,,,,,,,,,,,,,,,,,,,,,,,,,,,,,,,
IL,77799,"2828 N Burling St. - Spots #8, 10, 13, 17, 18, 19, or 21 Only","2828 North Burling Street, Chicago, IL, 60657",IN OPERATION,Daily Monthly & Event,7,6,Not Listed,,Listed,2,Not Listed,,Not Listed,,"41.933528,-87.648361",,70/30,2828 Burling 408 LLC,,,,,,,,,,,,,,,,,,,,,,,,,,,,,,,,,,,,,,,,,,,,,,,,,,,,,,,,,,,,,,,,,,,,,,,,,,,,,,,,,,,,,,,,,,,,,,,,,,,,,,,,,,,,,,,,,,,,,,,,,,,,,,,,,,,,
WASHINGTON DC,150996,2829 Connecticut Ave. NW - Spot #30 Only,"2829 Connecticut Avenue Northwest Washington, DC 20008",IN OPERATION,Daily Only,1,N/A,Not Listed,,Listed,,Not Listed,,Not Listed,,"38°55'39.2""N 77°03'11.9""W
",,,,,,,,,,,,,,,,,,,,,,,,,,,,,,,,,,,,,,,,,,,,,,,,,,,,,,,,,,,,,,,,,,,,,,,,,,,,,,,,,,,,,,,,,,,,,,,,,,,,,,,,,,,,,,,,,,,,,,,,,,,,,,,,,,,,,,,
MA,123175,284 Summit Ave. - Spot #3 Only,"284 Summit Avenue, Boston, MA 02135",IN OPERATION,Daily Only,1,1,Not Listed,,Not Listed,,Not Listed,,Not Listed,,"42.344049,-71.138565",,FIXED,Matt Kesner,,,,,,,,,,,,,,,,,,,,,,,,,,,,,,,,,,,,,,,,,,,,,,,,,,,,,,,,,,,,,,,,,,,,,,,,,,,,,,,,,,,,,,,,,,,,,,,,,,,,,,,,,,,,,,,,,,,,,,,,,,,,,,,,,,,,
NY,144713,285 Driggs Ave. - Spot #1 Only,"285 Driggs Avenue Brooklyn, NY, 11222",IN OPERATION,Daily Only,1,,Not Listed,,Not Listed,,Not Listed,,Not Listed,,"40°43'20.1""N 73°56'56.9""W",,,,,,,,,,,,,,,,,,,,,,,,,,,,,,,,,,,,,,,,,,,,,,,,,,,,,,,,,,,,,,,,,,,,,,,,,,,,,,,,,,,,,,,,,,,,,,,,,,,,,,,,,,,,,,,,,,,,,,,,,,,,,,,,,,,,,,,
IL,123010,2859 N Halsted St. - Alley Spot #14 Only,"2859 North Halsted Street, Chicago, IL 60657",IN OPERATION,Daily Only,1,N/A,Not Listed,,Not Listed,,Not Listed,,Not Listed,,"41.934528,-87.648472",,FIXED,Jorge Torres,,,,,,,,,,,,,,,,,,,,,,,,,,,,,,,,,,,,,,,,,,,,,,,,,,,,,,,,,,,,,,,,,,,,,,,,,,,,,,,,,,,,,,,,,,,,,,,,,,,,,,,,,,,,,,,,,,,,,,,,,,,,,,,,,,,,
MA,,287 Harvard St. - Spot #20 (ARCHIVED),"287 Harvard Street Cambridge, MA, 02139",PERMANENTLY CLOSED,PERMANENTLY CLOSED,0,0,Not Listed,,Not Listed,,Not Listed,,Not Listed,,N/A,N/A,N/A,Ifeanyichukwu Chinweze,,,,,,,,,,,,,,,,,,,,,,,,,,,,,,,,,,,,,,,,,,,,,,,,,,,,,,,,,,,,,,,,,,,,,,,,,,,,,,,,,,,,,,,,,,,,,,,,,,,,,,,,,,,,,,,,,,,,,,,,,,,,,,,,,,,,
MA,89237,287 Summit Ave. - Driveway Spot (ARCHIVED),"287 Summit Avenue Boston, MA, 02135",PERMANENTLY CLOSED,Events and Daily ONLY,1,0,Not Listed,,Not Listed,,Not Listed,,Not Listed,,"42.344446,-71.138469",,FIXED,Parking Boston Inc. - Jasmine Taylor,,,,,,,,,,,,,,,,,,,,,,,,,,,,,,,,,,,,,,,,,,,,,,,,,,,,,,,,,,,,,,,,,,,,,,,,,,,,,,,,,,,,,,,,,,,,,,,,,,,,,,,,,,,,,,,,,,,,,,,,,,,,,,,,,,,,
MA,128125,288 Harvard St. - Spot #5 Only,"288 Harvard Street, Cambridge, MA 02139",IN OPERATION,Daily Only,1,N/A,Not Listed,,Not Listed,,Not Listed,,Not Listed,,"42°22'09.6""N 71°06'17.3""W",,,Lance Li,,,,,,,,,,,,,,,,,,,,,,,,,,,,,,,,,,,,,,,,,,,,,,,,,,,,,,,,,,,,,,,,,,,,,,,,,,,,,,,,,,,,,,,,,,,,,,,,,,,,,,,,,,,,,,,,,,,,,,,,,,,,,,,,,,,,
IL,143835,2817 N Orchard St. - Spot #9 Only,"2817 North Orchard Street Chicago, IL, 60657",IN OPERATION,Events and Daily ONLY,1,N/A,Not Listed,,Not Listed,,Not Listed,,Not Listed,,"41°55'59.6""N 87°38'47.9""W",,,,,,,,,,,,,,,,,,,,,,,,,,,,,,,,,,,,,,,,,,,,,,,,,,,,,,,,,,,,,,,,,,,,,,,,,,,,,,,,,,,,,,,,,,,,,,,,,,,,,,,,,,,,,,,,,,,,,,,,,,,,,,,,,,,,,,,
MA,134625,289 Corey Rd. (251 Kelton St.) - Spot #11 Only,"289 Corey Road Boston, MA 02135",IN OPERATION,Daily Only,1,N/A,Not Listed,,Not Listed,,Not Listed,,Not Listed,,"42°20'45.9""N 71°08'07.5""W",,,Parking Boston Inc. - Jasmine Taylor,,,,,,,,,,,,,,,,,,,,,,,,,,,,,,,,,,,,,,,,,,,,,,,,,,,,,,,,,,,,,,,,,,,,,,,,,,,,,,,,,,,,,,,,,,,,,,,,,,,,,,,,,,,,,,,,,,,,,,,,,,,,,,,,,,,,
CA,148007,289 Hermann St. - Garage Spot,"289 Hermann Street, San Francisco, CA 94117",PERMANENTLY CLOSED,Daily Only,1,N/A,Not Listed,,Not Listed,,Not Listed,,Not Listed,,"37°46'12.8""N 122°25'47.8""W",,,,,,,,,,,,,,,,,,,,,,,,,,,,,,,,,,,,,,,,,,,,,,,,,,,,,,,,,,,,,,,,,,,,,,,,,,,,,,,,,,,,,,,,,,,,,,,,,,,,,,,,,,,,,,,,,,,,,,,,,,,,,,,,,,,,,,,
MA,108530,29 Concord Ave. - Spot #21 Only,"29 Concord Avenue, Cambridge, MA, 02138",IN OPERATION,Events and Daily ONLY,1,N/A,Not Listed,,Not Listed,,Not Listed,,Not Listed,,"42.379667,-71.125333",,FIXED,Mari Morgen,,,,,,,,,,,,,,,,,,,,,,,,,,,,,,,,,,,,,,,,,,,,,,,,,,,,,,,,,,,,,,,,,,,,,,,,,,,,,,,,,,,,,,,,,,,,,,,,,,,,,,,,,,,,,,,,,,,,,,,,,,,,,,,,,,,,
MA,,29 Mt Vernon St. - lot (ARCHIVED) ,"29 Mt Vernon St, Brighton, MA 02135",PERMANENTLY CLOSED,PERMANENTLY CLOSED,0,0,Not Listed,,Not Listed,,Not Listed,,Not Listed,,"42.347121,-71.155736",,FIXED,Jab Hans ,,,,,,,,,,,,,,,,,,,,,,,,,,,,,,,,,,,,,,,,,,,,,,,,,,,,,,,,,,,,,,,,,,,,,,,,,,,,,,,,,,,,,,,,,,,,,,,,,,,,,,,,,,,,,,,,,,,,,,,,,,,,,,,,,,,,
MA,44535,29 Spring Garden - Whole Tandem Row Parking Spot,"29 Spring Garden Street, Boston, MA 02125",IN OPERATION,Daily&Monthly,1,1,Not Listed,,Not Listed,,Not Listed,,Not Listed,,"42.3175442,-71.053291",,FIXED,Alp Kantar; Puspa Jelita,,,,,,,,,,,,,,,,,,,,,,,,,,,,,,,,,,,,,,,,,,,,,,,,,,,,,,,,,,,,,,,,,,,,,,,,,,,,,,,,,,,,,,,,,,,,,,,,,,,,,,,,,,,,,,,,,,,,,,,,,,,,,,,,,,,,
WASHINGTON DC,23220,2909 Porter St. NW - Spot #4 Only,"2909 Porter Street Northwest, Washington, DC 20008",IN OPERATION,Daily Only,1,N/A,Not Listed,,Not Listed,,Not Listed,,Not Listed,,"38.937472,-77.0605",,FIXED,Mike,,,,,,,,,,,,,,,,,,,,,,,,,,,,,,,,,,,,,,,,,,,,,,,,,,,,,,,,,,,,,,,,,,,,,,,,,,,,,,,,,,,,,,,,,,,,,,,,,,,,,,,,,,,,,,,,,,,,,,,,,,,,,,,,,,,,
MA,107170,290-292 Lincoln St. - Driveway Spot Only,"292 Lincoln Street, Boston, MA, 02134",IN OPERATION,Events and Daily ONLY,1,N/A,Not Listed,,Not Listed,,Not Listed,,Not Listed,,"42.357161,-71.133629",,FIXED,June Homes - Ferran ,,,,,,,,,,,,,,,,,,,,,,,,,,,,,,,,,,,,,,,,,,,,,,,,,,,,,,,,,,,,,,,,,,,,,,,,,,,,,,,,,,,,,,,,,,,,,,,,,,,,,,,,,,,,,,,,,,,,,,,,,,,,,,,,,,,,
IL,118292,2935 N Clark St. - Spot #1 Only,"2935 N Clark St, Chicago, IL 60657, USA",IN OPERATION,Events and Daily ONLY,1,N/A,Not Listed,,Not Listed,,Not Listed,,Not Listed,,"41.935833,-87.64675",,70/30,"JMSR Properties, LLC",,,,,,,,,,,,,,,,,,,,,,,,,,,,,,,,,,,,,,,,,,,,,,,,,,,,,,,,,,,,,,,,,,,,,,,,,,,,,,,,,,,,,,,,,,,,,,,,,,,,,,,,,,,,,,,,,,,,,,,,,,,,,,,,,,,,
MA,78294,296 Marlborough St. - LEFT Spot Only,"296 Marlborough Street, Boston, MA, 02116",IN OPERATION,Events and Daily ONLY,1,N/A,Not Listed,,Not Listed,,Not Listed,,Not Listed,,"42.351111,-71.083778",,FIXED,Parking Boston Inc. - Jasmine Taylor,,,,,,,,,,,,,,,,,,,,,,,,,,,,,,,,,,,,,,,,,,,,,,,,,,,,,,,,,,,,,,,,,,,,,,,,,,,,,,,,,,,,,,,,,,,,,,,,,,,,,,,,,,,,,,,,,,,,,,,,,,,,,,,,,,,,
MA,86216,2969-2975 Washington St.- Spot #2 or 3 only,"2969 Washington Street, Boston, MA, 02119",IN OPERATION,Daily&Monthly,2,1,Not Listed,,Not Listed,,Not Listed,,Not Listed,,"42.317639,-71.097111",,FIXED,Parking Boston Inc. - Jasmine Taylor,,,,,,,,,,,,,,,,,,,,,,,,,,,,,,,,,,,,,,,,,,,,,,,,,,,,,,,,,,,,,,,,,,,,,,,,,,,,,,,,,,,,,,,,,,,,,,,,,,,,,,,,,,,,,,,,,,,,,,,,,,,,,,,,,,,,
MA,85326,2989 Washington St.- Right Spot,"2989 Washington Street, Boston, MA, 02119",IN OPERATION,Events and Daily ONLY,1,N/A,Not Listed,,Not Listed,,Not Listed,,Not Listed,,"42.317639,-71.097111",,70/30,Sassoon Real Estate Holdco LLC - Stephen Sassoon,,,,,,,,,,,,,,,,,,,,,,,,,,,,,,,,,,,,,,,,,,,,,,,,,,,,,,,,,,,,,,,,,,,,,,,,,,,,,,,,,,,,,,,,,,,,,,,,,,,,,,,,,,,,,,,,,,,,,,,,,,,,,,,,,,,,
MA,97207,"299 Berkeley St. - Spots #10, 11, 12, 13, or 14 Only",299 Berkeley St Boston MA 02116,IN OPERATION,Events and Daily ONLY,5,N/A,Not Listed,,Not Listed,,Not Listed,,Not Listed,,"42.353861,-71.073722",,FIXED,Parking Boston Inc- Jasmine,,,,,,,,,,,,,,,,,,,,,,,,,,,,,,,,,,,,,,,,,,,,,,,,,,,,,,,,,,,,,,,,,,,,,,,,,,,,,,,,,,,,,,,,,,,,,,,,,,,,,,,,,,,,,,,,,,,,,,,,,,,,,,,,,,,,
MA,55396,3 Claremont St - Left Fence Spot,"3 Claremont Street, Boston, MA 02118",IN OPERATION,Events and Daily ONLY,1,N/A,Not Listed,,Not Listed,,Not Listed,,Not Listed,,"42.342694,-71.081306",,FIXED,Jon Santiago,,,,,,,,,,,,,,,,,,,,,,,,,,,,,,,,,,,,,,,,,,,,,,,,,,,,,,,,,,,,,,,,,,,,,,,,,,,,,,,,,,,,,,,,,,,,,,,,,,,,,,,,,,,,,,,,,,,,,,,,,,,,,,,,,,,,
MA,,3 Grafton St. - Full Size SUV Driveway Spot (ARCHIVED),"3 Grafton Street, Boston, MA, 02125",PERMANENTLY CLOSED,PERMANENTLY CLOSED,0,0,Not Listed,,Not Listed,,Not Listed,,Not Listed,,N/A,N/A,N/A,,,,,,,,,,,,,,,,,,,,,,,,,,,,,,,,,,,,,,,,,,,,,,,,,,,,,,,,,,,,,,,,,,,,,,,,,,,,,,,,,,,,,,,,,,,,,,,,,,,,,,,,,,,,,,,,,,,,,,,,,,,,,,,,,,,,,
MA,,3 M Street - Spot #2 (ARCHIVED),"3 M Street, Boston, MA, 02127",PERMANENTLY CLOSED,PERMANENTLY CLOSED,0,0,Not Listed,,Not Listed,,Not Listed,,Not Listed,,N/A,N/A,N/A,Cong Wang,,,,,,,,,,,,,,,,,,,,,,,,,,,,,,,,,,,,,,,,,,,,,,,,,,,,,,,,,,,,,,,,,,,,,,,,,,,,,,,,,,,,,,,,,,,,,,,,,,,,,,,,,,,,,,,,,,,,,,,,,,,,,,,,,,,,
MA,102846,30 Peterborough St. - Spot #10,"30 Peterborough Street Boston, MA, 02215",IN OPERATION,Events and Daily ONLY,1,N/A,Not Listed,,Not Listed,,Not Listed,,Not Listed,,"42.343611,-71.096028",,FIXED,Parking Boston Inc - Jasmine,,,,,,,,,,,,,,,,,,,,,,,,,,,,,,,,,,,,,,,,,,,,,,,,,,,,,,,,,,,,,,,,,,,,,,,,,,,,,,,,,,,,,,,,,,,,,,,,,,,,,,,,,,,,,,,,,,,,,,,,,,,,,,,,,,,,
MA,,30 Royal St. - Driveway Spot (ARCHIVED),"30 Royal St, Boston, MA 02134, US",PERMANENTLY CLOSED,PERMANENTLY CLOSED,0,0,Not Listed,,Not Listed,,Not Listed,,Not Listed,,N/A,N/A,N/A,June Homes - Ferran ,,,,,,,,,,,,,,,,,,,,,,,,,,,,,,,,,,,,,,,,,,,,,,,,,,,,,,,,,,,,,,,,,,,,,,,,,,,,,,,,,,,,,,,,,,,,,,,,,,,,,,,,,,,,,,,,,,,,,,,,,,,,,,,,,,,,
WASHINGTON DC,20316,3009 Rodman St.(2909 Porter St. NW) - Spot #1 or #2 Only,"2909 Porter Street Northwest, Washington, DC 20008",IN OPERATION,Daily&Monthly,2,1,Not Listed,,Not Listed,,Not Listed,,Not Listed,,"38.937389,-77.060444",,FIXED,Mike,,,,,,,,,,,,,,,,,,,,,,,,,,,,,,,,,,,,,,,,,,,,,,,,,,,,,,,,,,,,,,,,,,,,,,,,,,,,,,,,,,,,,,,,,,,,,,,,,,,,,,,,,,,,,,,,,,,,,,,,,,,,,,,,,,,,
IL,,301 Elmwood Ave. - Right Spot Only (ARCHIVED),"301 Elmwood Ave, Evanston, IL 60202, USA",PERMANENTLY CLOSED,PERMANENTLY CLOSED,0,0,Not Listed,,Not Listed,,Not Listed,,Not Listed,,N/A,N/A,N/A,Tony Liu,,,,,,,,,,,,,,,,,,,,,,,,,,,,,,,,,,,,,,,,,,,,,,,,,,,,,,,,,,,,,,,,,,,,,,,,,,,,,,,,,,,,,,,,,,,,,,,,,,,,,,,,,,,,,,,,,,,,,,,,,,,,,,,,,,,,
MD,95822,3014 Hargrove St. (3014 N Calvert St.) - Left or Right Spot Only (ARCHIVED),"3014 N. Calvert St. Baltimore, Maryland 21218 ",PERMANENTLY CLOSED,PERMANENTLY CLOSED,0,0,Not Listed,,Not Listed,,Not Listed,,Not Listed,,"39.325008,-76.615011",,FIXED,"Goldszmidt Properties, LLC of 10125 Green Clover Drive, Ellicott City,
Maryland, 21042",,,,,,,,,,,,,,,,,,,,,,,,,,,,,,,,,,,,,,,,,,,,,,,,,,,,,,,,,,,,,,,,,,,,,,,,,,,,,,,,,,,,,,,,,,,,,,,,,,,,,,,,,,,,,,,,,,,,,,,,,,,,,,,,,,,,
MA,112020,30-32 Ward St. - Parallel Spot #1 Only,"30-32 Ward Street, Boston, MA 02127",IN OPERATION,Daily Only,1,N/A,Not Listed,,Not Listed,,Not Listed,,Not Listed,,"42.329583,-71.054417",,FIXED,Parking Boston Inc - Jasmine,,,,,,,,,,,,,,,,,,,,,,,,,,,,,,,,,,,,,,,,,,,,,,,,,,,,,,,,,,,,,,,,,,,,,,,,,,,,,,,,,,,,,,,,,,,,,,,,,,,,,,,,,,,,,,,,,,,,,,,,,,,,,,,,,,,,
WASHINGTON DC,148011,300 M St. SW - Spot #1 Only,"300 M Street Southwest, Washington, DC 20024",IN OPERATION,Daily Only,1,N/A,Not Listed,,Not Listed,,Not Listed,,Not Listed,,"38°52'34.6""N 77°01'00.1""W",,,,,,,,,,,,,,,,,,,,,,,,,,,,,,,,,,,,,,,,,,,,,,,,,,,,,,,,,,,,,,,,,,,,,,,,,,,,,,,,,,,,,,,,,,,,,,,,,,,,,,,,,,,,,,,,,,,,,,,,,,,,,,,,,,,,,,,
MA,100404,"305 Summit Ave - Spot #7, 8, 9, 13 or 14 Only","305 Summit Ave, Boston, MA 02135, USA",IN OPERATION,Daily&Monthly,5,4,Not Listed,,Not Listed,,Not Listed,,Not Listed,,"42.345222, -71.139099",,FIXED,Parking Boston Inc - Jasmine,,,,,,,,,,,,,,,,,,,,,,,,,,,,,,,,,,,,,,,,,,,,,,,,,,,,,,,,,,,,,,,,,,,,,,,,,,,,,,,,,,,,,,,,,,,,,,,,,,,,,,,,,,,,,,,,,,,,,,,,,,,,,,,,,,,,
WASHINGTON DC,38001,306 G St. SE - Driveway Spot,"306 G Street Southeast, Washington, DC 20003",IN OPERATION,Daily Only,1,N/A,Not Listed,,Not Listed,,Not Listed,,Not Listed,,"38.88146800000001,-77.0016677",,70/30,Jeff Chase,,,,,,,,,,,,,,,,,,,,,,,,,,,,,,,,,,,,,,,,,,,,,,,,,,,,,,,,,,,,,,,,,,,,,,,,,,,,,,,,,,,,,,,,,,,,,,,,,,,,,,,,,,,,,,,,,,,,,,,,,,,,,,,,,,,,
WASHINGTON DC,111795,"3070 M St. NW - Spots #1, 2, 3, 4 or 5 Only","3068-3070 M St NW, Washington, DC 20007, USA",IN OPERATION,Daily&Monthly,5,1,Not Listed,,Not Listed,,Not Listed,,Not Listed,,"38.904806,-77.060944",,FIXED,"Germar Properties, LLC",,,,,,,,,,,,,,,,,,,,,,,,,,,,,,,,,,,,,,,,,,,,,,,,,,,,,,,,,,,,,,,,,,,,,,,,,,,,,,,,,,,,,,,,,,,,,,,,,,,,,,,,,,,,,,,,,,,,,,,,,,,,,,,,,,,,
MA,87013,"309 Summit Ave. - Angle Parking Spot #4, 5 or 6","309 Summit Avenue Boston, MA, 02135",IN OPERATION,Daily&Monthly,3,2,Not Listed,,Not Listed,,Not Listed,,Not Listed,,"42.3453748,-71.1395242",,FIXED,Parking Boston Inc. - Jasmine Taylor,,,,,,,,,,,,,,,,,,,,,,,,,,,,,,,,,,,,,,,,,,,,,,,,,,,,,,,,,,,,,,,,,,,,,,,,,,,,,,,,,,,,,,,,,,,,,,,,,,,,,,,,,,,,,,,,,,,,,,,,,,,,,,,,,,,,
MA,107401,31 Craigie St. - Whole Tandem Driveway Spot,"31 Craigie Street, Somerville, MA, 02143",IN OPERATION,Events and Daily ONLY,1,N/A,Not Listed,,Not Listed,,Not Listed,,Not Listed,,"42.386325,-71.111882",,FIXED,June Homes - Ferran ,,,,,,,,,,,,,,,,,,,,,,,,,,,,,,,,,,,,,,,,,,,,,,,,,,,,,,,,,,,,,,,,,,,,,,,,,,,,,,,,,,,,,,,,,,,,,,,,,,,,,,,,,,,,,,,,,,,,,,,,,,,,,,,,,,,,
MA,55397,31 Juniper St. - Lot (ARCHIVED) ,"31 Juniper Street, Boston, MA 02119",PERMANENTLY CLOSED,PERMANENTLY CLOSED,0,0,Not Listed,,Not Listed,,Not Listed,,Not Listed,,N/A,N/A,N/A,Parking Boston Inc. - Jasmine Taylor,,,,,,,,,,,,,,,,,,,,,,,,,,,,,,,,,,,,,,,,,,,,,,,,,,,,,,,,,,,,,,,,,,,,,,,,,,,,,,,,,,,,,,,,,,,,,,,,,,,,,,,,,,,,,,,,,,,,,,,,,,,,,,,,,,,,
MA,,"31 Juniper Street - Spots #1, 2, 3, 4 or #9 only (Scan2Pay) (ARCHIVED) ","31 Juniper Street, Boston, MA 02119",PERMANENTLY CLOSED,PERMANENTLY CLOSED,0,0,Not Listed,,Not Listed,,Not Listed,,Not Listed,,N/A,N/A,N/A,Parking Boston Inc. - Jasmine Taylor,,,,,,,,,,,,,,,,,,,,,,,,,,,,,,,,,,,,,,,,,,,,,,,,,,,,,,,,,,,,,,,,,,,,,,,,,,,,,,,,,,,,,,,,,,,,,,,,,,,,,,,,,,,,,,,,,,,,,,,,,,,,,,,,,,,,
MA,108788,31-33 Massachusetts Ave. - Whole Tandem Row,"31 Massachusetts Ave, Boston, MA 02115",IN OPERATION,Events and Daily ONLY,1,N/A,Not Listed,,Not Listed,,Not Listed,,Not Listed,,"42.35028,-71.08983",,FIXED,Redona Marku,Steep Access(inclined),Salting  since the spot is on an incline up/slippery,,,,,,,,,,,,,,,,,,,,,,,,,,,,,,,,,,,,,,,,,,,,,,,,,,,,,,,,,,,,,,,,,,,,,,,,,,,,,,,,,,,,,,,,,,,,,,,,,,,,,,,,,,,,,,,,,,,,,,,,,,,,,,,,,,
MA,149129,31-35 South St. - Spot #10 or #12 Only,"31 South Street Boston, MA 02135",IN OPERATION,Events and Daily ONLY,2,N/A,Not Listed,,Not Listed,,Not Listed,,Not Listed,,"42°20'25.7""N 71°09'21.8""W",,,,,,,,,,,,,,,,,,,,,,,,,,,,,,,,,,,,,,,,,,,,,,,,,,,,,,,,,,,,,,,,,,,,,,,,,,,,,,,,,,,,,,,,,,,,,,,,,,,,,,,,,,,,,,,,,,,,,,,,,,,,,,,,,,,,,,,
MA,,310 Western Ave. - Lot (ARCHIVED) ,"310 Western Avenue, Cambridge, MA 02139",PERMANENTLY CLOSED,PERMANENTLY CLOSED,0,0,Not Listed,,Not Listed,,Not Listed,,Not Listed,,N/A,N/A,N/A,Parking Boston Inc. - Jasmine Taylor,,,,,,,,,,,,,,,,,,,,,,,,,,,,,,,,,,,,,,,,,,,,,,,,,,,,,,,,,,,,,,,,,,,,,,,,,,,,,,,,,,,,,,,,,,,,,,,,,,,,,,,,,,,,,,,,,,,,,,,,,,,,,,,,,,,,
WASHINGTON DC,,3111 Warder St. - Spot #3 Only (ARCHIVED) ,"3111 Warder Street Northwest, Washington, DC, 20010",PERMANENTLY CLOSED,PERMANENTLY CLOSED,0,0,Not Listed,,Not Listed,,Not Listed,,Not Listed,,N/A,N/A,N/A,"City Center Real Estate, LLC ",,,,,,,,,,,,,,,,,,,,,,,,,,,,,,,,,,,,,,,,,,,,,,,,,,,,,,,,,,,,,,,,,,,,,,,,,,,,,,,,,,,,,,,,,,,,,,,,,,,,,,,,,,,,,,,,,,,,,,,,,,,,,,,,,,,,
IL,134728,3120 S Canal St. - Lot,"3120 South Canal Street, Chicago, IL, 60616",IN OPERATION,Daily Monthly & Event,30,29,Listed,5,Listed,5,Listed,10,Not Listed,,"41°50'15.0""N 87°38'16.1""W",,,Bonni Ho / Pui Tak Christian School,,,,,,,,,,,,,,,,,,,,,,,,,,,,,,,,,,,,,,,,,,,,,,,,,,,,,,,,,,,,,,,,,,,,,,,,,,,,,,,,,,,,,,,,,,,,,,,,,,,,,,,,,,,,,,,,,,,,,,,,,,,,,,,,,,,,
IL,127596,3124 N Broadway - Spot #3 Only,"3124 North Broadway, Chicago, IL 60657",IN OPERATION,Events and Daily ONLY,1,N/A,Not Listed,,Not Listed,,Not Listed,,Not Listed,,"41°56'20.8""N 87°38'41.9""W",,,Campbell Street Asset Management - Peggy Murphy ,,,,,,,,,,,,,,,,,,,,,,,,,,,,,,,,,,,,,,,,,,,,,,,,,,,,,,,,,,,,,,,,,,,,,,,,,,,,,,,,,,,,,,,,,,,,,,,,,,,,,,,,,,,,,,,,,,,,,,,,,,,,,,,,,,,,
MA,108991,31-35 Juniper St. - Lot,"31 Juniper Street, Boston, MA, 02119",IN OPERATION,Daily&Monthly,17,10,Listed,2,Listed,2,Listed,5,Not Listed,,"42.325833,-71.088361",,FIXED,GROMA FMW DST MASTER TENANT LLC,,,,,,,,,,,,,,,,,,,,,,,,,,,,,,,,,,,,,,,,,,,,,,,,,,,,,,,,,,,,,,,,,,,,,,,,,,,,,,,,,,,,,,,,,,,,,,,,,,,,,,,,,,,,,,,,,,,,,,,,,,,,,,,,,,,,
MA,96015,319 St. Paul St. - Spot #3 or #4 Only,"319 St Paul St, Brookline, MA 02446",IN OPERATION,Daily Monthly & Event,2,1,Not Listed,,Not Listed,,Not Listed,,Not Listed,,"42.348801, -71.115850",,FIXED,Gene Hashkes,,,,,,,,,,,,,,,,,,,,,,,,,,,,,,,,,,,,,,,,,,,,,,,,,,,,,,,,,,,,,,,,,,,,,,,,,,,,,,,,,,,,,,,,,,,,,,,,,,,,,,,,,,,,,,,,,,,,,,,,,,,,,,,,,,,,
MA,,32 Auburn St. - Right or Parallel Spot Only (ARCHIVED) ,"32 Auburn Street, Brookline, MA 02446",PERMANENTLY CLOSED,PERMANENTLY CLOSED,0,0,Not Listed,,Not Listed,,Not Listed,,Not Listed,,N/A,N/A,N/A,Parking Boston Inc. - Jasmine Taylor,,,,,,,,,,,,,,,,,,,,,,,,,,,,,,,,,,,,,,,,,,,,,,,,,,,,,,,,,,,,,,,,,,,,,,,,,,,,,,,,,,,,,,,,,,,,,,,,,,,,,,,,,,,,,,,,,,,,,,,,,,,,,,,,,,,,
MA,,32 Bayard St. - Right Spot (ARCHIVED),"32 Bayard St, Allston, MA 02134",PERMANENTLY CLOSED,PERMANENTLY CLOSED,0,0,Not Listed,,Not Listed,,Not Listed,,Not Listed,,N/A,N/A,N/A,Haki Cebi c/o EDGE Management,,,,,,,,,,,,,,,,,,,,,,,,,,,,,,,,,,,,,,,,,,,,,,,,,,,,,,,,,,,,,,,,,,,,,,,,,,,,,,,,,,,,,,,,,,,,,,,,,,,,,,,,,,,,,,,,,,,,,,,,,,,,,,,,,,,,
MA,85094,32 Edgerly Rd.- Angle Spot,"32 Edgerly Road, Boston, MA, 02115",IN OPERATION,Events and Daily ONLY,1,N/A,Not Listed,,Not Listed,,Not Listed,,Not Listed,,"42.345556,-71.087444",,FIXED,KEW Management Group -Daniel Karp,,,,,,,,,,,,,,,,,,,,,,,,,,,,,,,,,,,,,,,,,,,,,,,,,,,,,,,,,,,,,,,,,,,,,,,,,,,,,,,,,,,,,,,,,,,,,,,,,,,,,,,,,,,,,,,,,,,,,,,,,,,,,,,,,,,,
MA,131624,32 Munroe St. - Driveway Spot Only,"32 Munroe St, Somerville, MA 02143, USA",IN OPERATION,Daily Only,1,N/A,Not Listed,,Not Listed,,Not Listed,,Not Listed,,"42°22'50.6""N 71°05'32.0""W",,,Roost Up LLC - Nicholas Pontacoloni,,,,,,,,,,,,,,,,,,,,,,,,,,,,,,,,,,,,,,,,,,,,,,,,,,,,,,,,,,,,,,,,,,,,,,,,,,,,,,,,,,,,,,,,,,,,,,,,,,,,,,,,,,,,,,,,,,,,,,,,,,,,,,,,,,,,
MA,128124,32 Hawthorne St. - Whole Tandem Driveway Spot,"32 Hawthorne Street Somerville, MA, 02144",IN OPERATION,Daily&Monthly,1,1,Not Listed,,Not Listed,,Not Listed,,Not Listed,,"42°23'38.8""N 71°07'06.8""W",,,Parking Boston Inc. - Jasmine ,,,,,,,,,,,,,,,,,,,,,,,,,,,,,,,,,,,,,,,,,,,,,,,,,,,,,,,,,,,,,,,,,,,,,,,,,,,,,,,,,,,,,,,,,,,,,,,,,,,,,,,,,,,,,,,,,,,,,,,,,,,,,,,,,,,,
MA,,32 Parkway Rd. - Driveway Spot (ARCHIVED) ,"32 Parkway Road, Brookline, MA, 02445",PERMANENTLY CLOSED,PERMANENTLY CLOSED,0,0,Not Listed,,Not Listed,,Not Listed,,Not Listed,,N/A,N/A,N/A,Francesca Picucci,,,,,,,,,,,,,,,,,,,,,,,,,,,,,,,,,,,,,,,,,,,,,,,,,,,,,,,,,,,,,,,,,,,,,,,,,,,,,,,,,,,,,,,,,,,,,,,,,,,,,,,,,,,,,,,,,,,,,,,,,,,,,,,,,,,,
MA,20314,32 Sumner St. - Spot #3 or 4,"32 Sumner Street, Boston, MA 02125",IN OPERATION,Daily&Monthly,2,2,Not Listed,,Not Listed,,Not Listed,,Not Listed,,"42.318556,-71.061194",,FIXED,Alp Kantar; Puspa Jelita,,,,,,,,,,,,,,,,,,,,,,,,,,,,,,,,,,,,,,,,,,,,,,,,,,,,,,,,,,,,,,,,,,,,,,,,,,,,,,,,,,,,,,,,,,,,,,,,,,,,,,,,,,,,,,,,,,,,,,,,,,,,,,,,,,,,
MA,45789,32 Sumner St. - Spots #1 or #2 only,"32 Sumner Street, Boston, MA 02125",IN OPERATION,Daily&Monthly,2,2,Not Listed,,Not Listed,,Not Listed,,Not Listed,,"42.318556,-71.061194",,FIXED,Alp Kantar; Puspa Jelita,,,,,,,,,,,,,,,,,,,,,,,,,,,,,,,,,,,,,,,,,,,,,,,,,,,,,,,,,,,,,,,,,,,,,,,,,,,,,,,,,,,,,,,,,,,,,,,,,,,,,,,,,,,,,,,,,,,,,,,,,,,,,,,,,,,,
MA,34305,320 Commonwealth Ave. - Right Whole Tandem Spot,"320 Commonwealth Avenue, Boston, MA 02115",IN OPERATION,Events and Daily ONLY,1,N/A,Not Listed,,Not Listed,,Not Listed,,Not Listed,,"42.349056,-71.08625",,FIXED,Parking Boston Inc. - Jasmine Taylor,,,,,,,,,,,,,,,,,,,,,,,,,,,,,,,,,,,,,,,,,,,,,,,,,,,,,,,,,,,,,,,,,,,,,,,,,,,,,,,,,,,,,,,,,,,,,,,,,,,,,,,,,,,,,,,,,,,,,,,,,,,,,,,,,,,,
IL,117168,3205 N Paulina St. - Spot #3 Only,"3205 North Paulina Street, Chicago, IL 60657",IN OPERATION,Daily Only,1,N/A,Not Listed,,Not Listed,,Not Listed,,Not Listed,,"41°56'24.5""N 87°40'15.2""W",,70/30,Jamie Rothbart,,,,,,,,,,,,,,,,,,,,,,,,,,,,,,,,,,,,,,,,,,,,,,,,,,,,,,,,,,,,,,,,,,,,,,,,,,,,,,,,,,,,,,,,,,,,,,,,,,,,,,,,,,,,,,,,,,,,,,,,,,,,,,,,,,,,
IL,118290,3215 N Wilton Ave. - Rear Right Spot Only,"3215 N Wilton Ave, Chicago, IL 60657, USA",IN OPERATION,Event Only,1,0,Not Listed,,Not Listed,,Not Listed,,Not Listed,,"41.940472,-87.652333",,70/30,Michael Abadir,,,,,,,,,,,,,,,,,,,,,,,,,,,,,,,,,,,,,,,,,,,,,,,,,,,,,,,,,,,,,,,,,,,,,,,,,,,,,,,,,,,,,,,,,,,,,,,,,,,,,,,,,,,,,,,,,,,,,,,,,,,,,,,,,,,,
IL,20973,3219 N Halsted St.,"3219 North Halsted Street Chicago, IL, 60657",PERMANENTLY CLOSED,Events and Daily ONLY,1,N/A,Not Listed,,Not Listed,,Not Listed,,Not Listed,,"41°56'26.1""N 87°38'55.1""W",,70/30,Kelly yocum,,,,,,,,,,,,,,,,,,,,,,,,,,,,,,,,,,,,,,,,,,,,,,,,,,,,,,,,,,,,,,,,,,,,,,,,,,,,,,,,,,,,,,,,,,,,,,,,,,,,,,,,,,,,,,,,,,,,,,,,,,,,,,,,,,,,
IL,98526,3220 N Clifton Ave.,"3220 N Clifton Ave, Chicago, IL 60657",IN OPERATION,Events and Daily ONLY,1,N/A,Not Listed,,Not Listed,,Not Listed,,Not Listed,,"41.9405,-87.658333",,FIXED,Nick Kelsey,,,,,,,,,,,,,,,,,,,,,,,,,,,,,,,,,,,,,,,,,,,,,,,,,,,,,,,,,,,,,,,,,,,,,,,,,,,,,,,,,,,,,,,,,,,,,,,,,,,,,,,,,,,,,,,,,,,,,,,,,,,,,,,,,,,,
IL,36387,3223 N Racine Ave. - Middle Spot,"3223 North Racine Avenue, Chicago, IL 60657",IN OPERATION,Events and Daily ONLY,1,N/A,Not Listed,,Not Listed,,Not Listed,,Not Listed,,"41.940583,-87.658417",,70/30,Dominic Cannizzaro,,,,,,,,,,,,,,,,,,,,,,,,,,,,,,,,,,,,,,,,,,,,,,,,,,,,,,,,,,,,,,,,,,,,,,,,,,,,,,,,,,,,,,,,,,,,,,,,,,,,,,,,,,,,,,,,,,,,,,,,,,,,,,,,,,,,
IL,67041,3228 N Sheffield Ave. - Alley spot,"3228 North Sheffield Avenue, Chicago, IL, 60657",IN OPERATION,Events and Daily ONLY,1,N/A,Not Listed,,Not Listed,,Not Listed,,Not Listed,,"41.940806,-87.654722",,FIXED,Bill Flemming,,,,,,,,,,,,,,,,,,,,,,,,,,,,,,,,,,,,,,,,,,,,,,,,,,,,,,,,,,,,,,,,,,,,,,,,,,,,,,,,,,,,,,,,,,,,,,,,,,,,,,,,,,,,,,,,,,,,,,,,,,,,,,,,,,,,
FL ,,323 Collins Ct. - Spot #7 (ARCHIVED),"323 Collins Ct, Miami Beach, FL 33139, USA",PERMANENTLY CLOSED,PERMANENTLY CLOSED,0,0,Not Listed,,Not Listed,,Not Listed,,Not Listed,,N/A,N/A,N/A,Vladislav Korchevoi,,,,,,,,,,,,,,,,,,,,,,,,,,,,,,,,,,,,,,,,,,,,,,,,,,,,,,,,,,,,,,,,,,,,,,,,,,,,,,,,,,,,,,,,,,,,,,,,,,,,,,,,,,,,,,,,,,,,,,,,,,,,,,,,,,,,
MA,88064,324 Newbury St. - Alley Spot,"324 Newbury Street, Boston, MA, 02115",IN OPERATION,Events and Daily ONLY,1,N/A,Not Listed,,Not Listed,,Not Listed,,Not Listed,,"42.34824,-71.08593",,FIXED,Parking Boston Inc. - Jasmine Taylor,,,,,,,,,,,,,,,,,,,,,,,,,,,,,,,,,,,,,,,,,,,,,,,,,,,,,,,,,,,,,,,,,,,,,,,,,,,,,,,,,,,,,,,,,,,,,,,,,,,,,,,,,,,,,,,,,,,,,,,,,,,,,,,,,,,,
IL,,324 Sheridan Dr. - Spot #34 (ARCHIVED) ,"324 Sheridan Drive, Willowbrook, IL, 60527",PERMANENTLY CLOSED,PERMANENTLY CLOSED,0,0,Not Listed,,Not Listed,,Not Listed,,Not Listed,,N/A,N/A,N/A,Johanna Eiers,,,,,,,,,,,,,,,,,,,,,,,,,,,,,,,,,,,,,,,,,,,,,,,,,,,,,,,,,,,,,,,,,,,,,,,,,,,,,,,,,,,,,,,,,,,,,,,,,,,,,,,,,,,,,,,,,,,,,,,,,,,,,,,,,,,,
WASHINGTON DC,119511,3248 Jones Ct. NW (Cashell Alley NW) - Garage Spot #5 Only,"3248 Jones Court Northwest, Washington, DC, 20007",IN OPERATION,Daily Only,1,N/A,Not Listed,,Not Listed,,Not Listed,,Not Listed,,"38.910194,-77.065389",,70/30,"Elliot Rosen, Soluble Solutions, LLC",,,,,,,,,,,,,,,,,,,,,,,,,,,,,,,,,,,,,,,,,,,,,,,,,,,,,,,,,,,,,,,,,,,,,,,,,,,,,,,,,,,,,,,,,,,,,,,,,,,,,,,,,,,,,,,,,,,,,,,,,,,,,,,,,,,,
IL,19158,3255 N Leavitt St. - Spot #1,"3255 North Leavitt Street, Chicago, IL 60618",IN OPERATION,Daily Only,1,N/A,Not Listed,,Not Listed,,Not Listed,,Not Listed,,"41.941167,-87.682667",,FIXED,Jeff Hoobler,,,,,,,,,,,,,,,,,,,,,,,,,,,,,,,,,,,,,,,,,,,,,,,,,,,,,,,,,,,,,,,,,,,,,,,,,,,,,,,,,,,,,,,,,,,,,,,,,,,,,,,,,,,,,,,,,,,,,,,,,,,,,,,,,,,,
MA,60937,"33 Concord Ave. - Spot #13, 14 or 15 Only","33 Concord Avenue Cambridge, MA, 02138",IN OPERATION,Daily&Monthly,3,2,Not Listed,,Not Listed,,Not Listed,,Not Listed,,"42°22'49.0""N 71°07'34.6""W",,FIXED,Parking Boston Inc. - Jasmine Taylor,,Spot#15 inaccessible due to mountain of ice covering the spot ,,,,,,,,,,,,,,,,,,,,,,,,,,,,,,,,,,,,,,,,,,,,,,,,,,,,,,,,,,,,,,,,,,,,,,,,,,,,,,,,,,,,,,,,,,,,,,,,,,,,,,,,,,,,,,,,,,,,,,,,,,,,,,,,,,
MA,60969,33 Concord Ave. - Spot #16,"33 Concord Avenue Cambridge, MA, 02138",IN OPERATION,Daily&Monthly,1,1,Not Listed,,Not Listed,,Not Listed,,Not Listed,,"42°22'49.0""N 71°07'34.6""W",,FIXED,Parking Boston Inc. - Jasmine Taylor,,Spot#16 inaccessible due to mountain of ice covering the spot ,,,,,,,,,,,,,,,,,,,,,,,,,,,,,,,,,,,,,,,,,,,,,,,,,,,,,,,,,,,,,,,,,,,,,,,,,,,,,,,,,,,,,,,,,,,,,,,,,,,,,,,,,,,,,,,,,,,,,,,,,,,,,,,,,,
MA,,33 Concord Ave. - Spot #17 (ARCHIVED) ,"33 Concord Avenue Cambridge, MA, 02138",PERMANENTLY CLOSED,PERMANENTLY CLOSED,0,0,Not Listed,,Not Listed,,Not Listed,,Not Listed,,N/A,N/A,N/A,Parking Boston Inc. - Jasmine Taylor,,,,,,,,,,,,,,,,,,,,,,,,,,,,,,,,,,,,,,,,,,,,,,,,,,,,,,,,,,,,,,,,,,,,,,,,,,,,,,,,,,,,,,,,,,,,,,,,,,,,,,,,,,,,,,,,,,,,,,,,,,,,,,,,,,,,
MA,74830,33 Concord Ave. - Spot #17 or 18 Only,"33 Concord Avenue Cambridge, MA, 02138",IN OPERATION,Daily&Monthly,2,1,Not Listed,,Not Listed,,Not Listed,,Not Listed,,"42.379972,-71.126444",,FIXED,Parking Boston Inc. - Jasmine Taylor,,,,,,,,,,,,,,,,,,,,,,,,,,,,,,,,,,,,,,,,,,,,,,,,,,,,,,,,,,,,,,,,,,,,,,,,,,,,,,,,,,,,,,,,,,,,,,,,,,,,,,,,,,,,,,,,,,,,,,,,,,,,,,,,,,,,
MA,26684,"33 Concord Ave. - Spots #8, #11 or #12 Only","33 Concord Avenue, Cambridge, MA 02138",IN OPERATION,Daily&Monthly,3,2,Not Listed,,Not Listed,,Not Listed,,Not Listed,,"42°22'49.0""N 71°07'34.7""W",,FIXED,Parking Boston Inc. - Jasmine Taylor,,,,,,,,,,,,,,,,,,,,,,,,,,,,,,,,,,,,,,,,,,,,,,,,,,,,,,,,,,,,,,,,,,,,,,,,,,,,,,,,,,,,,,,,,,,,,,,,,,,,,,,,,,,,,,,,,,,,,,,,,,,,,,,,,,,,
MA,84335,33 E Concord St. - Parallel Spot #1 Only,"33 East Concord Street, Boston, MA, 02118",PERMANENTLY CLOSED,Events and Daily ONLY,1,N/A,Not Listed,,Not Listed,,Not Listed,,Not Listed,,"42.337423, -71.074672",,FIXED,Svetlana Gorokhovsky,,,,,,,,,,,,,,,,,,,,,,,,,,,,,,,,,,,,,,,,,,,,,,,,,,,,,,,,,,,,,,,,,,,,,,,,,,,,,,,,,,,,,,,,,,,,,,,,,,,,,,,,,,,,,,,,,,,,,,,,,,,,,,,,,,,,
MA,46317,"33 Egremont St. - Spots #50, 51 or 52","33 Egremont Street, Boston, MA 02135",IN OPERATION,Daily&Monthly,3,2,Not Listed,,Not Listed,,Not Listed,,Not Listed,,"42.341361,-71.142778",,FIXED,Parking Boston Inc. - Jasmine Taylor,,,,,,,,,,,,,,,,,,,,,,,,,,,,,,,,,,,,,,,,,,,,,,,,,,,,,,,,,,,,,,,,,,,,,,,,,,,,,,,,,,,,,,,,,,,,,,,,,,,,,,,,,,,,,,,,,,,,,,,,,,,,,,,,,,,,
MA,72651,"33 Essex St. - Spots #13, 14, 15, 16 or 17 only","33 Essex Street, Boston, MA, 02111",IN OPERATION,Events and Daily ONLY,5,N/A,Not Listed,,Not Listed,,Not Listed,,Not Listed,,"42°21'08.1""N 71°03'41.8""W",,FIXED,Stanhope Garage,,,,,,,,,,,,,,,,,,,,,,,,,,,,,,,,,,,,,,,,,,,,,,,,,,,,,,,,,,,,,,,,,,,,,,,,,,,,,,,,,,,,,,,,,,,,,,,,,,,,,,,,,,,,,,,,,,,,,,,,,,,,,,,,,,,,
MA,85493,"33 Essex St. - Spots #20, 21, 25 or #29 ONLY","33 Essex Street, Boston, MA, 02111",IN OPERATION,Events and Daily ONLY,4,N/A,Not Listed,,Not Listed,,Not Listed,,Not Listed,,"42.3524788,-71.0616675",,FIXED,Stanhope Garage,,,,,,,,,,,,,,,,,,,,,,,,,,,,,,,,,,,,,,,,,,,,,,,,,,,,,,,,,,,,,,,,,,,,,,,,,,,,,,,,,,,,,,,,,,,,,,,,,,,,,,,,,,,,,,,,,,,,,,,,,,,,,,,,,,,,
MA,92551,"33 Essex St. - Spots #24, 28 or #32 Only","33 Essex Street, Boston, MA, 02111",IN OPERATION,Events and Daily ONLY,3,N/A,Not Listed,,Not Listed,,Not Listed,,Not Listed,,"42.3524788,-71.0616675",,FIXED,Stanhope Garage,,,,,,,,,,,,,,,,,,,,,,,,,,,,,,,,,,,,,,,,,,,,,,,,,,,,,,,,,,,,,,,,,,,,,,,,,,,,,,,,,,,,,,,,,,,,,,,,,,,,,,,,,,,,,,,,,,,,,,,,,,,,,,,,,,,,
MA,,33 Hillside St. - Driveway (ARCHIVED),"33 Hillside Street, Boston, MA 02120",PERMANENTLY CLOSED,PERMANENTLY CLOSED,0,0,Not Listed,,Not Listed,,Not Listed,,Not Listed,,N/A,N/A,N/A,,,,,,,,,,,,,,,,,,,,,,,,,,,,,,,,,,,,,,,,,,,,,,,,,,,,,,,,,,,,,,,,,,,,,,,,,,,,,,,,,,,,,,,,,,,,,,,,,,,,,,,,,,,,,,,,,,,,,,,,,,,,,,,,,,,,,
MA,,33 Long Ave - Spot #4 Only,"33 Long Avenue, Boston, MA, 02134",IN OPERATION,Daily Only,0,0,Not Listed,,Not Listed,,Not Listed,,Not Listed,,"42.3499205,-71.1354708",,FIXED,Parking Boston Inc. - Jasmine Taylor,,,,,,,,,,,,,,,,,,,,,,,,,,,,,,,,,,,,,,,,,,,,,,,,,,,,,,,,,,,,,,,,,,,,,,,,,,,,,,,,,,,,,,,,,,,,,,,,,,,,,,,,,,,,,,,,,,,,,,,,,,,,,,,,,,,,
MA,86015,"33 Merriam St. - Spots #1, #2 or #3 Only","33 Merriam St, Somerville, MA 02143",IN OPERATION,Daily Only,3,N/A,Not Listed,,Not Listed,,Not Listed,,Not Listed,,"42.3499205,-71.1354708",,FIXED,Parking Boston Inc. - Jasmine Taylor,,,,,,,,,,,,,,,,,,,,,,,,,,,,,,,,,,,,,,,,,,,,,,,,,,,,,,,,,,,,,,,,,,,,,,,,,,,,,,,,,,,,,,,,,,,,,,,,,,,,,,,,,,,,,,,,,,,,,,,,,,,,,,,,,,,,
MA,,33 Public Alley 818 (33 Symphony Rd.) - Alley Spot (ARCHIVED) ,"33 Symphony Road Boston, MA, 02115",PERMANENTLY CLOSED,PERMANENTLY CLOSED,0,0,Not Listed,,Not Listed,,Not Listed,,Not Listed,,N/A,N/A,N/A,Jasmine (BPI),,,,,,,,,,,,,,,,,,,,,,,,,,,,,,,,,,,,,,,,,,,,,,,,,,,,,,,,,,,,,,,,,,,,,,,,,,,,,,,,,,,,,,,,,,,,,,,,,,,,,,,,,,,,,,,,,,,,,,,,,,,,,,,,,,,,
MA,,330 Beacon St. - Spot #4 (ARCHIVED) ,"330 Beacon Street, Boston, MA 02116",PERMANENTLY CLOSED,PERMANENTLY CLOSED,0,0,Not Listed,,Not Listed,,Not Listed,,Not Listed,,N/A,N/A,N/A,,,,,,,,,,,,,,,,,,,,,,,,,,,,,,,,,,,,,,,,,,,,,,,,,,,,,,,,,,,,,,,,,,,,,,,,,,,,,,,,,,,,,,,,,,,,,,,,,,,,,,,,,,,,,,,,,,,,,,,,,,,,,,,,,,,,,
WASHINGTON DC,94203,331 15th St. NE - Spot #1 Only,"331 15th St NE, Washington, DC 20002",PERMANENTLY CLOSED,Daily&Monthly,1,1,Not Listed,,Not Listed,,Not Listed,,Not Listed,,"38.89425,-76.983056",,70/30,Kirby Howell - Nest DC,,,,,,,,,,,,,,,,,,,,,,,,,,,,,,,,,,,,,,,,,,,,,,,,,,,,,,,,,,,,,,,,,,,,,,,,,,,,,,,,,,,,,,,,,,,,,,,,,,,,,,,,,,,,,,,,,,,,,,,,,,,,,,,,,,,,
ON ,129976,331 Balliol St. - Driveway Spot,"331 Balliol Street, Toronto, ON M4S 1E1",PERMANENTLY CLOSED,Daily Only,0,0,Not Listed,,Not Listed,,Not Listed,,Not Listed,,"43°41'58.0""N 79°23'09.0""W",,,Julie Lajeunesse,,,,,,,,,,,,,,,,,,,,,,,,,,,,,,,,,,,,,,,,,,,,,,,,,,,,,,,,,,,,,,,,,,,,,,,,,,,,,,,,,,,,,,,,,,,,,,,,,,,,,,,,,,,,,,,,,,,,,,,,,,,,,,,,,,,,
IL,120637,3319 N Kenmore Ave. - Left Whole Tandem Row,"3319 North Kenmore Avenue, Chicago, IL 60657",IN OPERATION,Event Only,1,0,Not Listed,,Not Listed,,Not Listed,,Not Listed,,"41°56'32.4""N 87°39'17.3""W",,70/30,Michelle Schafer,,,,,,,,,,,,,,,,,,,,,,,,,,,,,,,,,,,,,,,,,,,,,,,,,,,,,,,,,,,,,,,,,,,,,,,,,,,,,,,,,,,,,,,,,,,,,,,,,,,,,,,,,,,,,,,,,,,,,,,,,,,,,,,,,,,,
IL,88557,3327 N Sheffield Ave. - Whole Tandem Left spot only,"3327 N Sheffield Ave, Chicago, IL 60657 ",IN OPERATION,Events and Daily ONLY,1,N/A,Not Listed,,Not Listed,,Not Listed,,Not Listed,,"41.942611,-87.653611",,FIXED,Joungbum Lee,,,,,,,,,,,,,,,,,,,,,,,,,,,,,,,,,,,,,,,,,,,,,,,,,,,,,,,,,,,,,,,,,,,,,,,,,,,,,,,,,,,,,,,,,,,,,,,,,,,,,,,,,,,,,,,,,,,,,,,,,,,,,,,,,,,,
ON ,73278,"333 Eglinton Ave. E - Spot #11, 12 or 13","333 Eglinton Avenue East, Toronto, ON, M4P 1L7",IN OPERATION,Daily&Monthly,3,2,Not Listed,,Not Listed,,Not Listed,,Not Listed,,"43°42'31.7""N 79°23'12.0""W",,FIXED,Michael Alter,,,,,,,,,,,,,,,,,,,,,,,,,,,,,,,,,,,,,,,,,,,,,,,,,,,,,,,,,,,,,,,,,,,,,,,,,,,,,,,,,,,,,,,,,,,,,,,,,,,,,,,,,,,,,,,,,,,,,,,,,,,,,,,,,,,,
MA,149140,334 Harvard St. - Spot #19 or #24 Only,"334 Harvard Street Cambridge, MA 02139",IN OPERATION,Daily Only,2,N/A,Not Listed,,Not Listed,,Not Listed,,Not Listed,,"42°22'13.6""N 71°06'30.6""W",,,,,,,,,,,,,,,,,,,,,,,,,,,,,,,,,,,,,,,,,,,,,,,,,,,,,,,,,,,,,,,,,,,,,,,,,,,,,,,,,,,,,,,,,,,,,,,,,,,,,,,,,,,,,,,,,,,,,,,,,,,,,,,,,,,,,,,
IL,90385,3330 W 51st St.,"3330 W 51st St, Chicago, IL 60632",PERMANENTLY CLOSED,Daily&Monthly,25,20,Not Listed,,Not Listed,,Not Listed,,Not Listed,,"41.801194,-87.707583",LOCKBOX CODE: 0827,70/30,Tom Moran,,,,,,,,,,,,,,,,,,,,,,,,,,,,,,,,,,,,,,,,,,,,,,,,,,,,,,,,,,,,,,,,,,,,,,,,,,,,,,,,,,,,,,,,,,,,,,,,,,,,,,,,,,,,,,,,,,,,,,,,,,,,,,,,,,,,
MA,144616,337 Commonwealth Ave. - Middle Whole Tandem Row Only,"337 Commonwealth Avenue Boston, MA, 02115",IN OPERATION,Events and Daily ONLY,1,N/A,Not Listed,,Not Listed,,Not Listed,,Not Listed,,"42°20'59.9""N 71°05'16.1""W",,FIXED,,,,,,,,,,,,,,,,,,,,,,,,,,,,,,,,,,,,,,,,,,,,,,,,,,,,,,,,,,,,,,,,,,,,,,,,,,,,,,,,,,,,,,,,,,,,,,,,,,,,,,,,,,,,,,,,,,,,,,,,,,,,,,,,,,,,,
IL,125088,3337 N Kenmore Ave. - Right Whole Tandem Row,"3337 North Kenmore Avenue, Chicago, IL, 60657",IN OPERATION,Events and Daily ONLY,1,N/A,Not Listed,,Not Listed,,Not Listed,,Not Listed,,"41.942833,-87.654833",,FIXED,Alex Nevling,,,,,,,,,,,,,,,,,,,,,,,,,,,,,,,,,,,,,,,,,,,,,,,,,,,,,,,,,,,,,,,,,,,,,,,,,,,,,,,,,,,,,,,,,,,,,,,,,,,,,,,,,,,,,,,,,,,,,,,,,,,,,,,,,,,,
MA,107137,337 A Central St. - Driveway Spot Only,"337 Central St, Newton, MA, 02466",PERMANENTLY CLOSED,PERMANENTLY CLOSED,1,0,Not Listed,,Not Listed,,Not Listed,,Not Listed,,"42.342583,-71.253917",,70/30,June Homes - Ferran ,,,,,,,,,,,,,,,,,,,,,,,,,,,,,,,,,,,,,,,,,,,,,,,,,,,,,,,,,,,,,,,,,,,,,,,,,,,,,,,,,,,,,,,,,,,,,,,,,,,,,,,,,,,,,,,,,,,,,,,,,,,,,,,,,,,,
IL,98655,3409 N Paulina St. - Right Spot (ARCHIVED) ,"3409 North Paulina Street, Chicago, IL, 60657",PERMANENTLY CLOSED,PERMANENTLY CLOSED,0,0,Not Listed,,Not Listed,,Not Listed,,Not Listed,,"41.943639,-87.670611",,70/30,3409 N Paulina LLC,,,,,,,,,,,,,,,,,,,,,,,,,,,,,,,,,,,,,,,,,,,,,,,,,,,,,,,,,,,,,,,,,,,,,,,,,,,,,,,,,,,,,,,,,,,,,,,,,,,,,,,,,,,,,,,,,,,,,,,,,,,,,,,,,,,,
IL,88542,3417 N Janssen Ave. - Spot #1 or 2 Only,"3417 N Janssen Ave, Chicago, IL 60657",IN OPERATION,Events and Daily ONLY,2,N/A,Not Listed,,Not Listed,,Not Listed,,Not Listed,,"41.943889,-87.664583",,FIXED,Heavy Holdings LLC,,,,,,,,,,,,,,,,,,,,,,,,,,,,,,,,,,,,,,,,,,,,,,,,,,,,,,,,,,,,,,,,,,,,,,,,,,,,,,,,,,,,,,,,,,,,,,,,,,,,,,,,,,,,,,,,,,,,,,,,,,,,,,,,,,,,
CA ,64666,342 Bryant St. - Spot #5 Only,"342 Bryant Street San Francisco, CA, 94107",IN OPERATION,Events and Daily ONLY,1,N/A,Not Listed,,Not Listed,,Not Listed,,Not Listed,,"37.7839201,-122.3927673",,FIXED,Khoa D. Nguyen,,,,,,,,,,,,,,,,,,,,,,,,,,,,,,,,,,,,,,,,,,,,,,,,,,,,,,,,,,,,,,,,,,,,,,,,,,,,,,,,,,,,,,,,,,,,,,,,,,,,,,,,,,,,,,,,,,,,,,,,,,,,,,,,,,,,
MA,,344 Summer St. - Spot #2 or #3 Only (ARCHIVED) ,"344 Summer Street, Somerville, MA 02144",PERMANENTLY CLOSED,PERMANENTLY CLOSED,0,0,Not Listed,,Not Listed,,Not Listed,,Not Listed,,"42°23'35.7""N 71°07'09.3""W",,,Parking Boston Inc - Jasmine ,,,,,,,,,,,,,,,,,,,,,,,,,,,,,,,,,,,,,,,,,,,,,,,,,,,,,,,,,,,,,,,,,,,,,,,,,,,,,,,,,,,,,,,,,,,,,,,,,,,,,,,,,,,,,,,,,,,,,,,,,,,,,,,,,,,,
MA,22099,345 Franklin St. - Spot #29 only,"345 Franklin Street, Cambridge, MA 02139",IN OPERATION,Daily Only,1,N/A,Not Listed,,Not Listed,,Not Listed,,Not Listed,,"42°21'57.0""N 71°06'26.3""W",N/A,N/A,Parking Boston Inc. - Jasmine Taylor,,,,,,,,,,,,,,,,,,,,,,,,,,,,,,,,,,,,,,,,,,,,,,,,,,,,,,,,,,,,,,,,,,,,,,,,,,,,,,,,,,,,,,,,,,,,,,,,,,,,,,,,,,,,,,,,,,,,,,,,,,,,,,,,,,,,
MA,127465,345 Harvard St. - Carport Spot 'R' Only,"345 Harvard Street, Cambridge, MA 02138",IN OPERATION,Daily Only,1,N/A,Not Listed,,Not Listed,,Not Listed,,Not Listed,,"42°22'15.4""N 71°06'35.8""W",,,Ravi Gupta,,,,,,,,,,,,,,,,,,,,,,,,,,,,,,,,,,,,,,,,,,,,,,,,,,,,,,,,,,,,,,,,,,,,,,,,,,,,,,,,,,,,,,,,,,,,,,,,,,,,,,,,,,,,,,,,,,,,,,,,,,,,,,,,,,,,
MA,148054,345 Harvard St. - Spot #17 Only,"345 Harvard Street Cambridge, MA 02138",IN OPERATION,Daily Only,1,N/A,Not Listed,,Not Listed,,Not Listed,,Not Listed,,"42°22'17.3""N 71°06'35.6""W",,,,,,,,,,,,,,,,,,,,,,,,,,,,,,,,,,,,,,,,,,,,,,,,,,,,,,,,,,,,,,,,,,,,,,,,,,,,,,,,,,,,,,,,,,,,,,,,,,,,,,,,,,,,,,,,,,,,,,,,,,,,,,,,,,,,,,,
IL,,3452 N Southport Ave. - Spot #1 (ARCHIVED),"3452 North Southport Avenue Chicago, IL, 60657",PERMANENTLY CLOSED,PERMANENTLY CLOSED,0,0,Not Listed,,Not Listed,,Not Listed,,Not Listed,,N/A,N/A,N/A,Yue He,,,,,,,,,,,,,,,,,,,,,,,,,,,,,,,,,,,,,,,,,,,,,,,,,,,,,,,,,,,,,,,,,,,,,,,,,,,,,,,,,,,,,,,,,,,,,,,,,,,,,,,,,,,,,,,,,,,,,,,,,,,,,,,,,,,,
MA,,35 Bigelow St. - Spot #1 Only (ARCHIVED),"35 Bigelow Street, Cambridge, MA 02139",PERMANENTLY CLOSED,PERMANENTLY CLOSED,0,0,Not Listed,,Not Listed,,Not Listed,,Not Listed,,"42°22'07.5""N 71°06'16.9""W",,,Lance Li,,,,,,,,,,,,,,,,,,,,,,,,,,,,,,,,,,,,,,,,,,,,,,,,,,,,,,,,,,,,,,,,,,,,,,,,,,,,,,,,,,,,,,,,,,,,,,,,,,,,,,,,,,,,,,,,,,,,,,,,,,,,,,,,,,,,
MA,85022,35 Dwight St. - Right Spot Only,"35 Dwight Street, Boston, MA, 02118",IN OPERATION,Events and Daily ONLY,1,N/A,Not Listed,,Not Listed,,Not Listed,,Not Listed,,"42.344583,-71.068833",,FIXED,Parking Boston Inc. - Jasmine Taylor,,,,,,,,,,,,,,,,,,,,,,,,,,,,,,,,,,,,,,,,,,,,,,,,,,,,,,,,,,,,,,,,,,,,,,,,,,,,,,,,,,,,,,,,,,,,,,,,,,,,,,,,,,,,,,,,,,,,,,,,,,,,,,,,,,,,
MA,,350 W Fourth St. - Spot #15 (ARCHIVED),"350 West Fourth Street Boston, MA, 02127",PERMANENTLY CLOSED,PERMANENTLY CLOSED,0,0,Not Listed,,Not Listed,,Not Listed,,Not Listed,,N/A,N/A,N/A,Kyle Geoghan,,,,,,,,,,,,,,,,,,,,,,,,,,,,,,,,,,,,,,,,,,,,,,,,,,,,,,,,,,,,,,,,,,,,,,,,,,,,,,,,,,,,,,,,,,,,,,,,,,,,,,,,,,,,,,,,,,,,,,,,,,,,,,,,,,,,
MA,133008,350 Beacon St. - Spot A Only,"350 Beacon Street Boston, MA, 02116",IN OPERATION,Events and Daily ONLY,1,N/A,Not Listed,,Not Listed,,Not Listed,,Not Listed,,"42°21'10.7""N 71°05'01.8""W",,FIXED,Theodore Goldberg,,,,,,,,,,,,,,,,,,,,,,,,,,,,,,,,,,,,,,,,,,,,,,,,,,,,,,,,,,,,,,,,,,,,,,,,,,,,,,,,,,,,,,,,,,,,,,,,,,,,,,,,,,,,,,,,,,,,,,,,,,,,,,,,,,,,
IL,86010,3501 N Sheffield Ave. - Spot #2 Only. (ARCHIVED),"3501 North Sheffield Avenue Chicago, IL, 60657",PERMANENTLY CLOSED,PERMANENTLY CLOSED,1,0,Not Listed,,Not Listed,,Not Listed,,Not Listed,,"41.945528,-87.653694",,70/30,Caleb Yandek,,,,,,,,,,,,,,,,,,,,,,,,,,,,,,,,,,,,,,,,,,,,,,,,,,,,,,,,,,,,,,,,,,,,,,,,,,,,,,,,,,,,,,,,,,,,,,,,,,,,,,,,,,,,,,,,,,,,,,,,,,,,,,,,,,,,
IL,98366,3503 N Sheffield Ave. - Spot #3 Only,"3503 N Sheffield Ave, Chicago, IL 60657",PERMANENTLY CLOSED,Events and Daily ONLY,1,0,Not Listed,,Not Listed,,Not Listed,,Not Listed,,"41.945556,-87.65375",,70/30,Maxx Kominowski,,,,,,,,,,,,,,,,,,,,,,,,,,,,,,,,,,,,,,,,,,,,,,,,,,,,,,,,,,,,,,,,,,,,,,,,,,,,,,,,,,,,,,,,,,,,,,,,,,,,,,,,,,,,,,,,,,,,,,,,,,,,,,,,,,,,
IL,131894,3503 N Sheffield Ave. - Spot #6 Only,"3503 North Sheffield Avenue, Chicago, IL, 60657",IN OPERATION,Event Only,1,0,Not Listed,,Not Listed,,Not Listed,,Not Listed,,"41°56'44.2""N 87°39'13.3""W",,,"Mathew Bernthal
Tommy Stang",,,,,,,,,,,,,,,,,,,,,,,,,,,,,,,,,,,,,,,,,,,,,,,,,,,,,,,,,,,,,,,,,,,,,,,,,,,,,,,,,,,,,,,,,,,,,,,,,,,,,,,,,,,,,,,,,,,,,,,,,,,,,,,,,,,,
IL,,3504 S Union Ave. - Middle Spot only (ARCHIVED) ,"3504 South Union Avenue, Chicago, IL, 60609",PERMANENTLY CLOSED,PERMANENTLY CLOSED,0,0,Not Listed,,Not Listed,,Not Listed,,Not Listed,,N/A,N/A,N/A,Alex Padilla,,,,,,,,,,,,,,,,,,,,,,,,,,,,,,,,,,,,,,,,,,,,,,,,,,,,,,,,,,,,,,,,,,,,,,,,,,,,,,,,,,,,,,,,,,,,,,,,,,,,,,,,,,,,,,,,,,,,,,,,,,,,,,,,,,,,
IL,19796,3508 N Sheffield Ave. - Alley Spots,"3508 North Sheffield Avenue, Chicago, IL 60657",IN OPERATION,Events and Daily ONLY,3,N/A,Not Listed,,Not Listed,,Not Listed,,Not Listed,,"41.945722,-87.654722",,FIXED,Dave,,,,,,,,,,,,,,,,,,,,,,,,,,,,,,,,,,,,,,,,,,,,,,,,,,,,,,,,,,,,,,,,,,,,,,,,,,,,,,,,,,,,,,,,,,,,,,,,,,,,,,,,,,,,,,,,,,,,,,,,,,,,,,,,,,,,
NJ,132546,3510 John F. Kennedy Blvd. - Left or Middle Spot Only,"3510 John F. Kennedy Boulevard Union City, NJ, 07087",IN OPERATION,Daily Only,2,N/A,Not Listed,,Not Listed,,Not Listed,,Not Listed,,"40°45'06.9""N 74°03'11.8""W",,FIXED,Eswar Anandapadmanaban ,,,,,,,,,,,,,,,,,,,,,,,,,,,,,,,,,,,,,,,,,,,,,,,,,,,,,,,,,,,,,,,,,,,,,,,,,,,,,,,,,,,,,,,,,,,,,,,,,,,,,,,,,,,,,,,,,,,,,,,,,,,,,,,,,,,,
IL,,3511 N Seminary - Rear Middle Spot (ARCHIVED),"3511 North Seminary Avenue, Chicago, IL 60657",PERMANENTLY CLOSED,PERMANENTLY CLOSED,0,0,Not Listed,,Not Listed,,Not Listed,,Not Listed,,N/A,N/A,N/A,,,,,,,,,,,,,,,,,,,,,,,,,,,,,,,,,,,,,,,,,,,,,,,,,,,,,,,,,,,,,,,,,,,,,,,,,,,,,,,,,,,,,,,,,,,,,,,,,,,,,,,,,,,,,,,,,,,,,,,,,,,,,,,,,,,,,
IL,20150,3511 N Wilton Ave. - Left Spot,"3511 North Wilton Avenue, Chicago, IL 60657",IN OPERATION,Events and Daily ONLY,1,N/A,Not Listed,,Not Listed,,Not Listed,,Not Listed,,"41°56'44.9""N 87°39'08.9""W",,FIXED,Old Spot- Israel ,,,,,,,,,,,,,,,,,,,,,,,,,,,,,,,,,,,,,,,,,,,,,,,,,,,,,,,,,,,,,,,,,,,,,,,,,,,,,,,,,,,,,,,,,,,,,,,,,,,,,,,,,,,,,,,,,,,,,,,,,,,,,,,,,,,,
IL,71167,3514 N Fremont St. - Spot #1 Only(ARCHIVED),"3514 North Fremont Street, Chicago, IL, 60657",PERMANENTLY CLOSED,Events and Daily ONLY,0,N/A,Not Listed,,Not Listed,,Not Listed,,Not Listed,,"41.945972,-87.652389",,70/30,Austin Mask,,,,,,,,,,,,,,,,,,,,,,,,,,,,,,,,,,,,,,,,,,,,,,,,,,,,,,,,,,,,,,,,,,,,,,,,,,,,,,,,,,,,,,,,,,,,,,,,,,,,,,,,,,,,,,,,,,,,,,,,,,,,,,,,,,,,
WASHINGTON DC,100308,3519 16th St. NW - Left Spot Only,"3519 16th St NW , Washington DC 20010",IN OPERATION,Daily Only,1,N/A,Not Listed,,Not Listed,,Not Listed,,Not Listed,,"38.935361,-77.035972",,FIXED,Cradle Admin ,,,,,,,,,,,,,,,,,,,,,,,,,,,,,,,,,,,,,,,,,,,,,,,,,,,,,,,,,,,,,,,,,,,,,,,,,,,,,,,,,,,,,,,,,,,,,,,,,,,,,,,,,,,,,,,,,,,,,,,,,,,,,,,,,,,,
IL,,3519 N Sheffield Ave. - Garage Spot #2N Only (ARCHIVED) ,"3519 N Sheffield Ave, Chicago, IL 60657, USA",PERMANENTLY CLOSED,PERMANENTLY CLOSED,0,0,Not Listed,,Not Listed,,Not Listed,,Not Listed,,"41.946111,-87.653694",,70/30,Ali Fishman,,,,,,,,,,,,,,,,,,,,,,,,,,,,,,,,,,,,,,,,,,,,,,,,,,,,,,,,,,,,,,,,,,,,,,,,,,,,,,,,,,,,,,,,,,,,,,,,,,,,,,,,,,,,,,,,,,,,,,,,,,,,,,,,,,,,
IL,96742,3530 N Fremont St. - Right Spot Only,"3530 N Fremont St, Chicago, IL 60657",IN OPERATION,Event Only,1,0,Not Listed,,Not Listed,,Not Listed,,Not Listed,,"41.946361,-87.652444",,70/30,Karl Roskamp,,,,,,,,,,,,,,,,,,,,,,,,,,,,,,,,,,,,,,,,,,,,,,,,,,,,,,,,,,,,,,,,,,,,,,,,,,,,,,,,,,,,,,,,,,,,,,,,,,,,,,,,,,,,,,,,,,,,,,,,,,,,,,,,,,,,
IL,22689,3530 N Reta Ave. - Left Spot Only,"3530 North Reta Avenue, Chicago, IL 60657",IN OPERATION,Events and Daily ONLY,1,N/A,Not Listed,,Not Listed,,Not Listed,,Not Listed,,"41.946444,-87.651222",,FIXED,Eric Sodorff,,,,,,,,,,,,,,,,,,,,,,,,,,,,,,,,,,,,,,,,,,,,,,,,,,,,,,,,,,,,,,,,,,,,,,,,,,,,,,,,,,,,,,,,,,,,,,,,,,,,,,,,,,,,,,,,,,,,,,,,,,,,,,,,,,,,
MA,87674,"355 Green St. - Spots #1, #2, #3, #4, #5 or #6 Only","355 Green Street, Cambridge, MA, 02139",IN OPERATION,Daily&Monthly,6,4,Not Listed,,Not Listed,,Not Listed,,Not Listed,,"42.3654373,-71.105258",,FIXED,George Katis,,,,,,,,,,,,,,,,,,,,,,,,,,,,,,,,,,,,,,,,,,,,,,,,,,,,,,,,,,,,,,,,,,,,,,,,,,,,,,,,,,,,,,,,,,,,,,,,,,,,,,,,,,,,,,,,,,,,,,,,,,,,,,,,,,,,
MA,85422,"358 Chestnut Hill Ave. - Spots #7, 8, 9, 10 or #11 Only","358 Chestnut Hill Avenue, Boston, MA, 02135",IN OPERATION,Daily&Monthly,5,4,Listed,2,Not Listed,,Not Listed,,Not Listed,,N/A,N/A,,Parking Boston Inc. - Jasmine Taylor,,,,,,,,,,,,,,,,,,,,,,,,,,,,,,,,,,,,,,,,,,,,,,,,,,,,,,,,,,,,,,,,,,,,,,,,,,,,,,,,,,,,,,,,,,,,,,,,,,,,,,,,,,,,,,,,,,,,,,,,,,,,,,,,,,,,
MA,45922,"36 High St. - Spot #1, 2, 5 or 6 Only","36 High Street, Brookline, MA 02445",IN OPERATION,Daily&Monthly,4,2,Not Listed,,Not Listed,,Not Listed,,Not Listed,,"42.330278,-71.117944",,FIXED,Parking Boston Inc. - Jasmine Taylor,,,,,,,,,,,,,,,,,,,,,,,,,,,,,,,,,,,,,,,,,,,,,,,,,,,,,,,,,,,,,,,,,,,,,,,,,,,,,,,,,,,,,,,,,,,,,,,,,,,,,,,,,,,,,,,,,,,,,,,,,,,,,,,,,,,,
MA,128759,37 Park Vale Ave. - Spot #7 Only,"37 Park Vale Avenue Boston, MA, 02134",IN OPERATION,Events and Daily ONLY,1,N/A,Not Listed,,Not Listed,,Not Listed,,Not Listed,,"42°21'06.9""N 71°07'59.2""W",,FIXED,Ri Li,,,,,,,,,,,,,,,,,,,,,,,,,,,,,,,,,,,,,,,,,,,,,,,,,,,,,,,,,,,,,,,,,,,,,,,,,,,,,,,,,,,,,,,,,,,,,,,,,,,,,,,,,,,,,,,,,,,,,,,,,,,,,,,,,,,,
MA,,"36 Raven St. - Spots #1, 2, or 3 (ARCHIVED)","36 Raven Street Boston, MA, 02125",PERMANENTLY CLOSED,PERMANENTLY CLOSED,0,0,Not Listed,,Not Listed,,Not Listed,,Not Listed,,N/A,N/A,N/A,Alp Kantar; Puspa Jelita,,,,,,,,,,,,,,,,,,,,,,,,,,,,,,,,,,,,,,,,,,,,,,,,,,,,,,,,,,,,,,,,,,,,,,,,,,,,,,,,,,,,,,,,,,,,,,,,,,,,,,,,,,,,,,,,,,,,,,,,,,,,,,,,,,,,
IL,143836,360 E Randolph St. - Whole Tandem Row - Spot #251 Only,"360 East Randolph Street Chicago, IL, 60601",PERMANENTLY CLOSED,MONTHLY ONLY,1,1,Not Listed,,Not Listed,,Not Listed,,Not Listed,,"41°53'04.7""N 87°37'05.4""W",,,,,,,,,,,,,,,,,,,,,,,,,,,,,,,,,,,,,,,,,,,,,,,,,,,,,,,,,,,,,,,,,,,,,,,,,,,,,,,,,,,,,,,,,,,,,,,,,,,,,,,,,,,,,,,,,,,,,,,,,,,,,,,,,,,,,,,
IL,85209,3614 N Wilton Ave. - Spot #5,"3614 North Wilton Avenue Chicago, IL, 60613",IN OPERATION,Events and Daily ONLY,1,N/A,Not Listed,,Not Listed,,Not Listed,,Not Listed,,"41.947722,-87.653361",,70/30,Rich DiVIto,,,,,,,,,,,,,,,,,,,,,,,,,,,,,,,,,,,,,,,,,,,,,,,,,,,,,,,,,,,,,,,,,,,,,,,,,,,,,,,,,,,,,,,,,,,,,,,,,,,,,,,,,,,,,,,,,,,,,,,,,,,,,,,,,,,,
IL,81066,"3614 N Wilton Ave. - Spots #1, 2, 3, or 4","3614 North Wilton Avenue Chicago, IL, 60613",IN OPERATION,Events and Daily ONLY,4,N/A,Not Listed,,Listed,0,Not Listed,,Not Listed,,"41.947722,-87.653361",,70/30,Rich DiVIto,,,,,,,,,,,,,,,,,,,,,,,,,,,,,,,,,,,,,,,,,,,,,,,,,,,,,,,,,,,,,,,,,,,,,,,,,,,,,,,,,,,,,,,,,,,,,,,,,,,,,,,,,,,,,,,,,,,,,,,,,,,,,,,,,,,,
IL,,3618 N Wilton Ave. - Full Size SUV Whole Tandem Row (ARCHIVED),"3618 North Wilton Avenue Chicago, IL, 60613",PERMANENTLY CLOSED,PERMANENTLY CLOSED,0,0,Not Listed,,Not Listed,,Not Listed,,Not Listed,,N/A,N/A,N/A,,,,,,,,,,,,,,,,,,,,,,,,,,,,,,,,,,,,,,,,,,,,,,,,,,,,,,,,,,,,,,,,,,,,,,,,,,,,,,,,,,,,,,,,,,,,,,,,,,,,,,,,,,,,,,,,,,,,,,,,,,,,,,,,,,,,,
WASHINGTON DC,107138,3618 Warren St. NW - Alley Spot,"3618 Warren Street Northwest, Washington, DC, 20008",IN OPERATION,Daily Only,1,N/A,Not Listed,,Not Listed,,Not Listed,,Not Listed,,"38.944389,-77.07125",,FIXED,June Homes - Ferran ,,,,,,,,,,,,,,,,,,,,,,,,,,,,,,,,,,,,,,,,,,,,,,,,,,,,,,,,,,,,,,,,,,,,,,,,,,,,,,,,,,,,,,,,,,,,,,,,,,,,,,,,,,,,,,,,,,,,,,,,,,,,,,,,,,,,
IL,87257,3625 N Wilton Ave. - Spot #1 or #3 Only,"3625 N Wilton Ave, Chicago, IL 60613",IN OPERATION,Events and Daily ONLY,2,N/A,Not Listed,,Not Listed,,Not Listed,,Not Listed,,"41.948111,-87.652528",,FIXED,Michael Mendrys,,,,,,,,,,,,,,,,,,,,,,,,,,,,,,,,,,,,,,,,,,,,,,,,,,,,,,,,,,,,,,,,,,,,,,,,,,,,,,,,,,,,,,,,,,,,,,,,,,,,,,,,,,,,,,,,,,,,,,,,,,,,,,,,,,,,
IL,,3635 N Wilton Ave. - Right Spot Only (ARCHIVED) ,"3635 North Wilton Avenue, Chicago, IL, 60613",PERMANENTLY CLOSED,PERMANENTLY CLOSED,0,0,Not Listed,,Not Listed,,Not Listed,,Not Listed,,N/A,N/A,N/A,Kelsey Gradwohl,,,,,,,,,,,,,,,,,,,,,,,,,,,,,,,,,,,,,,,,,,,,,,,,,,,,,,,,,,,,,,,,,,,,,,,,,,,,,,,,,,,,,,,,,,,,,,,,,,,,,,,,,,,,,,,,,,,,,,,,,,,,,,,,,,,,
IL,98127,"3650 N Fremont St. - Spots #1, 2, 3 and 4 Only","3650 North Fremont Street, Chicago, IL, 60613",IN OPERATION,Events and Daily ONLY,4,N/A,Not Listed,,Listed,0,Not Listed,,Not Listed,,"41.94875,-87.652528",,70/30,ARS Property-Steve Shah,,,,,,,,,,,,,,,,,,,,,,,,,,,,,,,,,,,,,,,,,,,,,,,,,,,,,,,,,,,,,,,,,,,,,,,,,,,,,,,,,,,,,,,,,,,,,,,,,,,,,,,,,,,,,,,,,,,,,,,,,,,,,,,,,,,,
MA,24411,37 Hillside St. - Spot #1 or #2 Only,"37 Hillside Street, Boston, MA 02120",IN OPERATION,Daily&Monthly,2,1,Not Listed,,Not Listed,,Not Listed,,Not Listed,,"42.3300036,-71.10054339999999",,FIXED,Alp Kantar; Puspa Jelita,,,,,,,,,,,,,,,,,,,,,,,,,,,,,,,,,,,,,,,,,,,,,,,,,,,,,,,,,,,,,,,,,,,,,,,,,,,,,,,,,,,,,,,,,,,,,,,,,,,,,,,,,,,,,,,,,,,,,,,,,,,,,,,,,,,,
IL,90082,3704 N Magnolia Ave. - Left or Right Garage Spot,"3704 N Magnolia Ave, Chicago, IL 60613",IN OPERATION,Events and Daily ONLY,2,N/A,Not Listed,,Not Listed,,Not Listed,,Not Listed,,"41.949194,-87.661028",,70/30,Panna,,,,,,,,,,,,,,,,,,,,,,,,,,,,,,,,,,,,,,,,,,,,,,,,,,,,,,,,,,,,,,,,,,,,,,,,,,,,,,,,,,,,,,,,,,,,,,,,,,,,,,,,,,,,,,,,,,,,,,,,,,,,,,,,,,,,
IL,128323,3714 N Fremont St. - Spot 'A' Only,"3714 North Fremont Street, Chicago, IL 60613",IN OPERATION,Events and Daily ONLY,1,N/A,Not Listed,,Not Listed,,Not Listed,,Not Listed,,"41°56'58.6""N 87°39'09.4""W",,,Noag Field ,,,,,,,,,,,,,,,,,,,,,,,,,,,,,,,,,,,,,,,,,,,,,,,,,,,,,,,,,,,,,,,,,,,,,,,,,,,,,,,,,,,,,,,,,,,,,,,,,,,,,,,,,,,,,,,,,,,,,,,,,,,,,,,,,,,,
IL,152186,3715 N Sheffield Ave. - Whole Tandem Alley Spot,"3715 North Sheffield Avenue Chicago, IL, 60613",IN OPERATION,Event Only,1,NA,Not Listed,,Not Listed,,Not Listed,,Not Listed,,"41°56'56.7""N 87°39'13.6""W",DNT: White Jeep Grand Cherokee - Arizona Plates: CVB8883,,Casey Jacobson,,,,,,,,,,,,,,,,,,,,,,,,,,,,,,,,,,,,,,,,,,,,,,,,,,,,,,,,,,,,,,,,,,,,,,,,,,,,,,,,,,,,,,,,,,,,,,,,,,,,,,,,,,,,,,,,,,,,,,,,,,,,,,,,,,,,
IL,149347,3716 N Wayne - Right Garage Spot Only,"3716 North Wayne Avenue Chicago, IL, 60613",IN OPERATION,Daily Monthly & Event,1,NA,Not Listed,,Not Listed,,Not Listed,,Not Listed,,"41°56'58.2""N 87°39'48.5""W","DNT: BL 12032 Illinois, 
3B6 - 5U6 Tennessee  ",70/30,Josh Stein(broker),,,,,,,,,,,,,,,,,,,,,,,,,,,,,,,,,,,,,,,,,,,,,,,,,,,,,,,,,,,,,,,,,,,,,,,,,,,,,,,,,,,,,,,,,,,,,,,,,,,,,,,,,,,,,,,,,,,,,,,,,,,,,,,,,,,,
IL,37509,3717 N Kenmore Ave. - Whole Tandem Row,"3717 North Kenmore Avenue, Chicago, IL 60613",IN OPERATION,Event Only,3,0,Not Listed,,Not Listed,,Not Listed,,Not Listed,,"41.949583,-87.655028",,70/30,Joseph DeFrenza,,,,,,,,,,,,,,,,,,,,,,,,,,,,,,,,,,,,,,,,,,,,,,,,,,,,,,,,,,,,,,,,,,,,,,,,,,,,,,,,,,,,,,,,,,,,,,,,,,,,,,,,,,,,,,,,,,,,,,,,,,,,,,,,,,,,
IL,108993,3719 N Clifton Ave. - Right or Left Spot,"3719 North Clifton Ave., Chicago, IL, 60613",IN OPERATION,Events and Daily ONLY,2,N/A,Not Listed,,Not Listed,,Not Listed,,Not Listed,,"41.949639,-87.656972",,70/30,Luke Sauer,,,,,,,,,,,,,,,,,,,,,,,,,,,,,,,,,,,,,,,,,,,,,,,,,,,,,,,,,,,,,,,,,,,,,,,,,,,,,,,,,,,,,,,,,,,,,,,,,,,,,,,,,,,,,,,,,,,,,,,,,,,,,,,,,,,,
IL,,3719 N Kenmore Ave. - Left Whole Tandem Spot (ARCHIVED)," 3719 N Kenmore Ave, Chicago, IL 60613, USA",PERMANENTLY CLOSED,PERMANENTLY CLOSED,0,0,Not Listed,,Not Listed,,Not Listed,,Not Listed,,N/A,,FIXED,,,,,,,,,,,,,,,,,,,,,,,,,,,,,,,,,,,,,,,,,,,,,,,,,,,,,,,,,,,,,,,,,,,,,,,,,,,,,,,,,,,,,,,,,,,,,,,,,,,,,,,,,,,,,,,,,,,,,,,,,,,,,,,,,,,,,
IL,,3719 N Kenmore Ave. - Middle Spot (ARCHIVED),"3719 North Kenmore Avenue, Chicago, IL 60613",PERMANENTLY CLOSED,PERMANENTLY CLOSED,0,0,Not Listed,,Not Listed,,Not Listed,,Not Listed,,N/A,N/A,N/A,Bear Lindgren,,,,,,,,,,,,,,,,,,,,,,,,,,,,,,,,,,,,,,,,,,,,,,,,,,,,,,,,,,,,,,,,,,,,,,,,,,,,,,,,,,,,,,,,,,,,,,,,,,,,,,,,,,,,,,,,,,,,,,,,,,,,,,,,,,,,
IL,,3721 N Kenmore Ave. - Whole Tandem Row - Spot #3 (ARCHIVED),"3721 North Pine Grove Avenue, Chicago, IL 60613",PERMANENTLY CLOSED,PERMANENTLY CLOSED,0,0,Not Listed,,Not Listed,,Not Listed,,Not Listed,,N/A,N/A,N/A,Kriss Kass,,,,,,,,,,,,,,,,,,,,,,,,,,,,,,,,,,,,,,,,,,,,,,,,,,,,,,,,,,,,,,,,,,,,,,,,,,,,,,,,,,,,,,,,,,,,,,,,,,,,,,,,,,,,,,,,,,,,,,,,,,,,,,,,,,,,
IL,18073,3721 N Pinegrove Ave. - Spot #22,"3721 North Pine Grove Avenue, Chicago, IL 60613",IN OPERATION,Events and Daily ONLY,1,N/A,Not Listed,,Not Listed,,Not Listed,,Not Listed,,"41.950583,-87.646528",,FIXED,Alfred,,,,,,,,,,,,,,,,,,,,,,,,,,,,,,,,,,,,,,,,,,,,,,,,,,,,,,,,,,,,,,,,,,,,,,,,,,,,,,,,,,,,,,,,,,,,,,,,,,,,,,,,,,,,,,,,,,,,,,,,,,,,,,,,,,,,
IL,36386,3723 N Pine Grove Ave. - Spot #24 Only,"3723 North Pine Grove Avenue, Chicago, IL 60613",IN OPERATION,Events and Daily ONLY,1,N/A,Not Listed,,Not Listed,,Not Listed,,Not Listed,,"41.950583,-87.646528",,70/30,Celia Rostow,,,,,,,,,,,,,,,,,,,,,,,,,,,,,,,,,,,,,,,,,,,,,,,,,,,,,,,,,,,,,,,,,,,,,,,,,,,,,,,,,,,,,,,,,,,,,,,,,,,,,,,,,,,,,,,,,,,,,,,,,,,,,,,,,,,,
IL,,3723 N Pinegrove Ave. - #14 (ARCHIVED),"3723 North Pine Grove Avenue, Chicago, IL 60613",PERMANENTLY CLOSED,PERMANENTLY CLOSED,0,0,Not Listed,,Not Listed,,Not Listed,,Not Listed,,N/A,N/A,N/A,Joe and Cindy Giovenco,,,,,,,,,,,,,,,,,,,,,,,,,,,,,,,,,,,,,,,,,,,,,,,,,,,,,,,,,,,,,,,,,,,,,,,,,,,,,,,,,,,,,,,,,,,,,,,,,,,,,,,,,,,,,,,,,,,,,,,,,,,,,,,,,,,,
IL,113443,3727 N Clifton Ave. - Left or Right Garage Spot,"3727 North Clifton Avenue  Chicago, IL, 60613",IN OPERATION,Events and Daily ONLY,2,N/A,Not Listed,,Not Listed,,Not Listed,,Not Listed,,"41°56'59.5""N 87°39'25.1""W","Keypad Code (6-5-6-7)

If the garage code doesn’t work, go through the black side gate on the left, enter the pedestrian door on the right, and press the button inside to open the garage.  ",FIXED,,,,,,,,,,,,,,,,,,,,,,,,,,,,,,,,,,,,,,,,,,,,,,,,,,,,,,,,,,,,,,,,,,,,,,,,,,,,,,,,,,,,,,,,,,,,,,,,,,,,,,,,,,,,,,,,,,,,,,,,,,,,,,,,,,,,,
MA,128456,"373 Highland Ave - Spots #58, 59, 60, 61, 62, 63, 64 or #65 Only","373 Highland Avenue Somerville, MA, 02144",IN OPERATION,Daily Monthly & Event,8,7,Listed,1,Listed,1,Listed,1,Not Listed,,"42°23'42.7""N 71°07'05.6""W",,,Richard Digirolamo,,,,,,,,,,,,,,,,,,,,,,,,,,,,,,,,,,,,,,,,,,,,,,,,,,,,,,,,,,,,,,,,,,,,,,,,,,,,,,,,,,,,,,,,,,,,,,,,,,,,,,,,,,,,,,,,,,,,,,,,,,,,,,,,,,,,
IL,92917,3730 N Magnolia Ave. - Left or Right Garage or Outdoor Spot,"3730 N Magnolia Ave, Chicago, IL 60613",IN OPERATION,Event Only,3,0,Not Listed,,Not Listed,,Not Listed,,Not Listed,,"41.949917,-87.661056",,70/30,Induben Patel,,,,,,,,,,,,,,,,,,,,,,,,,,,,,,,,,,,,,,,,,,,,,,,,,,,,,,,,,,,,,,,,,,,,,,,,,,,,,,,,,,,,,,,,,,,,,,,,,,,,,,,,,,,,,,,,,,,,,,,,,,,,,,,,,,,,
IL,,3733 N Janssen Ave. - Compact Car Spot #1(ARCHIVED),"3733 North Janssen Avenue, Chicago, IL 60613",PERMANENTLY CLOSED,PERMANENTLY CLOSED,0,0,Not Listed,,Not Listed,,Not Listed,,Not Listed,,N/A,N/A,N/A,Tom Moran,,,,,,,,,,,,,,,,,,,,,,,,,,,,,,,,,,,,,,,,,,,,,,,,,,,,,,,,,,,,,,,,,,,,,,,,,,,,,,,,,,,,,,,,,,,,,,,,,,,,,,,,,,,,,,,,,,,,,,,,,,,,,,,,,,,,
IL,,3737 N Pinegrove Ave. - Spot #16 (ARCHIVED),"3737 North Pine Grove Avenue, Chicago, IL 60613",PERMANENTLY CLOSED,PERMANENTLY CLOSED,0,0,Not Listed,,Not Listed,,Not Listed,,Not Listed,,N/A,N/A,N/A,,,,,,,,,,,,,,,,,,,,,,,,,,,,,,,,,,,,,,,,,,,,,,,,,,,,,,,,,,,,,,,,,,,,,,,,,,,,,,,,,,,,,,,,,,,,,,,,,,,,,,,,,,,,,,,,,,,,,,,,,,,,,,,,,,,,,
IL,18072,"3738 N Fremont St.- LEFT, MIDDLE, or RIGHT Spot ONLY","3738 North Fremont Street, Chicago, IL 60613",IN OPERATION,Events and Daily ONLY,3,N/A,Not Listed,,Listed,0,Not Listed,,Not Listed,,"41.950278,-87.652583",,70/30,Thomas M Moran,,,,,,,,,,,,,,,,,,,,,,,,,,,,,,,,,,,,,,,,,,,,,,,,,,,,,,,,,,,,,,,,,,,,,,,,,,,,,,,,,,,,,,,,,,,,,,,,,,,,,,,,,,,,,,,,,,,,,,,,,,,,,,,,,,,,
IL,,3740 N Clifton Ave. - Garage Middle Spot Only - NO SUV's (ARCHIVED) ,"3740 North Clifton Avenue, Chicago, IL, 60613",PERMANENTLY CLOSED,PERMANENTLY CLOSED,0,0,Not Listed,,Not Listed,,Not Listed,,Not Listed,,N/A,N/A,N/A,Jose Caicedo,,,,,,,,,,,,,,,,,,,,,,,,,,,,,,,,,,,,,,,,,,,,,,,,,,,,,,,,,,,,,,,,,,,,,,,,,,,,,,,,,,,,,,,,,,,,,,,,,,,,,,,,,,,,,,,,,,,,,,,,,,,,,,,,,,,,
IL,112978,3743 N Clifton Ave. - Garage Spot #1 or #2,"3743 North Clifton Avenue, Chicago, IL 60613",IN OPERATION,Events and Daily ONLY,2,N/A,Not Listed,,Not Listed,,Not Listed,,Not Listed,,"41°57'01.2""N 87°39'25.2""W",Keypad code is 2-0-1-6 then ENTER.,70/30,Scott Strubel,,,,,,,,,,,,,,,,,,,,,,,,,,,,,,,,,,,,,,,,,,,,,,,,,,,,,,,,,,,,,,,,,,,,,,,,,,,,,,,,,,,,,,,,,,,,,,,,,,,,,,,,,,,,,,,,,,,,,,,,,,,,,,,,,,,,
IL,,3743 N Wilton Ave. - Spot #3 (ARCHIVED),"3743 North Wilton Avenue Chicago, IL, 60613",PERMANENTLY CLOSED,PERMANENTLY CLOSED,0,0,Not Listed,,Not Listed,,Not Listed,,Not Listed,,N/A,N/A,N/A,Aleksandr Kucher,,,,,,,,,,,,,,,,,,,,,,,,,,,,,,,,,,,,,,,,,,,,,,,,,,,,,,,,,,,,,,,,,,,,,,,,,,,,,,,,,,,,,,,,,,,,,,,,,,,,,,,,,,,,,,,,,,,,,,,,,,,,,,,,,,,,
IL,90605,"3745 N Magnolia Ave. - Spot 1, 2 or 3","3745 N Magnolia Ave, Chicago, IL 60613",IN OPERATION,Events and Daily ONLY,3,N/A,Not Listed,,Listed,0,Not Listed,,Not Listed,,"41.950333,-87.659889",,70/30,Induben Patel ,,,,,,,,,,,,,,,,,,,,,,,,,,,,,,,,,,,,,,,,,,,,,,,,,,,,,,,,,,,,,,,,,,,,,,,,,,,,,,,,,,,,,,,,,,,,,,,,,,,,,,,,,,,,,,,,,,,,,,,,,,,,,,,,,,,,
IL,131094,3746 N Clifton Ave. - Left Garage Spot Only,"3746 North Clifton Avenue, Chicago, IL 60613",IN OPERATION,Event Only,1,0,Not Listed,,Not Listed,,Not Listed,,Not Listed,,"41.950333,-87.659890",Garage Keypad Code (0852),,Jason Seegers / Kimberly Cash,,,,,,,,,,,,,,,,,,,,,,,,,,,,,,,,,,,,,,,,,,,,,,,,,,,,,,,,,,,,,,,,,,,,,,,,,,,,,,,,,,,,,,,,,,,,,,,,,,,,,,,,,,,,,,,,,,,,,,,,,,,,,,,,,,,,
IL,,3749 N Wilton Ave. - Left Spot Only (ARCHIVED),"3749 North Wilton Avenue, Chicago, IL 60613",PERMANENTLY CLOSED,PERMANENTLY CLOSED,0,0,Not Listed,,Not Listed,,Not Listed,,Not Listed,,N/A,N/A,N/A,Morgan Wendt,,,,,,,,,,,,,,,,,,,,,,,,,,,,,,,,,,,,,,,,,,,,,,,,,,,,,,,,,,,,,,,,,,,,,,,,,,,,,,,,,,,,,,,,,,,,,,,,,,,,,,,,,,,,,,,,,,,,,,,,,,,,,,,,,,,,
IL,,3752 N Fremont St. - Alley Spot (ARCHIVED),"3752 North Fremont Street Chicago, IL, 60613",PERMANENTLY CLOSED,PERMANENTLY CLOSED,0,0,Not Listed,,Not Listed,,Not Listed,,Not Listed,,N/A,N/A,N/A,Caite Swany,,,,,,,,,,,,,,,,,,,,,,,,,,,,,,,,,,,,,,,,,,,,,,,,,,,,,,,,,,,,,,,,,,,,,,,,,,,,,,,,,,,,,,,,,,,,,,,,,,,,,,,,,,,,,,,,,,,,,,,,,,,,,,,,,,,,
IL,90111,"3753 N Magnolia Ave. - Spot 1, 2 or 3","3753 N Magnolia Ave, Chicago, IL 60613, USA
",IN OPERATION,Events and Daily ONLY,3,N/A,Not Listed,,Not Listed,,Not Listed,,Not Listed,,"41.9505,-87.659917",,70/30,Panna,,,,,,,,,,,,,,,,,,,,,,,,,,,,,,,,,,,,,,,,,,,,,,,,,,,,,,,,,,,,,,,,,,,,,,,,,,,,,,,,,,,,,,,,,,,,,,,,,,,,,,,,,,,,,,,,,,,,,,,,,,,,,,,,,,,,
MA,128061,38 Cherry St. - Spot #2 or #3 Only,"38 Cherry Street, Somerville, MA 02144",IN OPERATION,Daily Monthly & Event,2,1,Not Listed,,Not Listed,,Not Listed,,Not Listed,,"42°23'28.2""N 71°06'54.8""W",,,Parking Boston - Jasmine ,,,,,,,,,,,,,,,,,,,,,,,,,,,,,,,,,,,,,,,,,,,,,,,,,,,,,,,,,,,,,,,,,,,,,,,,,,,,,,,,,,,,,,,,,,,,,,,,,,,,,,,,,,,,,,,,,,,,,,,,,,,,,,,,,,,,
NY,108393,38 Lott Ave. - Lot (ARCHIVED),"38 Lott Ave, Brooklyn, NY 11212, USA",PERMANENTLY CLOSED,PERMANENTLY CLOSED,0,0,Not Listed,,Not Listed,,Not Listed,,Not Listed,,N/A,N/A,N/A,Ami Tauber,,,,,,,,,,,,,,,,,,,,,,,,,,,,,,,,,,,,,,,,,,,,,,,,,,,,,,,,,,,,,,,,,,,,,,,,,,,,,,,,,,,,,,,,,,,,,,,,,,,,,,,,,,,,,,,,,,,,,,,,,,,,,,,,,,,,
NY,,38 Lott Ave. - Lot (Scan2Pay) (ARCHIVED),"38 Lott Ave, Brooklyn, NY 11212, USA",PERMANENTLY CLOSED,Daily Only,7,0,Not Listed,,Not Listed,,Not Listed,,Not Listed,,"40°39'25.4""N 73°54'45.6""W",,FIXED,Ami Tauber,,,,,,,,,,,,,,,,,,,,,,,,,,,,,,,,,,,,,,,,,,,,,,,,,,,,,,,,,,,,,,,,,,,,,,,,,,,,,,,,,,,,,,,,,,,,,,,,,,,,,,,,,,,,,,,,,,,,,,,,,,,,,,,,,,,,
MA,134729,38 Westford St. - Spot #13 or #14 Only,"38 Westford Street, Boston, MA, 02134",IN OPERATION,Daily Only,2,N/A,Not Listed,,Not Listed,,Not Listed,,Not Listed,,"42°21'43.6""N 71°08'00.7""W",,,Bobby Canzano,,,,,,,,,,,,,,,,,,,,,,,,,,,,,,,,,,,,,,,,,,,,,,,,,,,,,,,,,,,,,,,,,,,,,,,,,,,,,,,,,,,,,,,,,,,,,,,,,,,,,,,,,,,,,,,,,,,,,,,,,,,,,,,,,,,,
MA,21873,"381 Congress St. - Spot #13, 14, 15, 16 or 17 ONLY","381 Congress Street, Boston, MA 02210",IN OPERATION,Daily Only,5,N/A,Not Listed,,Not Listed,,Not Listed,,Not Listed,,"42.349361,-71.04775",,FIXED,Stanhope Garage,,,,,,,,,,,,,,,,,,,,,,,,,,,,,,,,,,,,,,,,,,,,,,,,,,,,,,,,,,,,,,,,,,,,,,,,,,,,,,,,,,,,,,,,,,,,,,,,,,,,,,,,,,,,,,,,,,,,,,,,,,,,,,,,,,,,
MA,,381 Congress St. - Spots #15-24 (Scan2Pay) (ARCHIVED) ,"381 Congress Street, Boston, MA 02210",PERMANENTLY CLOSED,PERMANENTLY CLOSED,0,0,Not Listed,,Not Listed,,Not Listed,,Not Listed,,N/A,N/A,N/A,Stanhope Garage,,,,,,,,,,,,,,,,,,,,,,,,,,,,,,,,,,,,,,,,,,,,,,,,,,,,,,,,,,,,,,,,,,,,,,,,,,,,,,,,,,,,,,,,,,,,,,,,,,,,,,,,,,,,,,,,,,,,,,,,,,,,,,,,,,,,
VA,,"3812 13th St. N- Spot #1, #2 or #3 ONLY (ARCHIVED) ","3812 13th Street North, Arlington, VA, 22201",PERMANENTLY CLOSED,PERMANENTLY CLOSED,0,0,Not Listed,,Not Listed,,Not Listed,,Not Listed,,N/A,N/A,N/A,Old Town Property Management Services LLC,,,,,,,,,,,,,,,,,,,,,,,,,,,,,,,,,,,,,,,,,,,,,,,,,,,,,,,,,,,,,,,,,,,,,,,,,,,,,,,,,,,,,,,,,,,,,,,,,,,,,,,,,,,,,,,,,,,,,,,,,,,,,,,,,,,,
WASHINGTON DC,,3817 14th St. NW - Alley Spot (ARCHIVED) ,"3817 14th St NW, Washington, DC 20011",PERMANENTLY CLOSED,PERMANENTLY CLOSED,0,0,Not Listed,,Not Listed,,Not Listed,,Not Listed,,"38.937917,-77.032139",,70/30,Sima Tessema,,,,,,,,,,,,,,,,,,,,,,,,,,,,,,,,,,,,,,,,,,,,,,,,,,,,,,,,,,,,,,,,,,,,,,,,,,,,,,,,,,,,,,,,,,,,,,,,,,,,,,,,,,,,,,,,,,,,,,,,,,,,,,,,,,,,
IL,128587,3817 N Fremont St. - Spot #2 Only,"3817 North Fremont Street, Chicago, IL 60613",IN OPERATION,Events and Daily ONLY,1,N/A,Not Listed,,Not Listed,,Not Listed,,Not Listed,,"41°57'06.7""N 87°39'07.1""W",,,Base 3 management (Lea Domingo),,,,,,,,,,,,,,,,,,,,,,,,,,,,,,,,,,,,,,,,,,,,,,,,,,,,,,,,,,,,,,,,,,,,,,,,,,,,,,,,,,,,,,,,,,,,,,,,,,,,,,,,,,,,,,,,,,,,,,,,,,,,,,,,,,,,
IL,125687,3838 N Kenmore Ave. - Middle Spot Only,"3838 North Kenmore Avenue, Chicago, IL 60613",IN OPERATION,Events and Daily ONLY,1,N/A,Not Listed,,Not Listed,,Not Listed,,Not Listed,,"41°57'08.3""N 87°39'22.5""W",,FIXED,William Lucas,,,,,,,,,,,,,,,,,,,,,,,,,,,,,,,,,,,,,,,,,,,,,,,,,,,,,,,,,,,,,,,,,,,,,,,,,,,,,,,,,,,,,,,,,,,,,,,,,,,,,,,,,,,,,,,,,,,,,,,,,,,,,,,,,,,,
IL,,3838 N Kenmore Ave. - Spots #2 & 3 (ARCHIVED),"3838 North Kenmore Avenue Chicago, IL, 60613",PERMANENTLY CLOSED,PERMANENTLY CLOSED,0,0,Not Listed,,Not Listed,,Not Listed,,Not Listed,,N/A,N/A,N/A,,,,,,,,,,,,,,,,,,,,,,,,,,,,,,,,,,,,,,,,,,,,,,,,,,,,,,,,,,,,,,,,,,,,,,,,,,,,,,,,,,,,,,,,,,,,,,,,,,,,,,,,,,,,,,,,,,,,,,,,,,,,,,,,,,,,,
IL,81100,385 Oakland Dr. - Spots #1 or #2,"385 Oakland Drive Highland Park, IL, 60035",IN OPERATION,Event Only,2,0,Not Listed,,Not Listed,,Not Listed,,Not Listed,,"42.161303,-87.77667919999999",,70/30,David Schultz,,,,,,,,,,,,,,,,,,,,,,,,,,,,,,,,,,,,,,,,,,,,,,,,,,,,,,,,,,,,,,,,,,,,,,,,,,,,,,,,,,,,,,,,,,,,,,,,,,,,,,,,,,,,,,,,,,,,,,,,,,,,,,,,,,,,
MA,,387 Marlborough St. (ARCHIVED) ,"387 Marlborough Street Boston, MA, 02115",PERMANENTLY CLOSED,PERMANENTLY CLOSED,0,0,Not Listed,,Not Listed,,Not Listed,,Not Listed,,N/A,N/A,N/A,Abbe Bonevie,,,,,,,,,,,,,,,,,,,,,,,,,,,,,,,,,,,,,,,,,,,,,,,,,,,,,,,,,,,,,,,,,,,,,,,,,,,,,,,,,,,,,,,,,,,,,,,,,,,,,,,,,,,,,,,,,,,,,,,,,,,,,,,,,,,,
MA,90079,387 Marlborough St. - Compact Spot #1 Only (ARCHIVED),"387 Marlborough Street Boston, MA, 02115",PERMANENTLY CLOSED,PERMANENTLY CLOSED,0,0,Not Listed,,Not Listed,,Not Listed,,Not Listed,,"42.350778,-71.087972",,FIXED,Chafel Realty Trust- Xia Hua,,,,,,,,,,,,,,,,,,,,,,,,,,,,,,,,,,,,,,,,,,,,,,,,,,,,,,,,,,,,,,,,,,,,,,,,,,,,,,,,,,,,,,,,,,,,,,,,,,,,,,,,,,,,,,,,,,,,,,,,,,,,,,,,,,,,
MA,140750,388 Arborway - Spot #2 Only,"388 Arborway, Boston, MA 02130",PERMANENTLY CLOSED,Daily Only,1,,Not Listed,,Not Listed,,Not Listed,,Not Listed,,"42°18'08.6""N 71°06'52.5""W",,FIXED,,,,,,,,,,,,,,,,,,,,,,,,,,,,,,,,,,,,,,,,,,,,,,,,,,,,,,,,,,,,,,,,,,,,,,,,,,,,,,,,,,,,,,,,,,,,,,,,,,,,,,,,,,,,,,,,,,,,,,,,,,,,,,,,,,,,,
MA,26487,39 Back St. - Compact Spot P6 or P7 Only,"39 Bay State Road, Boston, MA 02215",IN OPERATION,Events and Daily ONLY,2,N/A,Not Listed,,Not Listed,,Not Listed,,Not Listed,,"42.350389,-71.094611",,FIXED,"Boston Property Services, LLC",,,,,,,,,,,,,,,,,,,,,,,,,,,,,,,,,,,,,,,,,,,,,,,,,,,,,,,,,,,,,,,,,,,,,,,,,,,,,,,,,,,,,,,,,,,,,,,,,,,,,,,,,,,,,,,,,,,,,,,,,,,,,,,,,,,,
MA,132977,39 Back St. (39 Bay State Rd.) - Compact Spot P5 Only,"39 Bay State Road, Boston, MA 02215",IN OPERATION,Events and Daily ONLY,1,N/A,Not Listed,,Not Listed,,Not Listed,,Not Listed,,"42°21'01.4""N 71°05'40.6""W",,,Parking Boston Inc. - Jasmine Taylor,,,,,,,,,,,,,,,,,,,,,,,,,,,,,,,,,,,,,,,,,,,,,,,,,,,,,,,,,,,,,,,,,,,,,,,,,,,,,,,,,,,,,,,,,,,,,,,,,,,,,,,,,,,,,,,,,,,,,,,,,,,,,,,,,,,,
MA,,39 Trowbridge St. - Spot #20 (ARCHIVED),"39 Trowbridge Street Cambridge, MA, 02138",PERMANENTLY CLOSED,PERMANENTLY CLOSED,0,0,Not Listed,,Not Listed,,Not Listed,,Not Listed,,N/A,N/A,N/A,,,,,,,,,,,,,,,,,,,,,,,,,,,,,,,,,,,,,,,,,,,,,,,,,,,,,,,,,,,,,,,,,,,,,,,,,,,,,,,,,,,,,,,,,,,,,,,,,,,,,,,,,,,,,,,,,,,,,,,,,,,,,,,,,,,,,
MA,,39 Trowbridge St. - Spot #27 (ARCHIVED),"39 Trowbridge Street Cambridge, MA, 02138",PERMANENTLY CLOSED,PERMANENTLY CLOSED,0,0,Not Listed,,Not Listed,,Not Listed,,Not Listed,,N/A,N/A,N/A,,,,,,,,,,,,,,,,,,,,,,,,,,,,,,,,,,,,,,,,,,,,,,,,,,,,,,,,,,,,,,,,,,,,,,,,,,,,,,,,,,,,,,,,,,,,,,,,,,,,,,,,,,,,,,,,,,,,,,,,,,,,,,,,,,,,,
ON,136872,391 King St. W - Spot #4 Only,"391 King Street West Toronto, ON, M5V 2G5",IN OPERATION,Daily Only,1,N/A,Not Listed,,Not Listed,,Not Listed,,Not Listed,,"43°38'44.1""N 79°23'32.1""W",,,,,,,,,,,,,,,,,,,,,,,,,,,,,,,,,,,,,,,,,,,,,,,,,,,,,,,,,,,,,,,,,,,,,,,,,,,,,,,,,,,,,,,,,,,,,,,,,,,,,,,,,,,,,,,,,,,,,,,,,,,,,,,,,,,,,,,
IL,78956,392 Woodland Rd. - Right Spot only,"392 Woodland Road Highland Park, IL, 60035",PERMANENTLY CLOSED,Event Only,1,0,Not Listed,,Not Listed,,Not Listed,,Not Listed,,"42.161833,-87.777194",,70/30,,,,,,,,,,,,,,,,,,,,,,,,,,,,,,,,,,,,,,,,,,,,,,,,,,,,,,,,,,,,,,,,,,,,,,,,,,,,,,,,,,,,,,,,,,,,,,,,,,,,,,,,,,,,,,,,,,,,,,,,,,,,,,,,,,,,,
IL,111823,3923 N Clarendon Ave. - Spots #1-#12 (Scan2Pay),"3923 North Clarendon Avenue, Chicago, IL 60613",PERMANENTLY CLOSED,Events and Daily ONLY,0,N/A,Not Listed,,Not Listed,,Not Listed,,Not Listed,,"41.9535,-87.649222",,FIXED,eon propert management -Sandy Marquez,,,,,,,,,,,,,,,,,,,,,,,,,,,,,,,,,,,,,,,,,,,,,,,,,,,,,,,,,,,,,,,,,,,,,,,,,,,,,,,,,,,,,,,,,,,,,,,,,,,,,,,,,,,,,,,,,,,,,,,,,,,,,,,,,,,,
IL,19168,3923 N Clarendon Ave. - Spots #1-#14 Only,"3923 North Clarendon Avenue, Chicago, IL 60613",IN OPERATION,Events and Daily ONLY,14,N/A,Listed,0,Listed,0,Not Listed,,Not Listed,,"41.9535,-87.649222",,FIXED,eon propert management -Sandy Marquez,,,,,,,,,,,,,,,,,,,,,,,,,,,,,,,,,,,,,,,,,,,,,,,,,,,,,,,,,,,,,,,,,,,,,,,,,,,,,,,,,,,,,,,,,,,,,,,,,,,,,,,,,,,,,,,,,,,,,,,,,,,,,,,,,,,,
MA,127899,396 Beacon St. - Spot 'A' Only,"396 Beacon Street, Boston, MA 02116",IN OPERATION,Daily Only,1,N/A,Not Listed,,Not Listed,,Not Listed,,Not Listed,,"42°21'09.1""N 71°05'07.6""W",,,Cabot and Company ,,,,,,,,,,,,,,,,,,,,,,,,,,,,,,,,,,,,,,,,,,,,,,,,,,,,,,,,,,,,,,,,,,,,,,,,,,,,,,,,,,,,,,,,,,,,,,,,,,,,,,,,,,,,,,,,,,,,,,,,,,,,,,,,,,,,
MA,61961,4 Egremont Rd. - Spot #2 Only,"4 Egremont Road, Boston, MA 02135",IN OPERATION,Daily Only,1,N/A,Not Listed,,Not Listed,,Not Listed,,Not Listed,,"42°20'28.0""N 71°08'40.0""W",N/A,N/A,James Ellis,,,,,,,,,,,,,,,,,,,,,,,,,,,,,,,,,,,,,,,,,,,,,,,,,,,,,,,,,,,,,,,,,,,,,,,,,,,,,,,,,,,,,,,,,,,,,,,,,,,,,,,,,,,,,,,,,,,,,,,,,,,,,,,,,,,,
MA,44931,"4 Harvard Pl - Parallel Parking - Spots #1, 2, or 3 Only","4 Harvard Place, Brookline, MA 02446",IN OPERATION,Daily&Monthly,3,2,Not Listed,,Not Listed,,Not Listed,,Not Listed,,"42.336105, -71.121071",,FIXED,Parking Boston Inc. - Jasmine Taylor,,,,,,,,,,,,,,,,,,,,,,,,,,,,,,,,,,,,,,,,,,,,,,,,,,,,,,,,,,,,,,,,,,,,,,,,,,,,,,,,,,,,,,,,,,,,,,,,,,,,,,,,,,,,,,,,,,,,,,,,,,,,,,,,,,,,
MA,20982,4 Trowbridge Pl. - Spot #7,"4 Trowbridge Place, Cambridge, MA 02138",IN OPERATION,Events and Daily ONLY,1,N/A,Not Listed,,Not Listed,,Not Listed,,Not Listed,,"42°22'21.1""""N 71°06'42.4""""W",,70/30,Ben Adam ,,,,,,,,,,,,,,,,,,,,,,,,,,,,,,,,,,,,,,,,,,,,,,,,,,,,,,,,,,,,,,,,,,,,,,,,,,,,,,,,,,,,,,,,,,,,,,,,,,,,,,,,,,,,,,,,,,,,,,,,,,,,,,,,,,,,
MA,55458,4 Wigglesworth St. - Spot #1 Only,"4 Wigglesworth Street, Boston, MA 02120",IN OPERATION,Events and Daily ONLY,1,N/A,Not Listed,,Not Listed,,Not Listed,,Not Listed,,"42°20'03.2""N 71°06'12.1""W",,FIXED,Parking Boston Inc. - Jasmine Taylor,,,,,,,,,,,,,,,,,,,,,,,,,,,,,,,,,,,,,,,,,,,,,,,,,,,,,,,,,,,,,,,,,,,,,,,,,,,,,,,,,,,,,,,,,,,,,,,,,,,,,,,,,,,,,,,,,,,,,,,,,,,,,,,,,,,,
MA,98595,"40 Cherry St. - Spot #2, 3, 4, 5 or 6","40 Cherry St, Somerville, MA 02144",IN OPERATION,Daily Monthly & Event,5,4,Not Listed,,Not Listed,,Not Listed,,Not Listed,,"42.391306,-71.115528",,FIXED,Parking Boston Inc-Jasmine,,Vehicle sutck - thick ice/slippery,,,,,,,,,,,,,,,,,,,,,,,,,,,,,,,,,,,,,,,,,,,,,,,,,,,,,,,,,,,,,,,,,,,,,,,,,,,,,,,,,,,,,,,,,,,,,,,,,,,,,,,,,,,,,,,,,,,,,,,,,,,,,,,,,,
MA,133405,40 Evergreen St. - Driveway Spot,"40 Evergreen St, Boston, MA 02130, USA",IN OPERATION,Daily Only,1,N/A,Not Listed,,Not Listed,,Not Listed,,Not Listed,,"42°19'27.4""N 71°06'39.8""W",,,"Kecia G. Lifton/KGL, LLC",,,,,,,,,,,,,,,,,,,,,,,,,,,,,,,,,,,,,,,,,,,,,,,,,,,,,,,,,,,,,,,,,,,,,,,,,,,,,,,,,,,,,,,,,,,,,,,,,,,,,,,,,,,,,,,,,,,,,,,,,,,,,,,,,,,,
MA,123440,40 Fenton St. - Spot #1 Only,"40 Fenton Street, Boston, MA 02122",IN OPERATION,Daily&Monthly,1,2,Listed,0,Not Listed,,Not Listed,,Not Listed,,"42.303639,-71.057056",,FIXED,Groma Property Management,,,,,,,,,,,,,,,,,,,,,,,,,,,,,,,,,,,,,,,,,,,,,,,,,,,,,,,,,,,,,,,,,,,,,,,,,,,,,,,,,,,,,,,,,,,,,,,,,,,,,,,,,,,,,,,,,,,,,,,,,,,,,,,,,,,,
MA,45756,40 Harvest St - Left or Right spots,"40 Harvest Street, Boston, MA 02125",IN OPERATION,Daily&Monthly,2,2,Not Listed,,Not Listed,,Not Listed,,Not Listed,,"42.322923,-71.05857089999999",,FIXED,Alp Kantar; Puspa Jelita,,,,,,,,,,,,,,,,,,,,,,,,,,,,,,,,,,,,,,,,,,,,,,,,,,,,,,,,,,,,,,,,,,,,,,,,,,,,,,,,,,,,,,,,,,,,,,,,,,,,,,,,,,,,,,,,,,,,,,,,,,,,,,,,,,,,
MA,78030,40 Parker Hill Ave. - Spot #4 Only,"40 Parker Hill Avenue, Boston, MA, 02120",IN OPERATION,Events and Daily ONLY,1,N/A,Not Listed,,Not Listed,,Not Listed,,Not Listed,,N/A,N/A,N/A,Atlas Group - Sarah Hamdeh,,,,,,,,,,,,,,,,,,,,,,,,,,,,,,,,,,,,,,,,,,,,,,,,,,,,,,,,,,,,,,,,,,,,,,,,,,,,,,,,,,,,,,,,,,,,,,,,,,,,,,,,,,,,,,,,,,,,,,,,,,,,,,,,,,,,
MA,,400 Fenway (Emmanuel College Grounds) - Lot (ARCHIVED) ,"400 Fenway, Boston, MA 02115",PERMANENTLY CLOSED,PERMANENTLY CLOSED,0,0,Not Listed,,Not Listed,,Not Listed,,Not Listed,,"42.339861,-71.102111",,FIXED,"Sean Philpott, Emmanuel College",,,,,,,,,,,,,,,,,,,,,,,,,,,,,,,,,,,,,,,,,,,,,,,,,,,,,,,,,,,,,,,,,,,,,,,,,,,,,,,,,,,,,,,,,,,,,,,,,,,,,,,,,,,,,,,,,,,,,,,,,,,,,,,,,,,,
WA,135353,4006 Pasadena Pl. NE - Spot #1 or #2 Only,"4006 Pasadena Place Northeast Seattle, WA 98105",IN OPERATION,Daily&Monthly,2,1,Not Listed,,Not Listed,,Not Listed,,Not Listed,,"47°39'22.3""N 122°19'17.0""W",,,Pomelo Heights - Edwin Tsay,,,,,,,,,,,,,,,,,,,,,,,,,,,,,,,,,,,,,,,,,,,,,,,,,,,,,,,,,,,,,,,,,,,,,,,,,,,,,,,,,,,,,,,,,,,,,,,,,,,,,,,,,,,,,,,,,,,,,,,,,,,,,,,,,,,,
MO,97402,"4009 Blue Ridge Cutoff - Spots #1, 2, 3, 4, 5, 6, 7, 8, 9 or #10 Only","4009 Blue Ridge Cutoff, Kansas City, MO 64133",IN OPERATION,Event Only,10,0,Not Listed,,Not Listed,,Not Listed,,Not Listed,,"39.050061,-94.475118",,70/30,Aamir Khan,,,,,,,,,,,,,,,,,,,,,,,,,,,,,,,,,,,,,,,,,,,,,,,,,,,,,,,,,,,,,,,,,,,,,,,,,,,,,,,,,,,,,,,,,,,,,,,,,,,,,,,,,,,,,,,,,,,,,,,,,,,,,,,,,,,,
PA,72289,"402 S 9th St. - Spots A, C or D Only","402 South 9th Street, Philadelphia, PA, 19147",IN OPERATION,Daily Only,3,N/A,Not Listed,,Not Listed,,Not Listed,,Not Listed,,"39°56'38.7""N 75°09'27.0""W",,FIXED,"Centra Associates, LP",,,,,,,,,,,,,,,,,,,,,,,,,,,,,,,,,,,,,,,,,,,,,,,,,,,,,,,,,,,,,,,,,,,,,,,,,,,,,,,,,,,,,,,,,,,,,,,,,,,,,,,,,,,,,,,,,,,,,,,,,,,,,,,,,,,,
IL,135186,4030 N Mozart St. - Left Spot Only,"4030 North Mozart Street Chicago, IL 60618",PERMANENTLY CLOSED,PERMANENTLY CLOSED,1,N/A,Not Listed,,Not Listed,,Not Listed,,Not Listed,,"41°57'18.2""N 87°42'00.4""W",,,,,,,,,,,,,,,,,,,,,,,,,,,,,,,,,,,,,,,,,,,,,,,,,,,,,,,,,,,,,,,,,,,,,,,,,,,,,,,,,,,,,,,,,,,,,,,,,,,,,,,,,,,,,,,,,,,,,,,,,,,,,,,,,,,,,,,
MA,26319,40-42 Brainerd Rd. - Personal Spot,"40 Brainerd Road, Boston, MA 02134",IN OPERATION,Events and Daily ONLY,1,N/A,Not Listed,,Not Listed,,Not Listed,,Not Listed,,"42.347972,-71.131944",,FIXED,Parking Boston Inc. - Jasmine Taylor,,,,,,,,,,,,,,,,,,,,,,,,,,,,,,,,,,,,,,,,,,,,,,,,,,,,,,,,,,,,,,,,,,,,,,,,,,,,,,,,,,,,,,,,,,,,,,,,,,,,,,,,,,,,,,,,,,,,,,,,,,,,,,,,,,,,
IL,,4043 N Kenmore Ave - Spot #1 (ARCHIVED) ,"4043 North Kenmore Avenue, Chicago, IL 60613",PERMANENTLY CLOSED,PERMANENTLY CLOSED,0,0,Not Listed,,Not Listed,,Not Listed,,Not Listed,,N/A,N/A,N/A,jeff Hoobler,,,,,,,,,,,,,,,,,,,,,,,,,,,,,,,,,,,,,,,,,,,,,,,,,,,,,,,,,,,,,,,,,,,,,,,,,,,,,,,,,,,,,,,,,,,,,,,,,,,,,,,,,,,,,,,,,,,,,,,,,,,,,,,,,,,,
IL,18136,4043 N Kenmore Ave. - Spot #2 Only,"4043 North Kenmore Avenue, Chicago, IL 60613",IN OPERATION,Events and Daily ONLY,1,N/A,Not Listed,,Not Listed,,Not Listed,,Not Listed,,"41°57'20.7""N 87°39'19.8""W",,FIXED,jeff Hoobler,,,,,,,,,,,,,,,,,,,,,,,,,,,,,,,,,,,,,,,,,,,,,,,,,,,,,,,,,,,,,,,,,,,,,,,,,,,,,,,,,,,,,,,,,,,,,,,,,,,,,,,,,,,,,,,,,,,,,,,,,,,,,,,,,,,,
IL,94962,4045 N Southport Ave - Spot #7 only,"4045 N Southport Ave, Chicago, IL 60613",IN OPERATION,Events and Daily ONLY,1,N/A,Not Listed,,Not Listed,,Not Listed,,Not Listed,,"41.955851,-87.66392",,70/30,Leah Rutman,,,,,,,,,,,,,,,,,,,,,,,,,,,,,,,,,,,,,,,,,,,,,,,,,,,,,,,,,,,,,,,,,,,,,,,,,,,,,,,,,,,,,,,,,,,,,,,,,,,,,,,,,,,,,,,,,,,,,,,,,,,,,,,,,,,,
WA,133009,"4049 7th Ave. NE - Spots #2, #4 or #5 Only","4049 7th Avenue Northeast, Seattle, WA 98105",IN OPERATION,Daily&Monthly,3,2,Not Listed,,Not Listed,,Not Listed,,Not Listed,,"47°39'21.6""N 122°19'17.0""W",,FIXED,Edwin Tsay,,,,,,,,,,,,,,,,,,,,,,,,,,,,,,,,,,,,,,,,,,,,,,,,,,,,,,,,,,,,,,,,,,,,,,,,,,,,,,,,,,,,,,,,,,,,,,,,,,,,,,,,,,,,,,,,,,,,,,,,,,,,,,,,,,,,
IL,129215,4050 N Kenmore Ave. - Right Spot Only,"4050 N Kenmore Ave, Chicago, IL 60613, USA",IN OPERATION,Events and Daily ONLY,1,N/A,Not Listed,,Not Listed,,Not Listed,,Not Listed,,"41°57'16.3""N 87°39'24.9""W",,, Matthew Trauner,,,,,,,,,,,,,,,,,,,,,,,,,,,,,,,,,,,,,,,,,,,,,,,,,,,,,,,,,,,,,,,,,,,,,,,,,,,,,,,,,,,,,,,,,,,,,,,,,,,,,,,,,,,,,,,,,,,,,,,,,,,,,,,,,,,,
MA,,40-46 Harvard - Lot (ARCHVIED),"40 Harvard Avenue, Brookline, MA 02446",PERMANENTLY CLOSED,PERMANENTLY CLOSED,0,0,Not Listed,,Not Listed,,Not Listed,,Not Listed,,N/A,N/A,N/A,Parking Boston Inc. - Jasmine Taylor,,,,,,,,,,,,,,,,,,,,,,,,,,,,,,,,,,,,,,,,,,,,,,,,,,,,,,,,,,,,,,,,,,,,,,,,,,,,,,,,,,,,,,,,,,,,,,,,,,,,,,,,,,,,,,,,,,,,,,,,,,,,,,,,,,,,
MA,28074,41- 43 Bay State Rd. - Alley Spots,"41 Bay State Road, Boston, MA 02215",IN OPERATION,Events and Daily ONLY,7,N/A,Not Listed,,Not Listed,,Not Listed,,Not Listed,,"42.350361,-71.094778",,FIXED,ALPHA MANAGEMENT,,,,,,,,,,,,,,,,,,,,,,,,,,,,,,,,,,,,,,,,,,,,,,,,,,,,,,,,,,,,,,,,,,,,,,,,,,,,,,,,,,,,,,,,,,,,,,,,,,,,,,,,,,,,,,,,,,,,,,,,,,,,,,,,,,,,
MA,108986,41 Brook St. - Whole Tandem Row,"41 Brook Street, Brookline, MA, 02445",IN OPERATION,Daily Only,1,N/A,Not Listed,,Not Listed,,Not Listed,,Not Listed,,"42.335838,-71.115166",,FIXED,Burgundy Realty LLC,,,,,,,,,,,,,,,,,,,,,,,,,,,,,,,,,,,,,,,,,,,,,,,,,,,,,,,,,,,,,,,,,,,,,,,,,,,,,,,,,,,,,,,,,,,,,,,,,,,,,,,,,,,,,,,,,,,,,,,,,,,,,,,,,,,,
MA,,41 Claymoss Rd. - Garage Spot #1 (ARCHIVED),"41 Claymoss Road, Boston, MA, 02135",PERMANENTLY CLOSED,PERMANENTLY CLOSED,0,0,Not Listed,,Not Listed,,Not Listed,,Not Listed,,N/A,N/A,N/A,Susan QH Tan,,,,,,,,,,,,,,,,,,,,,,,,,,,,,,,,,,,,,,,,,,,,,,,,,,,,,,,,,,,,,,,,,,,,,,,,,,,,,,,,,,,,,,,,,,,,,,,,,,,,,,,,,,,,,,,,,,,,,,,,,,,,,,,,,,,,
MA,,41 Claymoss Rd. - Outdoor Spot #2 (ARCHIVED),"41 Claymoss Road Boston, MA, 02135",PERMANENTLY CLOSED,PERMANENTLY CLOSED,0,0,Not Listed,,Not Listed,,Not Listed,,Not Listed,,N/A,N/A,N/A,Susan QH Tan,,,,,,,,,,,,,,,,,,,,,,,,,,,,,,,,,,,,,,,,,,,,,,,,,,,,,,,,,,,,,,,,,,,,,,,,,,,,,,,,,,,,,,,,,,,,,,,,,,,,,,,,,,,,,,,,,,,,,,,,,,,,,,,,,,,,
MA,,41 Park St. - Spot #1 (ARCHIVED),"41 Park Street, Brookline, MA, 02446",PERMANENTLY CLOSED,PERMANENTLY CLOSED,0,0,Not Listed,,Not Listed,,Not Listed,,Not Listed,,N/A,N/A,N/A,Amal Arnaout,,,,,,,,,,,,,,,,,,,,,,,,,,,,,,,,,,,,,,,,,,,,,,,,,,,,,,,,,,,,,,,,,,,,,,,,,,,,,,,,,,,,,,,,,,,,,,,,,,,,,,,,,,,,,,,,,,,,,,,,,,,,,,,,,,,,
MA,26253,41 Winslow Rd. - Spot #6 Only,"41 Winslow Road Brookline, MA, 02446",IN OPERATION,Events and Daily ONLY,1,N/A,Not Listed,,Not Listed,,Not Listed,,Not Listed,,"42.350222,-71.122861",,FIXED,Parking Boston Inc. - Jasmine Taylor,,,,,,,,,,,,,,,,,,,,,,,,,,,,,,,,,,,,,,,,,,,,,,,,,,,,,,,,,,,,,,,,,,,,,,,,,,,,,,,,,,,,,,,,,,,,,,,,,,,,,,,,,,,,,,,,,,,,,,,,,,,,,,,,,,,,
PA,128757,401 Vine St. - Spot #1-16 Only,"401 Vine Street Philadelphia, PA, 19106",IN OPERATION,Daily&Monthly,16,10,Listed,5,Not Listed,,Listed,1,Not Listed,,"39°57'22.4""N 75°08'45.8""W",,," Richard Camitta, Robert Camitta",,,,,,,,,,,,,,,,,,,,,,,,,,,,,,,,,,,,,,,,,,,,,,,,,,,,,,,,,,,,,,,,,,,,,,,,,,,,,,,,,,,,,,,,,,,,,,,,,,,,,,,,,,,,,,,,,,,,,,,,,,,,,,,,,,,,
PA,72882,410 S 15th St. (1506 Pine St.) - Spot #1 or 2 Only,"1506 Pine Street Philadelphia, PA, 19102",IN OPERATION,Daily&Monthly,2,1,Not Listed,,Not Listed,,Not Listed,,Not Listed,,"39°56'43.6""N 75°10'01.9""W",,70/30,"Centra Associates, LP",,,,,,,,,,,,,,,,,,,,,,,,,,,,,,,,,,,,,,,,,,,,,,,,,,,,,,,,,,,,,,,,,,,,,,,,,,,,,,,,,,,,,,,,,,,,,,,,,,,,,,,,,,,,,,,,,,,,,,,,,,,,,,,,,,,,
PA,,410 S 15th St. - Right Spot Only (ARCHIVED),"410 South 15th Street Philadelphia, PA, 19146",PERMANENTLY CLOSED,PERMANENTLY CLOSED,0,0,Not Listed,,Not Listed,,Not Listed,,Not Listed,,"39°56'43.6""N 75°10'01.9""W",,FIXED,Justin Mayer,,,,,,,,,,,,,,,,,,,,,,,,,,,,,,,,,,,,,,,,,,,,,,,,,,,,,,,,,,,,,,,,,,,,,,,,,,,,,,,,,,,,,,,,,,,,,,,,,,,,,,,,,,,,,,,,,,,,,,,,,,,,,,,,,,,,
IL,,411 S Peoria St. - Spot #14 (ARCHIVED),"411 South Peoria Street, Chicago, IL 60607",PERMANENTLY CLOSED,PERMANENTLY CLOSED,0,0,Not Listed,,Not Listed,,Not Listed,,Not Listed,,N/A,N/A,N/A,Benjamin Chisholm,,,,,,,,,,,,,,,,,,,,,,,,,,,,,,,,,,,,,,,,,,,,,,,,,,,,,,,,,,,,,,,,,,,,,,,,,,,,,,,,,,,,,,,,,,,,,,,,,,,,,,,,,,,,,,,,,,,,,,,,,,,,,,,,,,,,
IL,105884,411 S Peoria St. - Spot #20 Only,"411 South Peoria Street, Chicago, IL 60607",IN OPERATION,Events and Daily ONLY,1,N/A,Not Listed,,Listed,0,Not Listed,,Not Listed,,"41.876333,-87.649417",,FIXED,Nora Schneider,,,,,,,,,,,,,,,,,,,,,,,,,,,,,,,,,,,,,,,,,,,,,,,,,,,,,,,,,,,,,,,,,,,,,,,,,,,,,,,,,,,,,,,,,,,,,,,,,,,,,,,,,,,,,,,,,,,,,,,,,,,,,,,,,,,,
IL,23221,411 S Peoria St. - Spot #33 Only,"411 South Peoria Street, Chicago, IL 60607",IN OPERATION,Events and Daily ONLY,1,N/A,Not Listed,,Listed,0,Not Listed,,Not Listed,,"41.876333,-87.649417",,FIXED,David Kleiman,,,,,,,,,,,,,,,,,,,,,,,,,,,,,,,,,,,,,,,,,,,,,,,,,,,,,,,,,,,,,,,,,,,,,,,,,,,,,,,,,,,,,,,,,,,,,,,,,,,,,,,,,,,,,,,,,,,,,,,,,,,,,,,,,,,,
IL,18300,411 S Peoria St. - Spot #36,"411 South Peoria Street, Chicago, IL 60607",IN OPERATION,Events and Daily ONLY,1,N/A,Not Listed,,Listed,0,Not Listed,,Not Listed,,"41.876333,-87.649417",,FIXED,David Kleiman,,,,,,,,,,,,,,,,,,,,,,,,,,,,,,,,,,,,,,,,,,,,,,,,,,,,,,,,,,,,,,,,,,,,,,,,,,,,,,,,,,,,,,,,,,,,,,,,,,,,,,,,,,,,,,,,,,,,,,,,,,,,,,,,,,,,
IL,,411 S Peoria St. - Spot #4,"411 South Peoria Street, Chicago, IL 60607",PERMANENTLY CLOSED,PERMANENTLY CLOSED,0,0,Not Listed,,Not Listed,,Not Listed,,Not Listed,,"41.876333,-87.649417",,FIXED,Ben Hershey,,,,,,,,,,,,,,,,,,,,,,,,,,,,,,,,,,,,,,,,,,,,,,,,,,,,,,,,,,,,,,,,,,,,,,,,,,,,,,,,,,,,,,,,,,,,,,,,,,,,,,,,,,,,,,,,,,,,,,,,,,,,,,,,,,,,
IL,19797,411 S Peoria St. - Spot #44,"411 South Peoria Street, Chicago, IL 60607",IN OPERATION,Events and Daily ONLY,1,N/A,Not Listed,,Listed,0,Not Listed,,Not Listed,,"41.876333,-87.649417",,FIXED,David Kleiman,,,,,,,,,,,,,,,,,,,,,,,,,,,,,,,,,,,,,,,,,,,,,,,,,,,,,,,,,,,,,,,,,,,,,,,,,,,,,,,,,,,,,,,,,,,,,,,,,,,,,,,,,,,,,,,,,,,,,,,,,,,,,,,,,,,,
IL,26484,411 S Peoria St. - Spot #46,"411 South Peoria Street, Chicago, IL 60607",IN OPERATION,Events and Daily ONLY,1,N/A,Not Listed,,Listed,0,Not Listed,,Not Listed,,"41.876333,-87.649417",,FIXED,David Kleiman,,,,,,,,,,,,,,,,,,,,,,,,,,,,,,,,,,,,,,,,,,,,,,,,,,,,,,,,,,,,,,,,,,,,,,,,,,,,,,,,,,,,,,,,,,,,,,,,,,,,,,,,,,,,,,,,,,,,,,,,,,,,,,,,,,,,
IL,105684,4116 N Clark St. - Lot,"4116 N Clark St, Chicago, IL 60613, USA",IN OPERATION,Daily Monthly & Event,6,2,Not Listed,,Listed,1,Not Listed,,Not Listed,,"41.956857,-87.664033",,70/30,Seth Boustead/ Heldner Properties,,,,,,,,,,,,,,,,,,,,,,,,,,,,,,,,,,,,,,,,,,,,,,,,,,,,,,,,,,,,,,,,,,,,,,,,,,,,,,,,,,,,,,,,,,,,,,,,,,,,,,,,,,,,,,,,,,,,,,,,,,,,,,,,,,,,
MA,51697,413 Massachusetts Ave. - Left or Right Whole Tandem Row,"413 Massachusetts Avenue, Boston, MA 02118",IN OPERATION,Events and Daily ONLY,2,N/A,Not Listed,,Not Listed,,Not Listed,,Not Listed,,"42.340861,-71.082833",,FIXED,Parking Boston Inc. - Jasmine Taylor,,,,,,,,,,,,,,,,,,,,,,,,,,,,,,,,,,,,,,,,,,,,,,,,,,,,,,,,,,,,,,,,,,,,,,,,,,,,,,,,,,,,,,,,,,,,,,,,,,,,,,,,,,,,,,,,,,,,,,,,,,,,,,,,,,,,
IL,,4138 N Clarendon Ave. - Lot (ARCHIVED),"4138 North Clarendon Avenue, Chicago, IL, 60613",PERMANENTLY CLOSED,PERMANENTLY CLOSED,0,0,Not Listed,,Not Listed,,Not Listed,,Not Listed,,N/A,N/A,N/A,Mark J. Grotto,,,,,,,,,,,,,,,,,,,,,,,,,,,,,,,,,,,,,,,,,,,,,,,,,,,,,,,,,,,,,,,,,,,,,,,,,,,,,,,,,,,,,,,,,,,,,,,,,,,,,,,,,,,,,,,,,,,,,,,,,,,,,,,,,,,,
WASHINGTON DC,124962,417 3rd St. NE - Spot #13 Only,"417 3rd Street Northeast, Washington, DC 20002",IN OPERATION,Daily Only,1,N/A,Not Listed,,Not Listed,,Not Listed,,Not Listed,,"38.895444,-77.001583",,FIXED,Marcello Rodriguez,,,,,,,,,,,,,,,,,,,,,,,,,,,,,,,,,,,,,,,,,,,,,,,,,,,,,,,,,,,,,,,,,,,,,,,,,,,,,,,,,,,,,,,,,,,,,,,,,,,,,,,,,,,,,,,,,,,,,,,,,,,,,,,,,,,,
MA,146157,418 Massachusetts Ave. - Spot #2 Only,"418 Massachusetts Avenue Boston, MA 02118",IN OPERATION,Events and Daily ONLY,1,N/A,Not Listed,,Not Listed,,Not Listed,,Not Listed,,"42°20'30.8""N 71°04'56.7""W",,,,,,,,,,,,,,,,,,,,,,,,,,,,,,,,,,,,,,,,,,,,,,,,,,,,,,,,,,,,,,,,,,,,,,,,,,,,,,,,,,,,,,,,,,,,,,,,,,,,,,,,,,,,,,,,,,,,,,,,,,,,,,,,,,,,,,,
MA,96251,42 Craigie St. - Left Spot Only,"42 Craigie St, Somerville MA 02143",IN OPERATION,Daily Only,1,N/A,Not Listed,,Not Listed,,Not Listed,,Not Listed,,"42.386991, -71.111906",,FIXED,Daniel Pascal,,,,,,,,,,,,,,,,,,,,,,,,,,,,,,,,,,,,,,,,,,,,,,,,,,,,,,,,,,,,,,,,,,,,,,,,,,,,,,,,,,,,,,,,,,,,,,,,,,,,,,,,,,,,,,,,,,,,,,,,,,,,,,,,,,,,
MA,26254,"42 Gardner St. - Spots #2, 3, 4 or 6 Only","42 Gardner Street, Boston, MA 02134",IN OPERATION,Events and Daily ONLY,4,N/A,Not Listed,,Not Listed,,Not Listed,,Not Listed,,"42.3536501,-71.1292362",,FIXED,Parking Boston Inc. - Jasmine Taylor,,,,,,,,,,,,,,,,,,,,,,,,,,,,,,,,,,,,,,,,,,,,,,,,,,,,,,,,,,,,,,,,,,,,,,,,,,,,,,,,,,,,,,,,,,,,,,,,,,,,,,,,,,,,,,,,,,,,,,,,,,,,,,,,,,,,
MA,21403,42 Lomasney Way- Whole Tandem Row,"42 Lomasney Way, Boston, MA 02114",IN OPERATION,Events and Daily ONLY,1,N/A,Not Listed,,Not Listed,,Not Listed,,Not Listed,,"42.3654145,-71.06432029999999",,FIXED,Heath Properties - Joshua M. Freeman,,,,,,,,,,,,,,,,,,,,,,,,,,,,,,,,,,,,,,,,,,,,,,,,,,,,,,,,,,,,,,,,,,,,,,,,,,,,,,,,,,,,,,,,,,,,,,,,,,,,,,,,,,,,,,,,,,,,,,,,,,,,,,,,,,,,
MA,134428,42 Park Vale Ave. - Spot #2 or #3 Only,"42 Park Vale Avenue, Boston, MA 02134",IN OPERATION,Daily Only,2,N/A,Not Listed,,Not Listed,,Not Listed,,Not Listed,,"42°21'07.9""N 71°08'00.0""W",,,Stonegate Properties,,,,,,,,,,,,,,,,,,,,,,,,,,,,,,,,,,,,,,,,,,,,,,,,,,,,,,,,,,,,,,,,,,,,,,,,,,,,,,,,,,,,,,,,,,,,,,,,,,,,,,,,,,,,,,,,,,,,,,,,,,,,,,,,,,,,
MA,135814,42-44 Fenton St. - Spot #2 Only,"42-44 Fenton Street Boston, MA 02122",IN OPERATION,Daily&Monthly,1,1,Not Listed,,Not Listed,,Not Listed,,Not Listed,,"42°18'13.1""N 71°03'25.4""W",,,,,,,,,,,,,,,,,,,,,,,,,,,,,,,,,,,,,,,,,,,,,,,,,,,,,,,,,,,,,,,,,,,,,,,,,,,,,,,,,,,,,,,,,,,,,,,,,,,,,,,,,,,,,,,,,,,,,,,,,,,,,,,,,,,,,,,
CA ,99678,"4217 W Century Blvd. - Spot #3, #4 or #5 Only ","4211 West Century Boulevard, Inglewood, CA, 90304",IN OPERATION,Events and Daily ONLY,3,N/A,Not Listed,,Not Listed,,Not Listed,,Not Listed,,N/A,N/A,N/A,liliana granados,,,,,,,,,,,,,,,,,,,,,,,,,,,,,,,,,,,,,,,,,,,,,,,,,,,,,,,,,,,,,,,,,,,,,,,,,,,,,,,,,,,,,,,,,,,,,,,,,,,,,,,,,,,,,,,,,,,,,,,,,,,,,,,,,,,,
PA,64668,4236 Spruce St. - Right Side Only,"4236 Spruce Street, Philadelphia, PA, 19104",IN OPERATION,Daily Only,1,N/A,Not Listed,,Not Listed,,Not Listed,,Not Listed,,"39°57'07.0""N 75°12'31.6""W",,FIXED,Philly Property Management,,,,,,,,,,,,,,,,,,,,,,,,,,,,,,,,,,,,,,,,,,,,,,,,,,,,,,,,,,,,,,,,,,,,,,,,,,,,,,,,,,,,,,,,,,,,,,,,,,,,,,,,,,,,,,,,,,,,,,,,,,,,,,,,,,,,
CA,,4239 W 102nd St. - Left Spot Only (ARCHIVED),"4239 West 102nd Street Inglewood, CA, 90304",PERMANENTLY CLOSED,PERMANENTLY CLOSED,0,0,Not Listed,,Not Listed,,Not Listed,,Not Listed,,N/A,N/A,N/A,Samuel Tolaque (ARCHIVED),,,,,,,,,,,,,,,,,,,,,,,,,,,,,,,,,,,,,,,,,,,,,,,,,,,,,,,,,,,,,,,,,,,,,,,,,,,,,,,,,,,,,,,,,,,,,,,,,,,,,,,,,,,,,,,,,,,,,,,,,,,,,,,,,,,,
CA ,115586,424 28th St. - Lot (ARCHIVED),"424 28th Street, Oakland, CA 94609",PERMANENTLY CLOSED,PERMANENTLY CLOSED,0,0,Not Listed,,Not Listed,,Not Listed,,Not Listed,,N/A,(Combo Lock Code: 4-2-0-0),70/30,Marina Dreyfuss,,,,,,,,,,,,,,,,,,,,,,,,,,,,,,,,,,,,,,,,,,,,,,,,,,,,,,,,,,,,,,,,,,,,,,,,,,,,,,,,,,,,,,,,,,,,,,,,,,,,,,,,,,,,,,,,,,,,,,,,,,,,,,,,,,,,
CA ,,424 28th St. - Lot (Scan2Pay) (ARCHIVED),"424 28th Street, Oakland, CA 94609",PERMANENTLY CLOSED,PERMANENTLY CLOSED,0,0,Not Listed,,Not Listed,,Not Listed,,Not Listed,,N/A,,FIXED,Marina Dreyfuss,,,,,,,,,,,,,,,,,,,,,,,,,,,,,,,,,,,,,,,,,,,,,,,,,,,,,,,,,,,,,,,,,,,,,,,,,,,,,,,,,,,,,,,,,,,,,,,,,,,,,,,,,,,,,,,,,,,,,,,,,,,,,,,,,,,,
IL,60936,425 W Wellington Ave. - Spot #1 Only,"425 West Wellington Avenue Chicago, IL, 60657",IN OPERATION,Events and Daily ONLY,1,N/A,Not Listed,,Not Listed,,Not Listed,,Not Listed,,"41°56'10.4""N 87°38'25.8""W",,FIXED,Musick Holdings LLC,,,,,,,,,,,,,,,,,,,,,,,,,,,,,,,,,,,,,,,,,,,,,,,,,,,,,,,,,,,,,,,,,,,,,,,,,,,,,,,,,,,,,,,,,,,,,,,,,,,,,,,,,,,,,,,,,,,,,,,,,,,,,,,,,,,,
IL,124428,427 Wisconsin Ave. - Spot #5 Only,"427 Wisconsin Avenue, Oak Park, IL 60302",PERMANENTLY CLOSED,PERMANENTLY CLOSED,1,N/A,Not Listed,,Not Listed,,Not Listed,,Not Listed,,"41.880389,-87.803083",,FIXED,Jeremy Yee,,,,,,,,,,,,,,,,,,,,,,,,,,,,,,,,,,,,,,,,,,,,,,,,,,,,,,,,,,,,,,,,,,,,,,,,,,,,,,,,,,,,,,,,,,,,,,,,,,,,,,,,,,,,,,,,,,,,,,,,,,,,,,,,,,,,
MA,102715,428 Marlborough St. - Right Spot Only,"428 Marlborough Street, Boston, MA, 02115",IN OPERATION,Events and Daily ONLY,1,N/A,Not Listed,,Not Listed,,Not Listed,,Not Listed,,"42.349694,-71.089472",,FIXED,Parking Boston Inc- Jasmine,,,,,,,,,,,,,,,,,,,,,,,,,,,,,,,,,,,,,,,,,,,,,,,,,,,,,,,,,,,,,,,,,,,,,,,,,,,,,,,,,,,,,,,,,,,,,,,,,,,,,,,,,,,,,,,,,,,,,,,,,,,,,,,,,,,,
MD,118754,429 E Lafayette Ave. - Rightmost Spot Only,"429 East Lafayette Avenue, Baltimore, MD, 21202",IN OPERATION,Daily Only,1,N/A,Not Listed,,Not Listed,,Not Listed,,Not Listed,,"39.309694,-76.609722",,70/30,"Aenubilus, LLC",,,,,,,,,,,,,,,,,,,,,,,,,,,,,,,,,,,,,,,,,,,,,,,,,,,,,,,,,,,,,,,,,,,,,,,,,,,,,,,,,,,,,,,,,,,,,,,,,,,,,,,,,,,,,,,,,,,,,,,,,,,,,,,,,,,,
MA,111396,"43 - 45 Union St. - Spots #1, #2 or #3 Only","43-45 Union Street, Cambridge, MA 02141",IN OPERATION,Daily&Monthly,3,2,Not Listed,,Not Listed,,Not Listed,,Not Listed,,"42.37075,-71.094944",,FIXED,Parking Boston Inc - Jasmine,,,,,,,,,,,,,,,,,,,,,,,,,,,,,,,,,,,,,,,,,,,,,,,,,,,,,,,,,,,,,,,,,,,,,,,,,,,,,,,,,,,,,,,,,,,,,,,,,,,,,,,,,,,,,,,,,,,,,,,,,,,,,,,,,,,,
MA,,"43 Back St. - Wall Spots #1, 2, or 3 (ARCHIVED)","43 Back Street, Boston, MA 02215",PERMANENTLY CLOSED,PERMANENTLY CLOSED,0,0,Not Listed,,Not Listed,,Not Listed,,Not Listed,,N/A,N/A,N/A,,,,,,,,,,,,,,,,,,,,,,,,,,,,,,,,,,,,,,,,,,,,,,,,,,,,,,,,,,,,,,,,,,,,,,,,,,,,,,,,,,,,,,,,,,,,,,,,,,,,,,,,,,,,,,,,,,,,,,,,,,,,,,,,,,,,,
NY,,"43-10 Broadway - Spots #1, 2, or 3 ONLY (ARCHIVED)","43-10 Broadway, NY, 11103",PERMANENTLY CLOSED,PERMANENTLY CLOSED,0,0,Not Listed,,Not Listed,,Not Listed,,Not Listed,,N/A,N/A,N/A,Dean or Nasia.,,,,,,,,,,,,,,,,,,,,,,,,,,,,,,,,,,,,,,,,,,,,,,,,,,,,,,,,,,,,,,,,,,,,,,,,,,,,,,,,,,,,,,,,,,,,,,,,,,,,,,,,,,,,,,,,,,,,,,,,,,,,,,,,,,,,
IL,,4315 N Damen Ave. - Alley Spot (ARCHIVED),"4315 North Damen Avenue, Chicago, IL 60618",PERMANENTLY CLOSED,PERMANENTLY CLOSED,0,0,Not Listed,,Not Listed,,Not Listed,,Not Listed,,N/A,N/A,N/A,,,,,,,,,,,,,,,,,,,,,,,,,,,,,,,,,,,,,,,,,,,,,,,,,,,,,,,,,,,,,,,,,,,,,,,,,,,,,,,,,,,,,,,,,,,,,,,,,,,,,,,,,,,,,,,,,,,,,,,,,,,,,,,,,,,,,
MA,111427,"44 Berkeley St. - Parallel Spots #1, 2, 3, or 4 Only","44 Berkeley Street, Somerville, MA 02143",IN OPERATION,Daily&Monthly,4,3,Not Listed,,Not Listed,,Not Listed,,Not Listed,,"42.386265,-71.10226",,FIXED,Parking Bostob Inc - Jasmine,,,,,,,,,,,,,,,,,,,,,,,,,,,,,,,,,,,,,,,,,,,,,,,,,,,,,,,,,,,,,,,,,,,,,,,,,,,,,,,,,,,,,,,,,,,,,,,,,,,,,,,,,,,,,,,,,,,,,,,,,,,,,,,,,,,,
MA,,44 Day St. - Driveway Spot (ARCHIVED),"44 Day Street, Boston, MA, 02130",PERMANENTLY CLOSED,PERMANENTLY CLOSED,0,0,Not Listed,,Not Listed,,Not Listed,,Not Listed,,N/A,N/A,N/A,Parking Boston Inc. - Jasmine Taylor,,,,,,,,,,,,,,,,,,,,,,,,,,,,,,,,,,,,,,,,,,,,,,,,,,,,,,,,,,,,,,,,,,,,,,,,,,,,,,,,,,,,,,,,,,,,,,,,,,,,,,,,,,,,,,,,,,,,,,,,,,,,,,,,,,,,
MA,101956,"44 Winslow Rd. - Spots #4, 5, 6, 7 or 8 Only","44 Winslow Rd, Brookline, MA 02446",IN OPERATION,Events and Daily ONLY,5,N/A,Not Listed,,Not Listed,,Not Listed,,Not Listed,,"42.350556,-71.122222",,70/30,Enis Sheshu / Adilane Da Silva,,,,,,,,,,,,,,,,,,,,,,,,,,,,,,,,,,,,,,,,,,,,,,,,,,,,,,,,,,,,,,,,,,,,,,,,,,,,,,,,,,,,,,,,,,,,,,,,,,,,,,,,,,,,,,,,,,,,,,,,,,,,,,,,,,,,
MA,27874,"447 Park Drive - Spot #1, 2, 3 or 4 ONLY","447 Park Drive, Boston, MA 02215",IN OPERATION,Events and Daily ONLY,4,N/A,Not Listed,,Not Listed,,Not Listed,,Not Listed,,"42.345676, -71.103942",,FIXED,Parking Boston Inc. - Jasmine Taylor,,,,,,,,,,,,,,,,,,,,,,,,,,,,,,,,,,,,,,,,,,,,,,,,,,,,,,,,,,,,,,,,,,,,,,,,,,,,,,,,,,,,,,,,,,,,,,,,,,,,,,,,,,,,,,,,,,,,,,,,,,,,,,,,,,,,
IL,125255,448 N Aberdeen St. - Spot #3 Only,"448 North Aberdeen Street, Chicago, IL, 60642",IN OPERATION,Daily Only,1,N/A,Not Listed,,Not Listed,,Not Listed,,Not Listed,,"41.890333,-87.655167",,FIXED,Srinivasa Sirigiri,,,,,,,,,,,,,,,,,,,,,,,,,,,,,,,,,,,,,,,,,,,,,,,,,,,,,,,,,,,,,,,,,,,,,,,,,,,,,,,,,,,,,,,,,,,,,,,,,,,,,,,,,,,,,,,,,,,,,,,,,,,,,,,,,,,,
MA,26880,448 Park Drive - Spot #3 Only,"448 Park Drive, Boston, MA 02215",IN OPERATION,Events and Daily ONLY,1,N/A,Not Listed,,Not Listed,,Not Listed,,Not Listed,,"42.345139,-71.104972",,FIXED,Jake Kagan,,,,,,,,,,,,,,,,,,,,,,,,,,,,,,,,,,,,,,,,,,,,,,,,,,,,,,,,,,,,,,,,,,,,,,,,,,,,,,,,,,,,,,,,,,,,,,,,,,,,,,,,,,,,,,,,,,,,,,,,,,,,,,,,,,,,
IL,49124,448 W Barry Ave. - Spot #12 Only,"448 West Barry Avenue, Chicago, IL, 60657",IN OPERATION,Events and Daily ONLY,1,N/A,Not Listed,,Not Listed,,Not Listed,,Not Listed,,"41°56'16.3""N 87°38'28.6""W",,FIXED,Campbell Street Asset management,,,,,,,,,,,,,,,,,,,,,,,,,,,,,,,,,,,,,,,,,,,,,,,,,,,,,,,,,,,,,,,,,,,,,,,,,,,,,,,,,,,,,,,,,,,,,,,,,,,,,,,,,,,,,,,,,,,,,,,,,,,,,,,,,,,,
IL,72156,448 W Barry St. - Spot #9 or #10 Only,"448 West Barry AvenueChicago, IL, 60657",IN OPERATION,Events and Daily ONLY,2,N/A,Not Listed,,Not Listed,,Not Listed,,Not Listed,,"41.938167,-87.641444",,FIXED,Campbell Street Asset management,,,,,,,,,,,,,,,,,,,,,,,,,,,,,,,,,,,,,,,,,,,,,,,,,,,,,,,,,,,,,,,,,,,,,,,,,,,,,,,,,,,,,,,,,,,,,,,,,,,,,,,,,,,,,,,,,,,,,,,,,,,,,,,,,,,,
MA,,45 E Concord - Spots #4 or 5 (ARCHIVED),"45 East Concord Street, Boston, MA 02118",PERMANENTLY CLOSED,PERMANENTLY CLOSED,0,0,Not Listed,,Not Listed,,Not Listed,,Not Listed,,N/A,N/A,N/A,Parking Boston Inc. - Jasmine Taylor,,,,,,,,,,,,,,,,,,,,,,,,,,,,,,,,,,,,,,,,,,,,,,,,,,,,,,,,,,,,,,,,,,,,,,,,,,,,,,,,,,,,,,,,,,,,,,,,,,,,,,,,,,,,,,,,,,,,,,,,,,,,,,,,,,,,
MA,60903,"45 Magazine St. - Spots #15, #19, #20 or #21 Only","45 Magazine Street Cambridge, MA, 02139",IN OPERATION,Daily&Monthly,4,2,Not Listed,,Not Listed,,Not Listed,,Not Listed,,"42.362861,-71.107194",,FIXED,Rina Peselman,,,,,,,,,,,,,,,,,,,,,,,,,,,,,,,,,,,,,,,,,,,,,,,,,,,,,,,,,,,,,,,,,,,,,,,,,,,,,,,,,,,,,,,,,,,,,,,,,,,,,,,,,,,,,,,,,,,,,,,,,,,,,,,,,,,,
MA,97205,45 River St.  - spot #1 only,45 River St. Cambridge MA 02139,IN OPERATION,Daily Only,1,N/A,Not Listed,,Not Listed,,Not Listed,,Not Listed,,"42.364778,-71.106389",,FIXED,Betty Wong,,,,,,,,,,,,,,,,,,,,,,,,,,,,,,,,,,,,,,,,,,,,,,,,,,,,,,,,,,,,,,,,,,,,,,,,,,,,,,,,,,,,,,,,,,,,,,,,,,,,,,,,,,,,,,,,,,,,,,,,,,,,,,,,,,,,
MA,150997,45 River St. - Spot #10 Only,"45 River Street Cambridge, MA 02139",IN OPERATION,Daily Only,1,N/A,Not Listed,,Not Listed,,Not Listed,,Not Listed,,"42°21'53.2""N 71°06'23.0""W",,,,,,,,,,,,,,,,,,,,,,,,,,,,,,,,,,,,,,,,,,,,,,,,,,,,,,,,,,,,,,,,,,,,,,,,,,,,,,,,,,,,,,,,,,,,,,,,,,,,,,,,,,,,,,,,,,,,,,,,,,,,,,,,,,,,,,,
MA,29061,45 Worcester St. - Compact Car Only,"45 Worcester Street, Boston, MA 02118",IN OPERATION,Daily Monthly & Event,2,1,Not Listed,,Not Listed,,Not Listed,,Not Listed,,"42.338917,-71.076861",,FIXED,Parking Boston Inc. - Jasmine Taylor,,,,,,,,,,,,,,,,,,,,,,,,,,,,,,,,,,,,,,,,,,,,,,,,,,,,,,,,,,,,,,,,,,,,,,,,,,,,,,,,,,,,,,,,,,,,,,,,,,,,,,,,,,,,,,,,,,,,,,,,,,,,,,,,,,,,
MA,23052,451 Park Dr. - Spot #3 or 6 ONLY,"451 Park Drive, Boston, MA 02215",IN OPERATION,Events and Daily ONLY,2,N/A,Not Listed,,Not Listed,,Not Listed,,Not Listed,,"42.345861,-71.104056",,FIXED,"Jasmine Chen  (spot #3)
Vinod Tilak (Spot #6)",,,,,,,,,,,,,,,,,,,,,,,,,,,,,,,,,,,,,,,,,,,,,,,,,,,,,,,,,,,,,,,,,,,,,,,,,,,,,,,,,,,,,,,,,,,,,,,,,,,,,,,,,,,,,,,,,,,,,,,,,,,,,,,,,,,,
MA,,"454 Harvard St. - Spot #1, 2 or 3 (ARCHIVED)","454 Harvard Street Brookline, MA, 02446",PERMANENTLY CLOSED,PERMANENTLY CLOSED,0,0,Not Listed,,Not Listed,,Not Listed,,Not Listed,,N/A,N/A,N/A,Parking Boston Inc. - Jasmine Taylor,,,,,,,,,,,,,,,,,,,,,,,,,,,,,,,,,,,,,,,,,,,,,,,,,,,,,,,,,,,,,,,,,,,,,,,,,,,,,,,,,,,,,,,,,,,,,,,,,,,,,,,,,,,,,,,,,,,,,,,,,,,,,,,,,,,,
MA,115584,45-47 Symphony Rd. (60 Public Alley 818) - Spot #9 Only,"45-47 Symphony Road Boston, MA, 02115",IN OPERATION,Events and Daily ONLY,1,N/A,Not Listed,,Not Listed,,Not Listed,,Not Listed,,"42.343361,-71.088722",,FIXED,Parking Boston Inc - Jasmine,,,,,,,,,,,,,,,,,,,,,,,,,,,,,,,,,,,,,,,,,,,,,,,,,,,,,,,,,,,,,,,,,,,,,,,,,,,,,,,,,,,,,,,,,,,,,,,,,,,,,,,,,,,,,,,,,,,,,,,,,,,,,,,,,,,,
IL,,455 W Grant Pl. - Spot #9 only (ARCHIVED),"455 West Grant Place, Chicago, IL, 60614",PERMANENTLY CLOSED,PERMANENTLY CLOSED,0,0,Not Listed,,Not Listed,,Not Listed,,Not Listed,,N/A,N/A,N/A,"SAFE HARBOR REALTY, LLC",,,,,,,,,,,,,,,,,,,,,,,,,,,,,,,,,,,,,,,,,,,,,,,,,,,,,,,,,,,,,,,,,,,,,,,,,,,,,,,,,,,,,,,,,,,,,,,,,,,,,,,,,,,,,,,,,,,,,,,,,,,,,,,,,,,,
IL,127504,"4516 N Seeley Ave. - Spots #2, 3, 4 or 5 Only","4516 North Seeley Avenue, Chicago, IL 60625",IN OPERATION,Daily&Monthly,4,3,Not Listed,,Listed,0,Not Listed,,Not Listed,,N/A,,70/30,Campbell Street Asset Management - Josh krueger,,,,,,,,,,,,,,,,,,,,,,,,,,,,,,,,,,,,,,,,,,,,,,,,,,,,,,,,,,,,,,,,,,,,,,,,,,,,,,,,,,,,,,,,,,,,,,,,,,,,,,,,,,,,,,,,,,,,,,,,,,,,,,,,,,,,
MA,96250,460 Massachusetts Ave. - Spot #1 Only,"460 Massachusetts Ave, Boston, MA 02118",IN OPERATION,Events and Daily ONLY,1,N/A,Not Listed,,Not Listed,,Not Listed,,Not Listed,,"42.340441, -71.080894",,70/30,Shane Rockett,,,,,,,,,,,,,,,,,,,,,,,,,,,,,,,,,,,,,,,,,,,,,,,,,,,,,,,,,,,,,,,,,,,,,,,,,,,,,,,,,,,,,,,,,,,,,,,,,,,,,,,,,,,,,,,,,,,,,,,,,,,,,,,,,,,,
MA,28761,461 Park Drive - Parallel Spot,"461 Park Drive, Boston, MA 02215",IN OPERATION,Events and Daily ONLY,1,N/A,Not Listed,,Not Listed,,Not Listed,,Not Listed,,"42.346083,-71.104111",,FIXED,Parking Boston Inc. - Jasmine Taylor,,,,,,,,,,,,,,,,,,,,,,,,,,,,,,,,,,,,,,,,,,,,,,,,,,,,,,,,,,,,,,,,,,,,,,,,,,,,,,,,,,,,,,,,,,,,,,,,,,,,,,,,,,,,,,,,,,,,,,,,,,,,,,,,,,,,
MA,129216,461 Washington St. - Spot #406 Only,"461 Washington St, Brighton, MA 02135, USA",IN OPERATION,Daily Only,1,N/A,Not Listed,,Not Listed,,Not Listed,,Not Listed,,"42°20'57.3""N 71°09'31.3""W",,,Jenna LaFleur,,,,,,,,,,,,,,,,,,,,,,,,,,,,,,,,,,,,,,,,,,,,,,,,,,,,,,,,,,,,,,,,,,,,,,,,,,,,,,,,,,,,,,,,,,,,,,,,,,,,,,,,,,,,,,,,,,,,,,,,,,,,,,,,,,,,
MA,45063,461-471 Massachusetts Ave. - Alley Spots,"461 Massachusetts Avenue, Boston, MA 02118",IN OPERATION,Daily Monthly & Event,4,3,Not Listed,,Not Listed,,Not Listed,,Not Listed,,"42.339917,-71.081611",,FIXED,Parking Boston Inc. - Jasmine Taylor/ Breda,,,,,,,,,,,,,,,,,,,,,,,,,,,,,,,,,,,,,,,,,,,,,,,,,,,,,,,,,,,,,,,,,,,,,,,,,,,,,,,,,,,,,,,,,,,,,,,,,,,,,,,,,,,,,,,,,,,,,,,,,,,,,,,,,,,,
MA,,462 Park Dr- Fence Spot (ARCHIVED),"462 Park Drive, Boston, MA 02215",PERMANENTLY CLOSED,PERMANENTLY CLOSED,0,0,Not Listed,,Not Listed,,Not Listed,,Not Listed,,N/A,N/A,N/A,Parking Boston Inc. - Jasmine Taylor,,,,,,,,,,,,,,,,,,,,,,,,,,,,,,,,,,,,,,,,,,,,,,,,,,,,,,,,,,,,,,,,,,,,,,,,,,,,,,,,,,,,,,,,,,,,,,,,,,,,,,,,,,,,,,,,,,,,,,,,,,,,,,,,,,,,
MA,28035,463 Park Drive - Compact Spot #1,"463 Park Drive, Boston, MA 02215",IN OPERATION,Events and Daily ONLY,1,N/A,Not Listed,,Not Listed,,Not Listed,,Not Listed,,"42.346278,-71.104222",,FIXED,Parking Boston Inc. - Jasmine Taylor,,,,,,,,,,,,,,,,,,,,,,,,,,,,,,,,,,,,,,,,,,,,,,,,,,,,,,,,,,,,,,,,,,,,,,,,,,,,,,,,,,,,,,,,,,,,,,,,,,,,,,,,,,,,,,,,,,,,,,,,,,,,,,,,,,,,
MA,27870,463 Park Drive - Parallel Spot #2,"463 Park Drive, Boston, MA 02215",IN OPERATION,Events and Daily ONLY,1,N/A,Not Listed,,Not Listed,,Not Listed,,Not Listed,,"42.346222,-71.104222",,FIXED,Parking Boston Inc. - Jasmine Taylor,,,,,,,,,,,,,,,,,,,,,,,,,,,,,,,,,,,,,,,,,,,,,,,,,,,,,,,,,,,,,,,,,,,,,,,,,,,,,,,,,,,,,,,,,,,,,,,,,,,,,,,,,,,,,,,,,,,,,,,,,,,,,,,,,,,,
MA,,464 Back St. (464 Beacon St.) - Garage Spots (ARCHIVED),"464 Back St, Boston, MA 02115, USA",PERMANENTLY CLOSED,PERMANENTLY CLOSED,0,0,Not Listed,,Not Listed,,Not Listed,,Not Listed,,N/A,N/A,N/A,Parking Boston Inc. - Jasmine Taylor,,,,,,,,,,,,,,,,,,,,,,,,,,,,,,,,,,,,,,,,,,,,,,,,,,,,,,,,,,,,,,,,,,,,,,,,,,,,,,,,,,,,,,,,,,,,,,,,,,,,,,,,,,,,,,,,,,,,,,,,,,,,,,,,,,,,
MA,88229,47 Gardner St. - Lot,"47 Gardner St, Boston, MA 02134, USA ",IN OPERATION,Daily Monthly & Event,9,8,Listed,1,Listed,0,Listed,1,Listed,1,"42.353417,-71.128722",,FIXED,Yan Schechter,,,,,,,,,,,,,,,,,,,,,,,,,,,,,,,,,,,,,,,,,,,,,,,,,,,,,,,,,,,,,,,,,,,,,,,,,,,,,,,,,,,,,,,,,,,,,,,,,,,,,,,,,,,,,,,,,,,,,,,,,,,,,,,,,,,,
MA,140128,47 Webster Ave. - Parallel Spot #1 or #2 Only,"47 Webster Avenue Somerville, MA, 02143",IN OPERATION,Daily Only,2,N/A,Not Listed,,Not Listed,,Not Listed,,Not Listed,,"42°22'36.9""N 71°05'44.7""W",,FIXED,,,,,,,,,,,,,,,,,,,,,,,,,,,,,,,,,,,,,,,,,,,,,,,,,,,,,,,,,,,,,,,,,,,,,,,,,,,,,,,,,,,,,,,,,,,,,,,,,,,,,,,,,,,,,,,,,,,,,,,,,,,,,,,,,,,,,
NJ,148055,471 Liberty Ave. - Driveway Spot Only,"471 Liberty Avenue Jersey City, NJ 07307",IN OPERATION,Daily Only,1,N/A,Not Listed,,Not Listed,,Not Listed,,Not Listed,,"40°45'10.1""N 74°03'18.2""W",,,,,,,,,,,,,,,,,,,,,,,,,,,,,,,,,,,,,,,,,,,,,,,,,,,,,,,,,,,,,,,,,,,,,,,,,,,,,,,,,,,,,,,,,,,,,,,,,,,,,,,,,,,,,,,,,,,,,,,,,,,,,,,,,,,,,,,
MA,132811,47 Newport St. - Whole Tandem Driveway Spot,"47 Newport Street, Boston, MA 02125",PERMANENTLY CLOSED,Daily Only,1,0,Not Listed,,Not Listed,,Not Listed,,Not Listed,,"42°19'02.7""N 71°03'15.8""W",,FIXED,Maria Wu,,,,,,,,,,,,,,,,,,,,,,,,,,,,,,,,,,,,,,,,,,,,,,,,,,,,,,,,,,,,,,,,,,,,,,,,,,,,,,,,,,,,,,,,,,,,,,,,,,,,,,,,,,,,,,,,,,,,,,,,,,,,,,,,,,,,
MA,,471 Massachusetts Ave. - Left or Right Spot (ARCHIVED),"471 Massachusetts Avenue, Boston, MA 02118",PERMANENTLY CLOSED,PERMANENTLY CLOSED,0,0,Not Listed,,Not Listed,,Not Listed,,Not Listed,,N/A,N/A,N/A,Breda O’ Connor,,,,,,,,,,,,,,,,,,,,,,,,,,,,,,,,,,,,,,,,,,,,,,,,,,,,,,,,,,,,,,,,,,,,,,,,,,,,,,,,,,,,,,,,,,,,,,,,,,,,,,,,,,,,,,,,,,,,,,,,,,,,,,,,,,,,
MA,2115,475 Beacon St. - Left Spot Only,"475 Beacon St, Boston, MA 02115",IN OPERATION,Events and Daily ONLY,1,N/A,Not Listed,,Not Listed,,Not Listed,,Not Listed,,"42°21'04.0""N 71°05'12.7""W",,,Cabot & Company - Mike Schwartz - ,,,,,,,,,,,,,,,,,,,,,,,,,,,,,,,,,,,,,,,,,,,,,,,,,,,,,,,,,,,,,,,,,,,,,,,,,,,,,,,,,,,,,,,,,,,,,,,,,,,,,,,,,,,,,,,,,,,,,,,,,,,,,,,,,,,,
MA,87911,475 Massachusetts Ave - Alley Spot,"475 Massachusetts Avenue, Boston, MA, 02118",IN OPERATION,Events and Daily ONLY,1,N/A,Not Listed,,Not Listed,,Not Listed,,Not Listed,,"42.339583,-71.080806",,FIXED,Parking Boston Inc. - Jasmine Taylor,,,,,,,,,,,,,,,,,,,,,,,,,,,,,,,,,,,,,,,,,,,,,,,,,,,,,,,,,,,,,,,,,,,,,,,,,,,,,,,,,,,,,,,,,,,,,,,,,,,,,,,,,,,,,,,,,,,,,,,,,,,,,,,,,,,,
MA,85332,477 Beacon St. - Left or Right Spot Only,"477 Beacon Street, Boston, MA, 02115",IN OPERATION,Events and Daily ONLY,2,N/A,Not Listed,,Not Listed,,Not Listed,,Not Listed,,"42.351111,-71.086833",,FIXED,Diego Camacho,,,,,,,,,,,,,,,,,,,,,,,,,,,,,,,,,,,,,,,,,,,,,,,,,,,,,,,,,,,,,,,,,,,,,,,,,,,,,,,,,,,,,,,,,,,,,,,,,,,,,,,,,,,,,,,,,,,,,,,,,,,,,,,,,,,,
MA,110206,48 Allston St. - Garage Spot #8 Only,"48 Allston St, Allston, MA 02134, USA",IN OPERATION,Daily Only,1,N/A,Not Listed,,Not Listed,,Not Listed,,Not Listed,,"42.351444,-71.13525",,FIXED,Parking Boston Inc - Jasmine,,,,,,,,,,,,,,,,,,,,,,,,,,,,,,,,,,,,,,,,,,,,,,,,,,,,,,,,,,,,,,,,,,,,,,,,,,,,,,,,,,,,,,,,,,,,,,,,,,,,,,,,,,,,,,,,,,,,,,,,,,,,,,,,,,,,
MA,110207,"48 Allston St. - Spot #1, 2, 3, 4, 5, 6 or 7 Only","48 Allston St, Allston, MA 02134, USA",IN OPERATION,Daily&Monthly,7,6,Not Listed,,Not Listed,,Not Listed,,Not Listed,,"42.351444,-71.13525",,FIXED,Parking Boston Inc - Jasmine,,,,,,,,,,,,,,,,,,,,,,,,,,,,,,,,,,,,,,,,,,,,,,,,,,,,,,,,,,,,,,,,,,,,,,,,,,,,,,,,,,,,,,,,,,,,,,,,,,,,,,,,,,,,,,,,,,,,,,,,,,,,,,,,,,,,
MA,78228,"48 Maverick St. - Spot #1, 2,3, 4, 5 or #6","48 Maverick Street, Boston, MA, 02128",IN OPERATION,Daily&Monthly,6,5,Not Listed,,Not Listed,,Not Listed,,Not Listed,,"42.371189, -71.041264",,FIXED,Parking Boston Inc. - Jasmine Taylor,,,,,,,,,,,,,,,,,,,,,,,,,,,,,,,,,,,,,,,,,,,,,,,,,,,,,,,,,,,,,,,,,,,,,,,,,,,,,,,,,,,,,,,,,,,,,,,,,,,,,,,,,,,,,,,,,,,,,,,,,,,,,,,,,,,,
MA,21405,480 Massachusetts Ave. - Spot #1 or #2 Only,"480 Massachusetts Avenue, Boston, MA 02118",IN OPERATION,Events and Daily ONLY,2,N/A,Not Listed,,Not Listed,,Not Listed,,Not Listed,,"42°20'23.9""N 71°04'49.7""W",,FIXED,PGR Mgt./Heath Properties,,,,,,,,,,,,,,,,,,,,,,,,,,,,,,,,,,,,,,,,,,,,,,,,,,,,,,,,,,,,,,,,,,,,,,,,,,,,,,,,,,,,,,,,,,,,,,,,,,,,,,,,,,,,,,,,,,,,,,,,,,,,,,,,,,,,
MA,88033,480 Shawmut Ave. - Left Spot Only,"480 Shawmut Ave, Boston, MA, 02118",IN OPERATION,Events and Daily ONLY,1,N/A,Not Listed,,Not Listed,,Not Listed,,Not Listed,,"42.338278,-71.075972",,FIXED,Boston Proper Real Estate,,,,,,,,,,,,,,,,,,,,,,,,,,,,,,,,,,,,,,,,,,,,,,,,,,,,,,,,,,,,,,,,,,,,,,,,,,,,,,,,,,,,,,,,,,,,,,,,,,,,,,,,,,,,,,,,,,,,,,,,,,,,,,,,,,,,
IL,,4826 N Wolcott Ave - Alley Spot #2 (ARCHIVED),"4826 North Wolcott Avenue, Chicago, IL 60640",PERMANENTLY CLOSED,PERMANENTLY CLOSED,0,0,Not Listed,,Not Listed,,Not Listed,,Not Listed,,N/A,N/A,N/A,Lucas Helliker,,,,,,,,,,,,,,,,,,,,,,,,,,,,,,,,,,,,,,,,,,,,,,,,,,,,,,,,,,,,,,,,,,,,,,,,,,,,,,,,,,,,,,,,,,,,,,,,,,,,,,,,,,,,,,,,,,,,,,,,,,,,,,,,,,,,
MA,26584,486 Massachusetts Ave. - Spot #1,"486 Massachusetts Avenue, Boston, MA 02118",IN OPERATION,Events and Daily ONLY,1,N/A,Not Listed,,Not Listed,,Not Listed,,Not Listed,,"42.339833,-71.080333",,FIXED,Heath Properties,,,,,,,,,,,,,,,,,,,,,,,,,,,,,,,,,,,,,,,,,,,,,,,,,,,,,,,,,,,,,,,,,,,,,,,,,,,,,,,,,,,,,,,,,,,,,,,,,,,,,,,,,,,,,,,,,,,,,,,,,,,,,,,,,,,,
WASHINGTON DC,,4888 MacArthur Blvd .NW - Private Spot (ARCHIVED),"4888 MacArthur Boulevard Northwest Washington, DC, 20007",PERMANENTLY CLOSED,PERMANENTLY CLOSED,0,0,Not Listed,,Not Listed,,Not Listed,,Not Listed,,N/A,N/A,N/A,,,,,,,,,,,,,,,,,,,,,,,,,,,,,,,,,,,,,,,,,,,,,,,,,,,,,,,,,,,,,,,,,,,,,,,,,,,,,,,,,,,,,,,,,,,,,,,,,,,,,,,,,,,,,,,,,,,,,,,,,,,,,,,,,,,,,
MA,135351,49 St. Mary's St. (5 Euston St.) - Left and Right Spot Only,"49 Saint Mary's Street Brookline, MA, 02446",IN OPERATION,Events and Daily ONLY,2,N/A,Not Listed,,Not Listed,,Not Listed,,Not Listed,,"42°20'53.7""N 71°06'25.3""W",,,,,,,,,,,,,,,,,,,,,,,,,,,,,,,,,,,,,,,,,,,,,,,,,,,,,,,,,,,,,,,,,,,,,,,,,,,,,,,,,,,,,,,,,,,,,,,,,,,,,,,,,,,,,,,,,,,,,,,,,,,,,,,,,,,,,,,
MA,87043,"49 Walk Hill St. - Spot #1, 2 or 3 Only","49 Walk Hill, Jamaica Plain, MA 02130",IN OPERATION,Daily&Monthly,3,2,Not Listed,,Not Listed,,Not Listed,,Not Listed,,"42°17'39.2""N 71°06'53.4""W",,FIXED,Roost Living LLC,,,,,,,,,,,,,,,,,,,,,,,,,,,,,,,,,,,,,,,,,,,,,,,,,,,,,,,,,,,,,,,,,,,,,,,,,,,,,,,,,,,,,,,,,,,,,,,,,,,,,,,,,,,,,,,,,,,,,,,,,,,,,,,,,,,,
MA,111558,490 Columbia St. - Lot,"490 Columbia St, Somerville, MA 02143, USA",IN OPERATION,Daily&Monthly,22,19,Listed,3,Not Listed,,Listed,1,Not Listed,,"42.375083,-71.093859",,FIXED,Rotor Realty Corporation,,,,,,,,,,,,,,,,,,,,,,,,,,,,,,,,,,,,,,,,,,,,,,,,,,,,,,,,,,,,,,,,,,,,,,,,,,,,,,,,,,,,,,,,,,,,,,,,,,,,,,,,,,,,,,,,,,,,,,,,,,,,,,,,,,,,
MA,107038,"490 Washington St. - Spot #1, 2, 3, or 4 Only","490 Washington Street  Boston, MA, 02135",IN OPERATION,Daily&Monthly,4,3,Not Listed,,Not Listed,,Not Listed,,Not Listed,,"42.348889,-71.161139",,70/30,June Homes - Ferran ,,,,,,,,,,,,,,,,,,,,,,,,,,,,,,,,,,,,,,,,,,,,,,,,,,,,,,,,,,,,,,,,,,,,,,,,,,,,,,,,,,,,,,,,,,,,,,,,,,,,,,,,,,,,,,,,,,,,,,,,,,,,,,,,,,,,
IL,18896,4909 N Kenmore Ave.,"4909 North Kenmore Avenue, Chicago, IL 60640",IN OPERATION,Daily Monthly & Event,31,25,Listed,0,Listed,2,Not Listed,,Not Listed,,"41.971833,-87.655694",,FIXED,Ira Fishman,Plain(Flat) Access,,,,,,,,,,,,,,,,,,,,,,,,,,,,,,,,,,,,,,,,,,,,,,,,,,,,,,,,,,,,,,,,,,,,,,,,,,,,,,,,,,,,,,,,,,,,,,,,,,,,,,,,,,,,,,,,,,,,,,,,,,,,,,,,,,,
MA,104826,494 Washington St. - Left Garage Spot (ARCHIVED),"494 Washington St, Brighton, MA 02135",PERMANENTLY CLOSED,PERMANENTLY CLOSED,1,0,Not Listed,,Not Listed,,Not Listed,,Not Listed,,"42.348611,-71.161639",,FIXED,Haki Cebi c/o EDGE Management,Plain(Flat) Access,,,,,,,,,,,,,,,,,,,,,,,,,,,,,,,,,,,,,,,,,,,,,,,,,,,,,,,,,,,,,,,,,,,,,,,,,,,,,,,,,,,,,,,,,,,,,,,,,,,,,,,,,,,,,,,,,,,,,,,,,,,,,,,,,,,
CA ,117795,495 Wickson Ave. - Driveway Spot,"495 Wickson Avenue, Oakland, CA 94610",IN OPERATION,Daily Only,1,N/A,Not Listed,,Not Listed,,Not Listed,,Not Listed,,"37.811772,-122.246005",,FIXED,Curtis Fong,,,,,,,,,,,,,,,,,,,,,,,,,,,,,,,,,,,,,,,,,,,,,,,,,,,,,,,,,,,,,,,,,,,,,,,,,,,,,,,,,,,,,,,,,,,,,,,,,,,,,,,,,,,,,,,,,,,,,,,,,,,,,,,,,,,,
MA,128454,"5 Chauncy St - Spots #3, #4, #5 or #6 Only  (ARCHIVED)","5 Chauncy Street Cambridge, MA, 02138",PERMANENTLY CLOSED,PERMANENTLY CLOSED,0,0,Not Listed,,Not Listed,,Not Listed,,Not Listed,,"42°22'47.8""N 71°07'15.0""W",,,"Lexwin Reality LLC - Carlos Xu, Property Manager",,,,,,,,,,,,,,,,,,,,,,,,,,,,,,,,,,,,,,,,,,,,,,,,,,,,,,,,,,,,,,,,,,,,,,,,,,,,,,,,,,,,,,,,,,,,,,,,,,,,,,,,,,,,,,,,,,,,,,,,,,,,,,,,,,,,
MA,26221,"5 Grove St. - Spots #1 or #2 Only
","5 Grove Street, Boston, MA 02114",IN OPERATION,Events and Daily ONLY,2,N/A,Not Listed,,Not Listed,,Not Listed,,Not Listed,,"42.360889,-71.068778",,FIXED,Parking Boston Inc. -,Steep Access(inclined),,,,,,,,,,,,,,,,,,,,,,,,,,,,,,,,,,,,,,,,,,,,,,,,,,,,,,,,,,,,,,,,,,,,,,,,,,,,,,,,,,,,,,,,,,,,,,,,,,,,,,,,,,,,,,,,,,,,,,,,,,,,,,,,,,,
MA,136299,50 Green St. - Spot #18 Only,"50 Green Street, Brookline, MA, 02446",IN OPERATION,Events and Daily ONLY,1,N/A,Not Listed,,Not Listed,,Not Listed,,Not Listed,,"42°20'38.1""N 71°07'15.7""W",,,,,,,,,,,,,,,,,,,,,,,,,,,,,,,,,,,,,,,,,,,,,,,,,,,,,,,,,,,,,,,,,,,,,,,,,,,,,,,,,,,,,,,,,,,,,,,,,,,,,,,,,,,,,,,,,,,,,,,,,,,,,,,,,,,,,,,
MA,27177,"50 Evergreen St. - Spots #9, 10, or 11","50 Evergreen Street, Boston, MA 02130",IN OPERATION,Daily&Monthly,3,2,Not Listed,,Not Listed,,Not Listed,,Not Listed,,"42.324194,-71.111806",,FIXED,Heath Properties,Plain(Flat) Access,,,,,,,,,,,,,,,,,,,,,,,,,,,,,,,,,,,,,,,,,,,,,,,,,,,,,,,,,,,,,,,,,,,,,,,,,,,,,,,,,,,,,,,,,,,,,,,,,,,,,,,,,,,,,,,,,,,,,,,,,,,,,,,,,,,
MA,110008,50 St. Stephen St. - Right Covered Spot Only,"50 St Stephen St, Boston, MA 02115",IN OPERATION,Events and Daily ONLY,1,N/A,Not Listed,,Not Listed,,Not Listed,,Not Listed,,"42.342083,-71.086694",,FIXED,Leora Ashouri,Plain(Flat) Access,,,,,,,,,,,,,,,,,,,,,,,,,,,,,,,,,,,,,,,,,,,,,,,,,,,,,,,,,,,,,,,,,,,,,,,,,,,,,,,,,,,,,,,,,,,,,,,,,,,,,,,,,,,,,,,,,,,,,,,,,,,,,,,,,,,
MA,133408,50-52 Linden Pl. - Spot #1 Only,"50-52 Linden Pl, Brookline, MA 02445, USA",PERMANENTLY CLOSED,Events and Daily ONLY,1,0,Not Listed,,Not Listed,,Not Listed,,Not Listed,,"42°20'05.7""N 71°06'58.6""W",,,The 50-52 Linden Place Realty Trust - Kelly Geduldig / Husband - Matt Geduldig,Plain(Flat) Access,,,,,,,,,,,,,,,,,,,,,,,,,,,,,,,,,,,,,,,,,,,,,,,,,,,,,,,,,,,,,,,,,,,,,,,,,,,,,,,,,,,,,,,,,,,,,,,,,,,,,,,,,,,,,,,,,,,,,,,,,,,,,,,,,,,
IL,,505 W Melrose St. - Spot #17 or #22 Only (ARCHIVED),"505 West Melrose Street, Chicago, IL, 60657",PERMANENTLY CLOSED,PERMANENTLY CLOSED,0,0,Not Listed,,Not Listed,,Not Listed,,Not Listed,,N/A,N/A,N/A,Agathe ,,,,,,,,,,,,,,,,,,,,,,,,,,,,,,,,,,,,,,,,,,,,,,,,,,,,,,,,,,,,,,,,,,,,,,,,,,,,,,,,,,,,,,,,,,,,,,,,,,,,,,,,,,,,,,,,,,,,,,,,,,,,,,,,,,,,
MA,,507 Beacon- P2 Whole Tandem Row (ARCHIVED),"505 Beacon Street, Boston, MA 02215",PERMANENTLY CLOSED,PERMANENTLY CLOSED,0,0,Not Listed,,Not Listed,,Not Listed,,Not Listed,,N/A,N/A,N/A,Parking Boston Inc. - Jasmine Taylor,,,,,,,,,,,,,,,,,,,,,,,,,,,,,,,,,,,,,,,,,,,,,,,,,,,,,,,,,,,,,,,,,,,,,,,,,,,,,,,,,,,,,,,,,,,,,,,,,,,,,,,,,,,,,,,,,,,,,,,,,,,,,,,,,,,,
MA,30712,509 Beacon St. - Left and Right Whole Tandem Row,"509 Beacon Street, Boston, MA 02215",IN OPERATION,Events and Daily ONLY,2,N/A,Not Listed,,Not Listed,,Not Listed,,Not Listed,,"42.349778,-71.091",,FIXED,Katie/ Fritzgerald Properties,Plain(Flat) Access,,,,,,,,,,,,,,,,,,,,,,,,,,,,,,,,,,,,,,,,,,,,,,,,,,,,,,,,,,,,,,,,,,,,,,,,,,,,,,,,,,,,,,,,,,,,,,,,,,,,,,,,,,,,,,,,,,,,,,,,,,,,,,,,,,,
WASHINGTON DC,82518,51 G St. SW - Spot #14 Only,"51 G Street Southwest, Washington, DC, 20024",IN OPERATION,Events and Daily ONLY,1,N/A,Not Listed,,Not Listed,,Not Listed,,Not Listed,,"38.881605,-77.01150299999999",,70/30,Chade Lowe,,,,,,,,,,,,,,,,,,,,,,,,,,,,,,,,,,,,,,,,,,,,,,,,,,,,,,,,,,,,,,,,,,,,,,,,,,,,,,,,,,,,,,,,,,,,,,,,,,,,,,,,,,,,,,,,,,,,,,,,,,,,,,,,,,,,
MA,,51 Scottfield Road - Spot #5 (ARCHIVED),"51 Scottfield Road, Boston, MA 02134",PERMANENTLY CLOSED,PERMANENTLY CLOSED,0,0,Not Listed,,Not Listed,,Not Listed,,Not Listed,,N/A,N/A,N/A,Parking Boston Inc. - Jasmine Taylor,,,,,,,,,,,,,,,,,,,,,,,,,,,,,,,,,,,,,,,,,,,,,,,,,,,,,,,,,,,,,,,,,,,,,,,,,,,,,,,,,,,,,,,,,,,,,,,,,,,,,,,,,,,,,,,,,,,,,,,,,,,,,,,,,,,,
ON ,72652,510 Ontario St. - Spot #2,"510 Ontario Street, Toronto, ON, M4X 1M8",IN OPERATION,Events and Daily ONLY,1,N/A,Not Listed,,Not Listed,,Not Listed,,Not Listed,,"43.66497,-79.3719152",,FIXED,Susan QH Tan,,,,,,,,,,,,,,,,,,,,,,,,,,,,,,,,,,,,,,,,,,,,,,,,,,,,,,,,,,,,,,,,,,,,,,,,,,,,,,,,,,,,,,,,,,,,,,,,,,,,,,,,,,,,,,,,,,,,,,,,,,,,,,,,,,,,
WASHINGTON DC,129543,510 H St. SW - Spot #3 or #4 Only,"510 H Street Southwest, Washington, DC, 20024",IN OPERATION,Events and Daily ONLY,2,N/A,Not Listed,,Not Listed,,Not Listed,,Not Listed,,"38°52'48.8""N 77°01'10.9""W",,,Addisu Hodes,,,,,,,,,,,,,,,,,,,,,,,,,,,,,,,,,,,,,,,,,,,,,,,,,,,,,,,,,,,,,,,,,,,,,,,,,,,,,,,,,,,,,,,,,,,,,,,,,,,,,,,,,,,,,,,,,,,,,,,,,,,,,,,,,,,,
NV,120636,5115 Dean Martin Dr. - Lot,"5115 Dean Martin Drive, Las Vegas, NV 89118",IN OPERATION,Event Only,20,0,Not Listed,,Not Listed,,Not Listed,,Not Listed,,"36.096833,-115.182722",,70/30,Steve Levesque,,,,,,,,,,,,,,,,,,,,,,,,,,,,,,,,,,,,,,,,,,,,,,,,,,,,,,,,,,,,,,,,,,,,,,,,,,,,,,,,,,,,,,,,,,,,,,,,,,,,,,,,,,,,,,,,,,,,,,,,,,,,,,,,,,,,
NV,,5115 Dean Martin Dr. - Lot (Scan2Pay) (ARCHIVED),"5115 Dean Martin Drive, Las Vegas, NV 89118",PERMANENTLY CLOSED,PERMANENTLY CLOSED,0,0,Not Listed,,Not Listed,,Not Listed,,Not Listed,,"36°05'48.6""N 115°10'57.8""W",,,Steve Levesque,,,,,,,,,,,,,,,,,,,,,,,,,,,,,,,,,,,,,,,,,,,,,,,,,,,,,,,,,,,,,,,,,,,,,,,,,,,,,,,,,,,,,,,,,,,,,,,,,,,,,,,,,,,,,,,,,,,,,,,,,,,,,,,,,,,,
MA,87269,51-53 Riverdale St. - Lot,"51-53 Riverdale St, Boston, MA 02134",IN OPERATION,Daily&Monthly,5,4,Not Listed,,Not Listed,,Not Listed,,Not Listed,,"42°21'43.3""N 71°07'59.3""W",,FIXED,Parking Boston Inc. - Jasmine Taylor,Steep Access(inclined),,,,,,,,,,,,,,,,,,,,,,,,,,,,,,,,,,,,,,,,,,,,,,,,,,,,,,,,,,,,,,,,,,,,,,,,,,,,,,,,,,,,,,,,,,,,,,,,,,,,,,,,,,,,,,,,,,,,,,,,,,,,,,,,,,,
MA,,52 Greycliff Rd. - Lot (ARCHIVED),"52 Greycliff Rd, Brighton, MA 02135",PERMANENTLY CLOSED,PERMANENTLY CLOSED,0,0,Not Listed,,Not Listed,,Not Listed,,Not Listed,,N/A,N/A,N/A,Andrew Cohen,,,,,,,,,,,,,,,,,,,,,,,,,,,,,,,,,,,,,,,,,,,,,,,,,,,,,,,,,,,,,,,,,,,,,,,,,,,,,,,,,,,,,,,,,,,,,,,,,,,,,,,,,,,,,,,,,,,,,,,,,,,,,,,,,,,,
MA,88228,52 Hopedale St. - Left and Right Spot,"52 Hopedale St. Allston, MA 02134
",IN OPERATION,Events and Daily ONLY,2,N/A,Not Listed,,Not Listed,,Not Listed,,Not Listed,,"42.360722,-71.125444",,FIXED,Jim Wang,Plain(Flat) Access,,,,,,,,,,,,,,,,,,,,,,,,,,,,,,,,,,,,,,,,,,,,,,,,,,,,,,,,,,,,,,,,,,,,,,,,,,,,,,,,,,,,,,,,,,,,,,,,,,,,,,,,,,,,,,,,,,,,,,,,,,,,,,,,,,,
MA,,520 Beacon St. - Spot Letter 'i' Only (ARCHIVED),"520 Beacon St, Boston, MA 02215",PERMANENTLY CLOSED,PERMANENTLY CLOSED,0,0,Not Listed,,Not Listed,,Not Listed,,Not Listed,,N/A,N/A,N/A,,,,,,,,,,,,,,,,,,,,,,,,,,,,,,,,,,,,,,,,,,,,,,,,,,,,,,,,,,,,,,,,,,,,,,,,,,,,,,,,,,,,,,,,,,,,,,,,,,,,,,,,,,,,,,,,,,,,,,,,,,,,,,,,,,,,,
MA,108824,521 Green St. - Left Whole Tandem Row,"521 Green St, Cambridge, MA 02139, USA",IN OPERATION,Daily Only,1,N/A,Not Listed,,Not Listed,,Not Listed,,Not Listed,,"42.367694,-71.109083",,FIXED,Parking Boston Inc- Jasmine,Plain(Flat) Access,,,,,,,,,,,,,,,,,,,,,,,,,,,,,,,,,,,,,,,,,,,,,,,,,,,,,,,,,,,,,,,,,,,,,,,,,,,,,,,,,,,,,,,,,,,,,,,,,,,,,,,,,,,,,,,,,,,,,,,,,,,,,,,,,,,
IL,97669,5211 N Glenwood Ave. - Spot #3 or #4 Only,"5211 N Glenwood Ave, Chicago, IL 60640",IN OPERATION,Daily Monthly & Event,2,1,Not Listed,,Not Listed,,Not Listed,,Not Listed,,"41.976667,-87.66425",,FIXED,,Plain(Flat) Access,,,,,,,,,,,,,,,,,,,,,,,,,,,,,,,,,,,,,,,,,,,,,,,,,,,,,,,,,,,,,,,,,,,,,,,,,,,,,,,,,,,,,,,,,,,,,,,,,,,,,,,,,,,,,,,,,,,,,,,,,,,,,,,,,,,
MA,148935,524 E 7th St. - Parallel Spot C1 Only,"524 East 7th Street Boston, MA 02127",PERMANENTLY CLOSED,Daily Only,1,N/A,Not Listed,,Not Listed,,Not Listed,,Not Listed,,"42°19'56.2""N 71°02'22.3""W",,,,,,,,,,,,,,,,,,,,,,,,,,,,,,,,,,,,,,,,,,,,,,,,,,,,,,,,,,,,,,,,,,,,,,,,,,,,,,,,,,,,,,,,,,,,,,,,,,,,,,,,,,,,,,,,,,,,,,,,,,,,,,,,,,,,,,,
WASHINGTON DC,127497,525 G St. SW - Spot 'H' Only,"525 G Street Southwest, Washington, DC 20024",IN OPERATION,Daily Only,1,1,Not Listed,,Not Listed,,Not Listed,,Not Listed,,"38.881833, -77.019778",,,Jesse H Turner,,,,,,,,,,,,,,,,,,,,,,,,,,,,,,,,,,,,,,,,,,,,,,,,,,,,,,,,,,,,,,,,,,,,,,,,,,,,,,,,,,,,,,,,,,,,,,,,,,,,,,,,,,,,,,,,,,,,,,,,,,,,,,,,,,,,
WASHINGTON DC,92749,"525 7th St. NE - P1, P2, P3 or P4","525 7th Street Northeast, Washington, DC, 20002",IN OPERATION,Daily&Monthly,4,3,Not Listed,,Not Listed,,Not Listed,,Not Listed,,"38.896861,-76.995611",,FIXED,,,,,,,,,,,,,,,,,,,,,,,,,,,,,,,,,,,,,,,,,,,,,,,,,,,,,,,,,,,,,,,,,,,,,,,,,,,,,,,,,,,,,,,,,,,,,,,,,,,,,,,,,,,,,,,,,,,,,,,,,,,,,,,,,,,,,
CA,136300,527 E Manchester Blvd. - Lot,"527 East Manchester Boulevard, Inglewood, CA, 90301",IN OPERATION,Daily Monthly & Event,17,16,Listed,2,Not Listed,,Listed,17,Not Listed,,"33°57'39.3""N 118°20'50.5""W","PERMANENT PASSCODE: 529527

10-11 minutes away by walk to KIA FORUM",,,,,,,,,,,,,,,,,,,,,,,,,,,,,,,,,,,,,,,,,,,,,,,,,,,,,,,,,,,,,,,,,,,,,,,,,,,,,,,,,,,,,,,,,,,,,,,,,,,,,,,,,,,,,,,,,,,,,,,,,,,,,,,,,,,,,,
MD,148013,528 S Paca St. - Left or Right Spot Only,"528 South Paca Street, Baltimore, MD 21230",IN OPERATION,Event Only,0,N/A,Not Listed,,Not Listed,,Not Listed,,Not Listed,,"39°17'02.3""N 76°37'25.9""W",,,,,,,,,,,,,,,,,,,,,,,,,,,,,,,,,,,,,,,,,,,,,,,,,,,,,,,,,,,,,,,,,,,,,,,,,,,,,,,,,,,,,,,,,,,,,,,,,,,,,,,,,,,,,,,,,,,,,,,,,,,,,,,,,,,,,,,
MA,108526,53 Putnam Ave. - Spot A or C Only,"53 Putnam Ave, Cambridge, MA, 02139",IN OPERATION,Daily Only,2,N/A,Not Listed,,Not Listed,,Not Listed,,Not Listed,,"42.368194,-71.113667",,FIXED, Pepi Realty Company - Raymond Papi ,Plain(Flat) Access,,,,,,,,,,,,,,,,,,,,,,,,,,,,,,,,,,,,,,,,,,,,,,,,,,,,,,,,,,,,,,,,,,,,,,,,,,,,,,,,,,,,,,,,,,,,,,,,,,,,,,,,,,,,,,,,,,,,,,,,,,,,,,,,,,,
MA,85424,53 Quint Ave. - Spots #1 or #2 Only ,"53 Quint Avenue Boston, MA, 02134",IN OPERATION,Daily&Monthly,2,1,Not Listed,,Not Listed,,Not Listed,,Not Listed,,"42.351222,-71.133944",,FIXED,Parking Boston Inc.-Jasmine Taylor ,Plain(Flat) Access,,,,,,,,,,,,,,,,,,,,,,,,,,,,,,,,,,,,,,,,,,,,,,,,,,,,,,,,,,,,,,,,,,,,,,,,,,,,,,,,,,,,,,,,,,,,,,,,,,,,,,,,,,,,,,,,,,,,,,,,,,,,,,,,,,,
MA,107042,53 Saunders St. - Driveway Spot,"53 Saunders Street, Boston, MA, 02134",IN OPERATION,Daily Only,1,N/A,Not Listed,,Not Listed,,Not Listed,,Not Listed,,"42.354083,-71.141722",,FIXED,June Homes - Ferran ,Plain(Flat) Access,,,,,,,,,,,,,,,,,,,,,,,,,,,,,,,,,,,,,,,,,,,,,,,,,,,,,,,,,,,,,,,,,,,,,,,,,,,,,,,,,,,,,,,,,,,,,,,,,,,,,,,,,,,,,,,,,,,,,,,,,,,,,,,,,,,
MA,110701,53 Sycamore St. - Driveway Spot,"53 Sycamore St, Somerville, MA 02145, USA",IN OPERATION,Daily Only,1,N/A,Not Listed,,Not Listed,,Not Listed,,Not Listed,,"42.389861,-71.100389",,70/30,JuneHomes US inc. - Ferran ,Plain(Flat) Access,,,,,,,,,,,,,,,,,,,,,,,,,,,,,,,,,,,,,,,,,,,,,,,,,,,,,,,,,,,,,,,,,,,,,,,,,,,,,,,,,,,,,,,,,,,,,,,,,,,,,,,,,,,,,,,,,,,,,,,,,,,,,,,,,,,
IL,,530 W Barry Ave. - Spot #16 Only (ARCHIVED),"530 W Barry Ave, Chicago, IL 60657, USA",PERMANENTLY CLOSED,PERMANENTLY CLOSED,0,0,Not Listed,,Not Listed,,Not Listed,,Not Listed,,"41.937778,-87.643194",,FIXED,Brent Taghap,,,,,,,,,,,,,,,,,,,,,,,,,,,,,,,,,,,,,,,,,,,,,,,,,,,,,,,,,,,,,,,,,,,,,,,,,,,,,,,,,,,,,,,,,,,,,,,,,,,,,,,,,,,,,,,,,,,,,,,,,,,,,,,,,,,,
WASHINGTON DC,88926,531 G St. SW - Spot M Only,"531 G St SW, Washington, DC 20024, USA",IN OPERATION,Events and Daily ONLY,1,N/A,Not Listed,,Not Listed,,Not Listed,,Not Listed,,"38.88181,-77.02012",,FIXED,Jesse Turner,,,,,,,,,,,,,,,,,,,,,,,,,,,,,,,,,,,,,,,,,,,,,,,,,,,,,,,,,,,,,,,,,,,,,,,,,,,,,,,,,,,,,,,,,,,,,,,,,,,,,,,,,,,,,,,,,,,,,,,,,,,,,,,,,,,,
WASHINGTON DC,,5335 42nd Pl. NW - Alley Spot (ARCHIVED),"5335 42nd Pl NW, Washington, DC 20015, USA",PERMANENTLY CLOSED,PERMANENTLY CLOSED,0,0,Not Listed,,Not Listed,,Not Listed,,Not Listed,,N/A,N/A,N/A,NIna,,,,,,,,,,,,,,,,,,,,,,,,,,,,,,,,,,,,,,,,,,,,,,,,,,,,,,,,,,,,,,,,,,,,,,,,,,,,,,,,,,,,,,,,,,,,,,,,,,,,,,,,,,,,,,,,,,,,,,,,,,,,,,,,,,,,
MA,38331,"535 Newbury St. - Spot #1 , 2 or 3 only","535 Newbury Street, Boston, MA 02215",IN OPERATION,Events and Daily ONLY,3,N/A,Not Listed,,Not Listed,,Not Listed,,Not Listed,,"42.348323, -71.094099",,FIXED,Parking Boston Inc. - Jasmine Taylor,Plain(Flat) Access,,,,,,,,,,,,,,,,,,,,,,,,,,,,,,,,,,,,,,,,,,,,,,,,,,,,,,,,,,,,,,,,,,,,,,,,,,,,,,,,,,,,,,,,,,,,,,,,,,,,,,,,,,,,,,,,,,,,,,,,,,,,,,,,,,,
MA,129776,54-76 Egmont St. (61 Thatcher St.) - Garage Spot #12 Only,"54-76 Egmont Street, Brookline, MA 02446",IN OPERATION,Events and Daily ONLY,1,N/A,Not Listed,,Not Listed,,Not Listed,,Not Listed,,"42°20'55.2""N 71°07'00.5""W",,,Anna Levitan,Plain(Flat) Access,,,,,,,,,,,,,,,,,,,,,,,,,,,,,,,,,,,,,,,,,,,,,,,,,,,,,,,,,,,,,,,,,,,,,,,,,,,,,,,,,,,,,,,,,,,,,,,,,,,,,,,,,,,,,,,,,,,,,,,,,,,,,,,,,,,
IL,18074,546 W Deming Pl. - Spot #14,"546 West Deming Place, Chicago, IL 60614",IN OPERATION,Daily Only,1,N/A,Not Listed,,Not Listed,,Not Listed,,Not Listed,,"41.928611,-87.644222",,FIXED,Old Spot Maintenaance Guy,Plain(Flat) Access,,,,,,,,,,,,,,,,,,,,,,,,,,,,,,,,,,,,,,,,,,,,,,,,,,,,,,,,,,,,,,,,,,,,,,,,,,,,,,,,,,,,,,,,,,,,,,,,,,,,,,,,,,,,,,,,,,,,,,,,,,,,,,,,,,,
IL,28300,546 W Deming Pl. - Spots #15 or 16 Only,"546 West Deming Place, Chicago, IL 60614",IN OPERATION,Daily Only,2,N/A,Not Listed,,Not Listed,,Not Listed,,Not Listed,,"41.928611,-87.644222",,FIXED,Old Spot Maintenaance Guy,Plain(Flat) Access,,,,,,,,,,,,,,,,,,,,,,,,,,,,,,,,,,,,,,,,,,,,,,,,,,,,,,,,,,,,,,,,,,,,,,,,,,,,,,,,,,,,,,,,,,,,,,,,,,,,,,,,,,,,,,,,,,,,,,,,,,,,,,,,,,,
MA,24442,55 Etna St. - Right spot only,"55 Etna Street, Boston, MA 02135",IN OPERATION,Daily Only,1,N/A,Not Listed,,Not Listed,,Not Listed,,Not Listed,,"42.353611,-71.147889",,70/30,Stella Chan,Plain(Flat) Access,,,,,,,,,,,,,,,,,,,,,,,,,,,,,,,,,,,,,,,,,,,,,,,,,,,,,,,,,,,,,,,,,,,,,,,,,,,,,,,,,,,,,,,,,,,,,,,,,,,,,,,,,,,,,,,,,,,,,,,,,,,,,,,,,,,
MA,88201,55 Magazine St. - Garage Spot #5 or #6 Only,"55 Magazine Street, Cambridge, MA, 02139",IN OPERATION,Daily&Monthly,2,1,Not Listed,,Not Listed,,Not Listed,,Not Listed,,"42.362583,-71.108083",,70/30,Rina Peselman,Plain(Flat) Access,,,,,,,,,,,,,,,,,,,,,,,,,,,,,,,,,,,,,,,,,,,,,,,,,,,,,,,,,,,,,,,,,,,,,,,,,,,,,,,,,,,,,,,,,,,,,,,,,,,,,,,,,,,,,,,,,,,,,,,,,,,,,,,,,,,
MA,88200,55 Magazine St. - Left Garage,"55 Magazine Street, Cambridge, MA, 02139",IN OPERATION,Daily Only,1,N/A,Not Listed,,Not Listed,,Not Listed,,Not Listed,,"42.363028,-71.107694",,FIXED,Rina Peselman,Plain(Flat) Access,,,,,,,,,,,,,,,,,,,,,,,,,,,,,,,,,,,,,,,,,,,,,,,,,,,,,,,,,,,,,,,,,,,,,,,,,,,,,,,,,,,,,,,,,,,,,,,,,,,,,,,,,,,,,,,,,,,,,,,,,,,,,,,,,,,
MA,24339,55 Magazine St. - Spot #10 or #11 Only,"55 Magazine Street, Cambridge, MA 02139",IN OPERATION,Daily&Monthly,2,1,Not Listed,,Not Listed,,Not Listed,,Not Listed,,"42.362583,-71.108083",,FIXED,(Old Spot)- Michael Gorenstein,Plain(Flat) Access,,,,,,,,,,,,,,,,,,,,,,,,,,,,,,,,,,,,,,,,,,,,,,,,,,,,,,,,,,,,,,,,,,,,,,,,,,,,,,,,,,,,,,,,,,,,,,,,,,,,,,,,,,,,,,,,,,,,,,,,,,,,,,,,,,,
MA,24340,55 Magazine St. - Spot #2 Only,"55 Magazine Street, Cambridge, MA 02139",IN OPERATION,Daily Only,1,N/A,Not Listed,,Not Listed,,Not Listed,,Not Listed,,"42.362583,-71.108083",,FIXED,Old Spot - Michael Gorenstein,Plain(Flat) Access,,,,,,,,,,,,,,,,,,,,,,,,,,,,,,,,,,,,,,,,,,,,,,,,,,,,,,,,,,,,,,,,,,,,,,,,,,,,,,,,,,,,,,,,,,,,,,,,,,,,,,,,,,,,,,,,,,,,,,,,,,,,,,,,,,,
MA,82717,55 Magazine St. - Spot #9 Only,"55 Magazine Street Cambridge, MA, 02139",IN OPERATION,Daily Only,1,N/A,Not Listed,,Not Listed,,Not Listed,,Not Listed,,"42.362528,-71.107417",,FIXED,Shaonan Snail,Plain(Flat) Access,,,,,,,,,,,,,,,,,,,,,,,,,,,,,,,,,,,,,,,,,,,,,,,,,,,,,,,,,,,,,,,,,,,,,,,,,,,,,,,,,,,,,,,,,,,,,,,,,,,,,,,,,,,,,,,,,,,,,,,,,,,,,,,,,,,
MA,,55 Saint Stephen St. - Right Side Only (ARCHIVED),"55 Saint Stephen Street Boston, MA, 02115",PERMANENTLY CLOSED,PERMANENTLY CLOSED,0,0,Not Listed,,Not Listed,,Not Listed,,Not Listed,,N/A,N/A,N/A,,,,,,,,,,,,,,,,,,,,,,,,,,,,,,,,,,,,,,,,,,,,,,,,,,,,,,,,,,,,,,,,,,,,,,,,,,,,,,,,,,,,,,,,,,,,,,,,,,,,,,,,,,,,,,,,,,,,,,,,,,,,,,,,,,,,,
IL,132810,5536 N Glenwood Ave. - Right Spot Only,"5536 North Glenwood Avenue, Chicago, IL 60640",PERMANENTLY CLOSED,MONTHLY ONLY,0,0,Not Listed,,Not Listed,,Not Listed,,Not Listed,,"41°58'57.6""N 87°39'56.4""W",,FIXED,Alexandre Lang,Plain(Flat) Access,,,,,,,,,,,,,,,,,,,,,,,,,,,,,,,,,,,,,,,,,,,,,,,,,,,,,,,,,,,,,,,,,,,,,,,,,,,,,,,,,,,,,,,,,,,,,,,,,,,,,,,,,,,,,,,,,,,,,,,,,,,,,,,,,,,
MA,49125,56 Queensberry - Personal Spots #1-4,"56 Queensberry Street, Boston, MA 02215",IN OPERATION,Daily Monthly & Event,4,1,Not Listed,,Not Listed,,Not Listed,,Not Listed,,"42°20'32.6""N 71°05'50.5""W",,FIXED,ALPHA MANAGEMENT,Plain(Flat) Access,,,,,,,,,,,,,,,,,,,,,,,,,,,,,,,,,,,,,,,,,,,,,,,,,,,,,,,,,,,,,,,,,,,,,,,,,,,,,,,,,,,,,,,,,,,,,,,,,,,,,,,,,,,,,,,,,,,,,,,,,,,,,,,,,,,
MA,26225,56 St Stephen St- Compact Only Spots,"56 Saint Stephen Street, Boston, MA 02115",IN OPERATION,Events and Daily ONLY,2,N/A,Not Listed,,Not Listed,,Not Listed,,Not Listed,,"42°20'31.0""""N 71°05'13.0""""W",,FIXED,Alp Kantar; Puspa Jelita,Steep Access(inclined),,,,,,,,,,,,,,,,,,,,,,,,,,,,,,,,,,,,,,,,,,,,,,,,,,,,,,,,,,,,,,,,,,,,,,,,,,,,,,,,,,,,,,,,,,,,,,,,,,,,,,,,,,,,,,,,,,,,,,,,,,,,,,,,,,,
MA,,56-58 Gainsborough St. - Alley Spots (ARCHIVED),"58 Gainsborough Street, Boston, MA, 02115",PERMANENTLY CLOSED,PERMANENTLY CLOSED,0,0,Not Listed,,Not Listed,,Not Listed,,Not Listed,,N/A,N/A,N/A,Alp Kantar; Puspa Jelita,,,,,,,,,,,,,,,,,,,,,,,,,,,,,,,,,,,,,,,,,,,,,,,,,,,,,,,,,,,,,,,,,,,,,,,,,,,,,,,,,,,,,,,,,,,,,,,,,,,,,,,,,,,,,,,,,,,,,,,,,,,,,,,,,,,,
MA,93050,"57 Quint Ave. - Spot #1, 2 or 3","57 Quint Ave, Allston, MA 02134",IN OPERATION,Daily Only,3,N/A,Not Listed,,Not Listed,,Not Listed,,Not Listed,,"42.351054, -71.134180",,FIXED,Benny Huang,Plain(Flat) Access,,,,,,,,,,,,,,,,,,,,,,,,,,,,,,,,,,,,,,,,,,,,,,,,,,,,,,,,,,,,,,,,,,,,,,,,,,,,,,,,,,,,,,,,,,,,,,,,,,,,,,,,,,,,,,,,,,,,,,,,,,,,,,,,,,,
MA,129577,"57 Burrell St. - Parallel Spot #1, #2 or #3 Only","57 Burrell Street, Boston, MA, 02119",PERMANENTLY CLOSED,PERMANENTLY CLOSED,0,0,Not Listed,,Not Listed,,Not Listed,,Not Listed,,"42°19'23.3""N 71°04'11.9""W",,,Alp Kantar; Puspa Jelita,Plain(Flat) Access,,,,,,,,,,,,,,,,,,,,,,,,,,,,,,,,,,,,,,,,,,,,,,,,,,,,,,,,,,,,,,,,,,,,,,,,,,,,,,,,,,,,,,,,,,,,,,,,,,,,,,,,,,,,,,,,,,,,,,,,,,,,,,,,,,,
CA,,575 Prospect St. Lot - Spot #2 & 3 (ARCHIVED),"575 Prospect Street, San Carlos, CA 94070",PERMANENTLY CLOSED,PERMANENTLY CLOSED,0,0,Not Listed,,Not Listed,,Not Listed,,Not Listed,,N/A,N/A,N/A,,,,,,,,,,,,,,,,,,,,,,,,,,,,,,,,,,,,,,,,,,,,,,,,,,,,,,,,,,,,,,,,,,,,,,,,,,,,,,,,,,,,,,,,,,,,,,,,,,,,,,,,,,,,,,,,,,,,,,,,,,,,,,,,,,,,,
MA,136870,"58 Queensberry St. - Spots #6, 7, 8, 9, 10, 11, 12 or #13 Only","58 Queensberry Street, Boston, MA 02215",IN OPERATION,Daily Monthly & Event,6,5,Not Listed,,Not Listed,,Not Listed,,Not Listed,,"42°20'32.2""N 71°05'50.7""W
",,,,,,,,,,,,,,,,,,,,,,,,,,,,,,,,,,,,,,,,,,,,,,,,,,,,,,,,,,,,,,,,,,,,,,,,,,,,,,,,,,,,,,,,,,,,,,,,,,,,,,,,,,,,,,,,,,,,,,,,,,,,,,,,,,,,,,,
IL,21898,5827 N Magnolia Ave. - Spot #1 or 2 Only,"5827 North Magnolia Avenue, Chicago, IL 60660",IN OPERATION,Daily Only,2,N/A,Not Listed,,Not Listed,,Not Listed,,Not Listed,,"41.987806,-87.660944",,FIXED,Tom Moran- Julie Moran ,Plain(Flat) Access,,,,,,,,,,,,,,,,,,,,,,,,,,,,,,,,,,,,,,,,,,,,,,,,,,,,,,,,,,,,,,,,,,,,,,,,,,,,,,,,,,,,,,,,,,,,,,,,,,,,,,,,,,,,,,,,,,,,,,,,,,,,,,,,,,,
MA,86352,588 Columbus Ave.- Left Spot Only,"588 Columbus Ave, Boston, MA 02118, USA",IN OPERATION,Events and Daily ONLY,1,N/A,Not Listed,,Not Listed,,Not Listed,,Not Listed,,"42°20'21.1""N 71°04'53.3""W",,FIXED,Parking Boston Inc. - Jasmine Taylor,Plain(Flat) Access,,,,,,,,,,,,,,,,,,,,,,,,,,,,,,,,,,,,,,,,,,,,,,,,,,,,,,,,,,,,,,,,,,,,,,,,,,,,,,,,,,,,,,,,,,,,,,,,,,,,,,,,,,,,,,,,,,,,,,,,,,,,,,,,,,,
MA,,59 Glenwood Rd. - Left Spot Only,"59 Glenwood Rd, Somerville, MA 02145, USA",PERMANENTLY CLOSED,PERMANENTLY CLOSED,0,0,Not Listed,,Not Listed,,Not Listed,,Not Listed,,"42.394222,-71.102528",,70/30,June Homes - Ferran ,,,,,,,,,,,,,,,,,,,,,,,,,,,,,,,,,,,,,,,,,,,,,,,,,,,,,,,,,,,,,,,,,,,,,,,,,,,,,,,,,,,,,,,,,,,,,,,,,,,,,,,,,,,,,,,,,,,,,,,,,,,,,,,,,,,,
MA,24537,59 Hillside St. - Driveway,"59 Hillside Street, Boston, MA 02120",IN OPERATION,Daily Only,1,N/A,Not Listed,,Not Listed,,Not Listed,,Not Listed,,N/A,N/A,N/A,Alp Kantar; Puspa Jelita,Plain(Flat) Access,,,,,,,,,,,,,,,,,,,,,,,,,,,,,,,,,,,,,,,,,,,,,,,,,,,,,,,,,,,,,,,,,,,,,,,,,,,,,,,,,,,,,,,,,,,,,,,,,,,,,,,,,,,,,,,,,,,,,,,,,,,,,,,,,,,
MA,132935,599 E 3rd St. - Spot #1 or #2 Only,"599 East 3rd Street, Boston, MA, 02127",IN OPERATION,Daily Only,2,N/A,Not Listed,,Not Listed,,Not Listed,,Not Listed,,"42°20'10.6""N 71°02'09.0""W",,,Theodore Goldberg,Plain(Flat) Access,,,,,,,,,,,,,,,,,,,,,,,,,,,,,,,,,,,,,,,,,,,,,,,,,,,,,,,,,,,,,,,,,,,,,,,,,,,,,,,,,,,,,,,,,,,,,,,,,,,,,,,,,,,,,,,,,,,,,,,,,,,,,,,,,,,
IL,,5912 S Archer Ave. - Street Parking (ARCHIVED),"5912 S Archer Ave, Chicago, IL 60638",PERMANENTLY CLOSED,PERMANENTLY CLOSED,0,0,Not Listed,,Not Listed,,Not Listed,,Not Listed,,"41.795775,-87.763399",,70/30,andrzej/ Christine Gasienica,,,,,,,,,,,,,,,,,,,,,,,,,,,,,,,,,,,,,,,,,,,,,,,,,,,,,,,,,,,,,,,,,,,,,,,,,,,,,,,,,,,,,,,,,,,,,,,,,,,,,,,,,,,,,,,,,,,,,,,,,,,,,,,,,,,,
MA,,6 Colliston Rd. - Spot #6D (ARCHIVED),"6 Colliston Road, Boston, MA 02135",PERMANENTLY CLOSED,PERMANENTLY CLOSED,0,0,Not Listed,,Not Listed,,Not Listed,,Not Listed,,N/A,N/A,N/A,Parking Boston Inc. - Jasmine Taylor,,,,,,,,,,,,,,,,,,,,,,,,,,,,,,,,,,,,,,,,,,,,,,,,,,,,,,,,,,,,,,,,,,,,,,,,,,,,,,,,,,,,,,,,,,,,,,,,,,,,,,,,,,,,,,,,,,,,,,,,,,,,,,,,,,,,
MA,,"6 Durham St- Parallel Spots # 5, 6, & 7 (ARCHIVED)","6 Durham Street Somerville, MA, 02143",PERMANENTLY CLOSED,PERMANENTLY CLOSED,0,0,Not Listed,,Not Listed,,Not Listed,,Not Listed,,N/A,N/A,N/A,,,,,,,,,,,,,,,,,,,,,,,,,,,,,,,,,,,,,,,,,,,,,,,,,,,,,,,,,,,,,,,,,,,,,,,,,,,,,,,,,,,,,,,,,,,,,,,,,,,,,,,,,,,,,,,,,,,,,,,,,,,,,,,,,,,,,
MA,92552,6 Durham St. - Right or Left Garage Spots Only,"6 Durham Street, Somerville, MA 02143",IN OPERATION,Daily Only,2,N/A,Not Listed,,Not Listed,,Not Listed,,Not Listed,,"42.379,-71.105778","RIGHT SIDE: put in the code 
"" 2345 "" , PRESS ""ENTER""
 
LEFT SIDE: No code needed: Use the top Liftmaster garage controller and press ""LIFT"" to open the garage door.",FIXED,Gilman Real Estate Group - Emmanuel Doe,Plain(Flat) Access,,,,,,,,,,,,,,,,,,,,,,,,,,,,,,,,,,,,,,,,,,,,,,,,,,,,,,,,,,,,,,,,,,,,,,,,,,,,,,,,,,,,,,,,,,,,,,,,,,,,,,,,,,,,,,,,,,,,,,,,,,,,,,,,,,,
MA,151387,6 Garfield Ave. - Lot,"6 Garfield Avenue Somerville, MA 02145",IN OPERATION,Daily&Monthly,15,14,Listed,5,Not Listed,,Listed,1,Not Listed,,"42°23'22.2""N 71°05'11.1""W",,70/30,6 Garfield Realty Trus,,,,,,,,,,,,,,,,,,,,,,,,,,,,,,,,,,,,,,,,,,,,,,,,,,,,,,,,,,,,,,,,,,,,,,,,,,,,,,,,,,,,,,,,,,,,,,,,,,,,,,,,,,,,,,,,,,,,,,,,,,,,,,,,,,,,
MA,,6 Germania St. - Personal Spots # 2 or 3 (ARCHIVED),"6 Germania Street, Boston, MA 02130",PERMANENTLY CLOSED,PERMANENTLY CLOSED,0,0,Not Listed,,Not Listed,,Not Listed,,Not Listed,,N/A,N/A,N/A,Parking Boston Inc. - Jasmine Taylor,,,,,,,,,,,,,,,,,,,,,,,,,,,,,,,,,,,,,,,,,,,,,,,,,,,,,,,,,,,,,,,,,,,,,,,,,,,,,,,,,,,,,,,,,,,,,,,,,,,,,,,,,,,,,,,,,,,,,,,,,,,,,,,,,,,,
MA,128126,6 Harleston St. - Spot #3 Only,"6 Harleston Street, Boston, MA 02120",IN OPERATION,Daily Only,1,N/A,Not Listed,,Not Listed,,Not Listed,,Not Listed,,"42°19'44.7""N 71°06'08.1""W",,,MRP Harleston LLC - Rishi Palriwala,Plain(Flat) Access,,,,,,,,,,,,,,,,,,,,,,,,,,,,,,,,,,,,,,,,,,,,,,,,,,,,,,,,,,,,,,,,,,,,,,,,,,,,,,,,,,,,,,,,,,,,,,,,,,,,,,,,,,,,,,,,,,,,,,,,,,,,,,,,,,,
MA,24446,6 Mission St. - Spot #1 or 2,"6 Mission Street, Boston, MA 02115",IN OPERATION,Daily&Monthly,2,1,Not Listed,,Not Listed,,Not Listed,,Not Listed,,"42.3325,-71.107306",,FIXED,Alp Kantar; Puspa Jelita,Plain(Flat) Access,,,,,,,,,,,,,,,,,,,,,,,,,,,,,,,,,,,,,,,,,,,,,,,,,,,,,,,,,,,,,,,,,,,,,,,,,,,,,,,,,,,,,,,,,,,,,,,,,,,,,,,,,,,,,,,,,,,,,,,,,,,,,,,,,,,
MA,53613,6 Saint Paul St. – Spot #1 or #2,"6 Saint Paul Street, Cambridge, MA 02139",IN OPERATION,Daily&Monthly,2,1,Not Listed,,Not Listed,,Not Listed,,Not Listed,,"42.367583,-71.103028",,FIXED,Robert Nunberg,Plain(Flat) Access,Landlord has different snow contractor,,,,,,,,,,,,,,,,,,,,,,,,,,,,,,,,,,,,,,,,,,,,,,,,,,,,,,,,,,,,,,,,,,,,,,,,,,,,,,,,,,,,,,,,,,,,,,,,,,,,,,,,,,,,,,,,,,,,,,,,,,,,,,,,,,
MA,,6 Whittier Pl. (7 Whittier Pl.) (ARCHIVED),"7 Whittier Pl, Boston, MA 02114, USA",PERMANENTLY CLOSED,PERMANENTLY CLOSED,0,0,Not Listed,,Not Listed,,Not Listed,,Not Listed,,N/A,N/A,N/A,John Zhang ,,,,,,,,,,,,,,,,,,,,,,,,,,,,,,,,,,,,,,,,,,,,,,,,,,,,,,,,,,,,,,,,,,,,,,,,,,,,,,,,,,,,,,,,,,,,,,,,,,,,,,,,,,,,,,,,,,,,,,,,,,,,,,,,,,,,
FL ,118422,600 12th St. - Spot #1 Only,"600 12th St, Miami Beach, FL 33139, USA",IN OPERATION,Daily Only,1,N/A,Not Listed,,Not Listed,,Not Listed,,Not Listed,,"25.782722,-80.134556",,FIXED,Lenox Manor LLC,,,,,,,,,,,,,,,,,,,,,,,,,,,,,,,,,,,,,,,,,,,,,,,,,,,,,,,,,,,,,,,,,,,,,,,,,,,,,,,,,,,,,,,,,,,,,,,,,,,,,,,,,,,,,,,,,,,,,,,,,,,,,,,,,,,,
WASHINGTON DC,123603,600 3rd St. SW - Spot #45 Only,"600 3rd Street Southwest, Washington, DC, 20024",IN OPERATION,Events and Daily ONLY,1,N/A,Not Listed,,Not Listed,,Not Listed,,Not Listed,,"38.882025,-77.014982",,FIXED,Jack & Brian White,,,,,,,,,,,,,,,,,,,,,,,,,,,,,,,,,,,,,,,,,,,,,,,,,,,,,,,,,,,,,,,,,,,,,,,,,,,,,,,,,,,,,,,,,,,,,,,,,,,,,,,,,,,,,,,,,,,,,,,,,,,,,,,,,,,,
IL,,6001 S Kilpatrick Ave. - Fenced Driveway Spot - (ARCHIVED),"6001 South Kilpatrick Avenue Chicago, IL, 60629",PERMANENTLY CLOSED,PERMANENTLY CLOSED,0,0,Not Listed,,Not Listed,,Not Listed,,Not Listed,,N/A,N/A,N/A,Jonathan Franco,,,,,,,,,,,,,,,,,,,,,,,,,,,,,,,,,,,,,,,,,,,,,,,,,,,,,,,,,,,,,,,,,,,,,,,,,,,,,,,,,,,,,,,,,,,,,,,,,,,,,,,,,,,,,,,,,,,,,,,,,,,,,,,,,,,,
WASHINGTON DC,97209,601 G St SW (609 G St. SW) - Space R Only,"601 G St SW, Washington, DC 20024",IN OPERATION,Events and Daily ONLY,1,N/A,Not Listed,,Not Listed,,Not Listed,,Not Listed,,"38.881528,-77.020111",,FIXED,Paul F Turner,,,,,,,,,,,,,,,,,,,,,,,,,,,,,,,,,,,,,,,,,,,,,,,,,,,,,,,,,,,,,,,,,,,,,,,,,,,,,,,,,,,,,,,,,,,,,,,,,,,,,,,,,,,,,,,,,,,,,,,,,,,,,,,,,,,,
WASHINGTON DC,89061,609 G St. SW - Spot #10 Only,"609 G Street Southwest Washington, DC, 20024",IN OPERATION,Events and Daily ONLY,1,N/A,Not Listed,,Not Listed,,Not Listed,,Not Listed,,"38.882083,-77.018389",,FIXED,Paul F Turner,,,,,,,,,,,,,,,,,,,,,,,,,,,,,,,,,,,,,,,,,,,,,,,,,,,,,,,,,,,,,,,,,,,,,,,,,,,,,,,,,,,,,,,,,,,,,,,,,,,,,,,,,,,,,,,,,,,,,,,,,,,,,,,,,,,,
MA,,60-05 Egmont St. - Spot #5 (ARCHIVED),"60 Egmont Street Brookline, MA, 02446",PERMANENTLY CLOSED,Events and Daily ONLY,0,0,Not Listed,,Not Listed,,Not Listed,,Not Listed,,"42°20'55.1""N 71°07'00.5""W",,FIXED,Yuankun Ni,,,,,,,,,,,,,,,,,,,,,,,,,,,,,,,,,,,,,,,,,,,,,,,,,,,,,,,,,,,,,,,,,,,,,,,,,,,,,,,,,,,,,,,,,,,,,,,,,,,,,,,,,,,,,,,,,,,,,,,,,,,,,,,,,,,,
IL,146659,"6023 N Kenmore Ave. - Spots #1, #2, #5 or #6 Only","6023 North Kenmore Avenue Chicago, IL 60660",IN OPERATION,Daily Only,4,N/A,Not Listed,,Not Listed,,Not Listed,,Not Listed,,"41°59'29.9""N 87°39'22.2""W",,,,,,,,,,,,,,,,,,,,,,,,,,,,,,,,,,,,,,,,,,,,,,,,,,,,,,,,,,,,,,,,,,,,,,,,,,,,,,,,,,,,,,,,,,,,,,,,,,,,,,,,,,,,,,,,,,,,,,,,,,,,,,,,,,,,,,,
MA,107500,61 Lithgow St. - Spot #3 Only,"61 Lithgow St, Boston, MA 02124, USA",IN OPERATION,Daily Only,1,N/A,Not Listed,,Not Listed,,Not Listed,,Not Listed,,"42.290306,-71.067833",,70/30,JuneHomes- Ferran ,Steep Access(inclined),,,,,,,,,,,,,,,,,,,,,,,,,,,,,,,,,,,,,,,,,,,,,,,,,,,,,,,,,,,,,,,,,,,,,,,,,,,,,,,,,,,,,,,,,,,,,,,,,,,,,,,,,,,,,,,,,,,,,,,,,,,,,,,,,,,
MA,24640,61 Park Dr. - Spot G,"61 Park Drive, Boston, MA 02215",IN OPERATION,Events and Daily ONLY,1,N/A,Not Listed,,Not Listed,,Not Listed,,Not Listed,,"42.343,-71.0955",,FIXED,Alexa Dealy/ Jasmine,Plain(Flat) Access,,,,,,,,,,,,,,,,,,,,,,,,,,,,,,,,,,,,,,,,,,,,,,,,,,,,,,,,,,,,,,,,,,,,,,,,,,,,,,,,,,,,,,,,,,,,,,,,,,,,,,,,,,,,,,,,,,,,,,,,,,,,,,,,,,,
MA,129775,61 Thatcher St. - Spot #9 Only,"61 Thatcher Street, Brookline, MA 02446",IN OPERATION,Events and Daily ONLY,1,N/A,Not Listed,,Not Listed,,Not Listed,,Not Listed,,"42°20'55.2""N 71°07'00.5""W",,,Arthur Levitan,Plain(Flat) Access,,,,,,,,,,,,,,,,,,,,,,,,,,,,,,,,,,,,,,,,,,,,,,,,,,,,,,,,,,,,,,,,,,,,,,,,,,,,,,,,,,,,,,,,,,,,,,,,,,,,,,,,,,,,,,,,,,,,,,,,,,,,,,,,,,,
IL,37245,610 W Surf St. -Spot #9 or #10 Only,"610 West Surf Street, Chicago, IL 60657",IN OPERATION,Events and Daily ONLY,2,N/A,Not Listed,,Not Listed,,Not Listed,,Not Listed,,"41.935306,-87.64475",,FIXED,Charlie Cao,Plain(Flat) Access,,,,,,,,,,,,,,,,,,,,,,,,,,,,,,,,,,,,,,,,,,,,,,,,,,,,,,,,,,,,,,,,,,,,,,,,,,,,,,,,,,,,,,,,,,,,,,,,,,,,,,,,,,,,,,,,,,,,,,,,,,,,,,,,,,,
ON,,6125 Nelson Ave. - Lot (ARCHIVED),"6125 Nelson Ave, Burnaby, BC V5H 3J1, Canada",PERMANENTLY CLOSED,PERMANENTLY CLOSED,0,0,Not Listed,,Not Listed,,Not Listed,,Not Listed,,N/A,N/A,N/A,The Salvation Army Harvest Community Church- Bea,,,,,,,,,,,,,,,,,,,,,,,,,,,,,,,,,,,,,,,,,,,,,,,,,,,,,,,,,,,,,,,,,,,,,,,,,,,,,,,,,,,,,,,,,,,,,,,,,,,,,,,,,,,,,,,,,,,,,,,,,,,,,,,,,,,,
IL,93253,6150 N Kenmore Ave. - Spot #1,"6150 N Kenmore Ave, Chicago, IL, 60660",IN OPERATION,Daily Only,1,N/A,Not Listed,,Not Listed,,Not Listed,,Not Listed,,"41.993694,-87.657583",,FIXED,Arij Mikati,Plain(Flat) Access,,,,,,,,,,,,,,,,,,,,,,,,,,,,,,,,,,,,,,,,,,,,,,,,,,,,,,,,,,,,,,,,,,,,,,,,,,,,,,,,,,,,,,,,,,,,,,,,,,,,,,,,,,,,,,,,,,,,,,,,,,,,,,,,,,,
WASHINGTON DC,134494,613 Hamlin St. NE - Spot #4 Only,"613 Hamlin St NE, Washington, DC 20017, USA",IN OPERATION,Daily Only,1,N/A,Not Listed,,Not Listed,,Not Listed,,Not Listed,,"38°55'37.1""N 76°59'53.2""W",,,Kevin Klein,,,,,,,,,,,,,,,,,,,,,,,,,,,,,,,,,,,,,,,,,,,,,,,,,,,,,,,,,,,,,,,,,,,,,,,,,,,,,,,,,,,,,,,,,,,,,,,,,,,,,,,,,,,,,,,,,,,,,,,,,,,,,,,,,,,,
MA,,62 Gordon St. - Left Spot Only (ARCHIVED),"62 Gordon St, Boston, MA 02134, USA",PERMANENTLY CLOSED,PERMANENTLY CLOSED,0,0,Not Listed,,Not Listed,,Not Listed,,Not Listed,,"42.350667,-71.14",,FIXED,Parking Boston Inc - Jasmine,,,,,,,,,,,,,,,,,,,,,,,,,,,,,,,,,,,,,,,,,,,,,,,,,,,,,,,,,,,,,,,,,,,,,,,,,,,,,,,,,,,,,,,,,,,,,,,,,,,,,,,,,,,,,,,,,,,,,,,,,,,,,,,,,,,,
MA,82320,"62 Queensberry St. - Spots #1, 2, 3, 4, 5, or 6 Only","60 Queensberry Street Boston, MA, 02215",IN OPERATION,Events and Daily ONLY,6,N/A,Not Listed,,Not Listed,,Not Listed,,Not Listed,,"42.342154, -71.097832",,FIXED,Susan Zappone,Plain(Flat) Access,,,,,,,,,,,,,,,,,,,,,,,,,,,,,,,,,,,,,,,,,,,,,,,,,,,,,,,,,,,,,,,,,,,,,,,,,,,,,,,,,,,,,,,,,,,,,,,,,,,,,,,,,,,,,,,,,,,,,,,,,,,,,,,,,,,
IL,,6212 S Kolmar Ave. - Left Whole Tandem Row (ARCHIVED),"6212 S Kolmar Ave, Chicago, IL, 60629",PERMANENTLY CLOSED,PERMANENTLY CLOSED,0,0,Not Listed,,Not Listed,,Not Listed,,Not Listed,,N/A,N/A,N/A,Jonathan Perez,,,,,,,,,,,,,,,,,,,,,,,,,,,,,,,,,,,,,,,,,,,,,,,,,,,,,,,,,,,,,,,,,,,,,,,,,,,,,,,,,,,,,,,,,,,,,,,,,,,,,,,,,,,,,,,,,,,,,,,,,,,,,,,,,,,,
CA,,623 15th St. - Lot (ARCHIVED),"623 15th Street, Oakland, CA, 94612",PERMANENTLY CLOSED,PERMANENTLY CLOSED,0,0,Not Listed,,Not Listed,,Not Listed,,Not Listed,,N/A,N/A,N/A,"San Francisco One MLK LLC, MICHAEL JAMES Co",,,,,,,,,,,,,,,,,,,,,,,,,,,,,,,,,,,,,,,,,,,,,,,,,,,,,,,,,,,,,,,,,,,,,,,,,,,,,,,,,,,,,,,,,,,,,,,,,,,,,,,,,,,,,,,,,,,,,,,,,,,,,,,,,,,,
CA,,623 15th St. - Lot (Scan2Pay) (ARCHIVED),"623 15th Street, Oakland, CA, 94612",PERMANENTLY CLOSED,PERMANENTLY CLOSED,0,0,Not Listed,,Not Listed,,Not Listed,,Not Listed,,N/A,N/A,N/A,"San Francisco One MLK LLC, MICHAEL JAMES Co",,,,,,,,,,,,,,,,,,,,,,,,,,,,,,,,,,,,,,,,,,,,,,,,,,,,,,,,,,,,,,,,,,,,,,,,,,,,,,,,,,,,,,,,,,,,,,,,,,,,,,,,,,,,,,,,,,,,,,,,,,,,,,,,,,,,
IL,,624 N May St. - Garage Left or Right Spot Only (ARCHIVED),"624 North May Street Chicago, IL, 60642",PERMANENTLY CLOSED,PERMANENTLY CLOSED,0,0,Not Listed,,Not Listed,,Not Listed,,Not Listed,,N/A,N/A,N/A,Michael J Scanlon,,,,,,,,,,,,,,,,,,,,,,,,,,,,,,,,,,,,,,,,,,,,,,,,,,,,,,,,,,,,,,,,,,,,,,,,,,,,,,,,,,,,,,,,,,,,,,,,,,,,,,,,,,,,,,,,,,,,,,,,,,,,,,,,,,,,
IL,,625 W Wrightwood Ave. - Spot #43 (ARCHIVED),"625 West Wrightwood Avenue Chicago, IL, 60614",PERMANENTLY CLOSED,PERMANENTLY CLOSED,0,0,Not Listed,,Not Listed,,Not Listed,,Not Listed,,N/A,N/A,N/A,,,,,,,,,,,,,,,,,,,,,,,,,,,,,,,,,,,,,,,,,,,,,,,,,,,,,,,,,,,,,,,,,,,,,,,,,,,,,,,,,,,,,,,,,,,,,,,,,,,,,,,,,,,,,,,,,,,,,,,,,,,,,,,,,,,,,
IL,,625 W Wrightwood Ave. - Spot #46 (ARCHIVED),"625 West Wrightwood Avenue Chicago, IL, 60614",PERMANENTLY CLOSED,PERMANENTLY CLOSED,0,0,Not Listed,,Not Listed,,Not Listed,,Not Listed,,N/A,N/A,N/A,,,,,,,,,,,,,,,,,,,,,,,,,,,,,,,,,,,,,,,,,,,,,,,,,,,,,,,,,,,,,,,,,,,,,,,,,,,,,,,,,,,,,,,,,,,,,,,,,,,,,,,,,,,,,,,,,,,,,,,,,,,,,,,,,,,,,
MA,,627 E 3rd St. - Garage 4 (ARCHIVED),"627 East 3rd Street Boston, MA, 02127",PERMANENTLY CLOSED,PERMANENTLY CLOSED,0,0,Not Listed,,Not Listed,,Not Listed,,Not Listed,,N/A,N/A,N/A,,,,,,,,,,,,,,,,,,,,,,,,,,,,,,,,,,,,,,,,,,,,,,,,,,,,,,,,,,,,,,,,,,,,,,,,,,,,,,,,,,,,,,,,,,,,,,,,,,,,,,,,,,,,,,,,,,,,,,,,,,,,,,,,,,,,,
MA,,627 E 3rd St. - Personal Spot (ARCHIVED),"627 East 3rd Street Boston, MA, 02127",PERMANENTLY CLOSED,PERMANENTLY CLOSED,0,0,Not Listed,,Not Listed,,Not Listed,,Not Listed,,N/A,N/A,N/A,,,,,,,,,,,,,,,,,,,,,,,,,,,,,,,,,,,,,,,,,,,,,,,,,,,,,,,,,,,,,,,,,,,,,,,,,,,,,,,,,,,,,,,,,,,,,,,,,,,,,,,,,,,,,,,,,,,,,,,,,,,,,,,,,,,,,
CA,151239,628 S Flower St. - Driveway Rear Spot Only,"628 South Flower Street Inglewood, CA 90301",IN OPERATION,Daily Only,1,N/A,Not Listed,,Not Listed,,Not Listed,,Not Listed,,"33°57'20.1""N 118°20'48.8""W",,70/30,Gledy A.Davila,,,,,,,,,,,,,,,,,,,,,,,,,,,,,,,,,,,,,,,,,,,,,,,,,,,,,,,,,,,,,,,,,,,,,,,,,,,,,,,,,,,,,,,,,,,,,,,,,,,,,,,,,,,,,,,,,,,,,,,,,,,,,,,,,,,,
MA,125814,63 Berkeley St. - Left Whole Tandem Row,"63 Berkeley St, Boston, MA 02116, USA",IN OPERATION,Events and Daily ONLY,1,N/A,Not Listed,,Not Listed,,Not Listed,,Not Listed,,"42.34675,-71.070278",,FIXED,,Plain(Flat) Access,,,,,,,,,,,,,,,,,,,,,,,,,,,,,,,,,,,,,,,,,,,,,,,,,,,,,,,,,,,,,,,,,,,,,,,,,,,,,,,,,,,,,,,,,,,,,,,,,,,,,,,,,,,,,,,,,,,,,,,,,,,,,,,,,,,
NJ,141626,63 Cottage St. - Spot #1 Only,"63 Cottage Street Jersey City, NJ 07306",IN OPERATION,Daily Only,1,N/A,Not Listed,,Not Listed,,Not Listed,,Not Listed,,"40°44'04.0""N 74°03'43.8""W",,,,,,,,,,,,,,,,,,,,,,,,,,,,,,,,,,,,,,,,,,,,,,,,,,,,,,,,,,,,,,,,,,,,,,,,,,,,,,,,,,,,,,,,,,,,,,,,,,,,,,,,,,,,,,,,,,,,,,,,,,,,,,,,,,,,,,,
MA,100306,632 E 2nd St. - Spot #1 or 2 Only (ARCHIVED),"632 E 2nd Boston, MA 02127",PERMANENTLY CLOSED,PERMANENTLY CLOSED,0,0,Not Listed,,Not Listed,,Not Listed,,Not Listed,,N/A,N/A,N/A,,,,,,,,,,,,,,,,,,,,,,,,,,,,,,,,,,,,,,,,,,,,,,,,,,,,,,,,,,,,,,,,,,,,,,,,,,,,,,,,,,,,,,,,,,,,,,,,,,,,,,,,,,,,,,,,,,,,,,,,,,,,,,,,,,,,,
WASHINGTON DC,89235,"6324 9th St. NW - Spots #2, 3, 4, 5, 6 or #7 Only","6324 9th Street Northwest Washington, DC, 20011",IN OPERATION,Daily&Monthly,6,5,Not Listed,,Not Listed,,Not Listed,,Not Listed,,"38.967111,-77.026556",,70/30,Temitayo Fasusi,,,,,,,,,,,,,,,,,,,,,,,,,,,,,,,,,,,,,,,,,,,,,,,,,,,,,,,,,,,,,,,,,,,,,,,,,,,,,,,,,,,,,,,,,,,,,,,,,,,,,,,,,,,,,,,,,,,,,,,,,,,,,,,,,,,,
IL,127508,"6331 N Magnolia Ave. - Spots #2, #3 or #4 Only","6331 North Magnolia Avenue, Chicago, IL 60660",IN OPERATION,Daily&Monthly,3,3,Not Listed,,Listed,0,Not Listed,,Not Listed,,"41°59'50.4""N 87°39'40.3""W",,,Campbell Street Asset Management,Plain(Flat) Access,,,,,,,,,,,,,,,,,,,,,,,,,,,,,,,,,,,,,,,,,,,,,,,,,,,,,,,,,,,,,,,,,,,,,,,,,,,,,,,,,,,,,,,,,,,,,,,,,,,,,,,,,,,,,,,,,,,,,,,,,,,,,,,,,,,
IL,120436,6341 N Wayne Ave. - Right Spot Only,"6341 N Wayne Ave, Chicago, IL 60660, USA",IN OPERATION,Daily Only,1,N/A,Not Listed,,Not Listed,,Not Listed,,Not Listed,,"41.997639,-87.663667",,FIXED,Yue He,Plain(Flat) Access,,,,,,,,,,,,,,,,,,,,,,,,,,,,,,,,,,,,,,,,,,,,,,,,,,,,,,,,,,,,,,,,,,,,,,,,,,,,,,,,,,,,,,,,,,,,,,,,,,,,,,,,,,,,,,,,,,,,,,,,,,,,,,,,,,,
FL ,132848,"635 Poinsettia Ave. - Spots #1, 2, 3, 4, or #5 Only","635 Poinsettia Avenue Clearwater, FL, 33767",IN OPERATION,Daily&Monthly,5,4,Listed,0,Not Listed,,Not Listed,,Not Listed,,"27°59'12.3""N 82°49'32.6""W",,,Evan Marinis ,,,,,,,,,,,,,,,,,,,,,,,,,,,,,,,,,,,,,,,,,,,,,,,,,,,,,,,,,,,,,,,,,,,,,,,,,,,,,,,,,,,,,,,,,,,,,,,,,,,,,,,,,,,,,,,,,,,,,,,,,,,,,,,,,,,,
IL,151777,636 Burton Ave. - Left or Right Whole Tandem Row,"636 Burton Avenue, Highland Park, IL 60035",IN OPERATION,Event Only,2,,Not Listed,,Not Listed,,Not Listed,,Not Listed,,"42°09'50.7""N 87°46'59.4""W",,,Cody von Rueden,,,,,,,,,,,,,,,,,,,,,,,,,,,,,,,,,,,,,,,,,,,,,,,,,,,,,,,,,,,,,,,,,,,,,,,,,,,,,,,,,,,,,,,,,,,,,,,,,,,,,,,,,,,,,,,,,,,,,,,,,,,,,,,,,,,,
WASHINGTON DC,,636 F St. NE - Spot #1 Only (ARCHIVED),"636 F Street Northeast, Washington, DC, 20002",PERMANENTLY CLOSED,Daily Only,1,0,Not Listed,,Not Listed,,Not Listed,,Not Listed,,"38.897748, -76.996246","Garage code ""7654""",FIXED,Michael Passante,,,,,,,,,,,,,,,,,,,,,,,,,,,,,,,,,,,,,,,,,,,,,,,,,,,,,,,,,,,,,,,,,,,,,,,,,,,,,,,,,,,,,,,,,,,,,,,,,,,,,,,,,,,,,,,,,,,,,,,,,,,,,,,,,,,,
MA,84036,64 Allston St. - Spot #30,"64 Allston Street, Boston, MA, 02134",IN OPERATION,Daily Only,1,N/A,Not Listed,,Not Listed,,Not Listed,,Not Listed,,"42.351306,-71.135778",,FIXED,Matt Kesner,Plain(Flat) Access,,,,,,,,,,,,,,,,,,,,,,,,,,,,,,,,,,,,,,,,,,,,,,,,,,,,,,,,,,,,,,,,,,,,,,,,,,,,,,,,,,,,,,,,,,,,,,,,,,,,,,,,,,,,,,,,,,,,,,,,,,,,,,,,,,,
MA,27969,64 Ashford St.- Right or Left Spot Only (ARCHIVED),"64 Ashford Street, Boston, MA 02134",PERMANENTLY CLOSED,Daily&Monthly,2,2,Not Listed,,Not Listed,,Not Listed,,Not Listed,,"42.354626, -71.125104",,FIXED,Parking Boston Inc. - Jasmine Taylor (left spot),Plain(Flat) Access,,,,,,,,,,,,,,,,,,,,,,,,,,,,,,,,,,,,,,,,,,,,,,,,,,,,,,,,,,,,,,,,,,,,,,,,,,,,,,,,,,,,,,,,,,,,,,,,,,,,,,,,,,,,,,,,,,,,,,,,,,,,,,,,,,,
ON ,127266,64 Beverley St. - Left Spot Only,"64 Beverley Street, Toronto, ON M5T 1X9",IN OPERATION,Daily&Monthly,1,1,Not Listed,,Not Listed,,Not Listed,,Not Listed,,"43°39'05.1""N 79°23'36.1""W",,,Henry Hayes,,,,,,,,,,,,,,,,,,,,,,,,,,,,,,,,,,,,,,,,,,,,,,,,,,,,,,,,,,,,,,,,,,,,,,,,,,,,,,,,,,,,,,,,,,,,,,,,,,,,,,,,,,,,,,,,,,,,,,,,,,,,,,,,,,,,
WASHINGTON DC,128760,"630 11th St. NE - Spot #3, #4 or #5 Only","630 11th Street Northeast Washington, DC, 20002",IN OPERATION,Daily Only,3,N/A,Not Listed,,Not Listed,,Not Listed,,Not Listed,,"38°53'53.3""N 76°59'30.0""W",,FIXED,John Marshall Bank,,,,,,,,,,,,,,,,,,,,,,,,,,,,,,,,,,,,,,,,,,,,,,,,,,,,,,,,,,,,,,,,,,,,,,,,,,,,,,,,,,,,,,,,,,,,,,,,,,,,,,,,,,,,,,,,,,,,,,,,,,,,,,,,,,,,
IL,112977,643 W Barry Ave. (4000 N Waterloo Ct.) - Spot #12 Only,"4000 North Waterloo Court, Chicago, IL 60657",IN OPERATION,Events and Daily ONLY,1,N/A,Not Listed,,Not Listed,,Not Listed,,Not Listed,,"41°56'14.6""N 87°38'45.6""W",Gate code: 6430,FIXED,Santorini Property Group ,Plain(Flat) Access,,,,,,,,,,,,,,,,,,,,,,,,,,,,,,,,,,,,,,,,,,,,,,,,,,,,,,,,,,,,,,,,,,,,,,,,,,,,,,,,,,,,,,,,,,,,,,,,,,,,,,,,,,,,,,,,,,,,,,,,,,,,,,,,,,,
IL,54006,644 W Grace St. - Spot #2 or 3 Only,"644 West Grace Street, Chicago, IL 60613",IN OPERATION,Events and Daily ONLY,2,N/A,Not Listed,,Not Listed,,Not Listed,,Not Listed,,"41°57'08.4""N 87°38'48.9""W",,FIXED,Kelly Oshita,Plain(Flat) Access,,,,,,,,,,,,,,,,,,,,,,,,,,,,,,,,,,,,,,,,,,,,,,,,,,,,,,,,,,,,,,,,,,,,,,,,,,,,,,,,,,,,,,,,,,,,,,,,,,,,,,,,,,,,,,,,,,,,,,,,,,,,,,,,,,,
WASHINGTON DC,88563,646 Irving St. NW - Spot #4 Only,"646 Irving St NW, Washington, DC 20010",IN OPERATION,Daily Only,1,N/A,Not Listed,,Not Listed,,Not Listed,,Not Listed,,N/A,N/A,N/A,Chris Blauwkamp,,,,,,,,,,,,,,,,,,,,,,,,,,,,,,,,,,,,,,,,,,,,,,,,,,,,,,,,,,,,,,,,,,,,,,,,,,,,,,,,,,,,,,,,,,,,,,,,,,,,,,,,,,,,,,,,,,,,,,,,,,,,,,,,,,,,
MA,141592,646 Green St. - Spot #1 Only,"646 Green Street Cambridge, MA 02139",IN OPERATION,Daily Only,1,N/A,Not Listed,,Not Listed,,Not Listed,,Not Listed,,"42°22'08.1""N 71°06'45.0""W",,,,,,,,,,,,,,,,,,,,,,,,,,,,,,,,,,,,,,,,,,,,,,,,,,,,,,,,,,,,,,,,,,,,,,,,,,,,,,,,,,,,,,,,,,,,,,,,,,,,,,,,,,,,,,,,,,,,,,,,,,,,,,,,,,,,,,,
IL,85093,648 W Grace St. - Left Spot only,"648 West Grace Street, Chicago, IL, 60613",IN OPERATION,Events and Daily ONLY,1,N/A,Not Listed,,Not Listed,,Not Listed,,Not Listed,,"41.952371, -87.647058",,70/30,Carly Callans,Plain(Flat) Access,,,,,,,,,,,,,,,,,,,,,,,,,,,,,,,,,,,,,,,,,,,,,,,,,,,,,,,,,,,,,,,,,,,,,,,,,,,,,,,,,,,,,,,,,,,,,,,,,,,,,,,,,,,,,,,,,,,,,,,,,,,,,,,,,,,
MA,84762,65 Burrell St. - Spots #1 or #2 Only,"65 Burrell Street, Boston, MA, 02119",IN OPERATION,Daily&Monthly,2,1,Not Listed,,Not Listed,,Listed,1,Not Listed,,"42.323292, -71.069519",,FIXED,Alp Kantar; Puspa Jelita,Plain(Flat) Access,,,,,,,,,,,,,,,,,,,,,,,,,,,,,,,,,,,,,,,,,,,,,,,,,,,,,,,,,,,,,,,,,,,,,,,,,,,,,,,,,,,,,,,,,,,,,,,,,,,,,,,,,,,,,,,,,,,,,,,,,,,,,,,,,,,
MA,67635,650 Columbus Ave. - Garage Spot,"650 Columbus Avenue Boston, MA, 02118",IN OPERATION,MONTHLY ONLY,3,3,Not Listed,,Not Listed,,Not Listed,,Not Listed,,"42.33890359999999,-71.0835774",,FIXED,Parking Boston Inc. - Jasmine Taylor,Steep Access(inclined),1750 at the spothero lockbox,,,,,,,,,,,,,,,,,,,,,,,,,,,,,,,,,,,,,,,,,,,,,,,,,,,,,,,,,,,,,,,,,,,,,,,,,,,,,,,,,,,,,,,,,,,,,,,,,,,,,,,,,,,,,,,,,,,,,,,,,,,,,,,,,,
IL,18341,"651 W Grand Ave. - Spot # 1, 2, or 3","651 West Grand Avenue, Chicago, IL 60654",IN OPERATION,Daily Only,3,N/A,Not Listed,,Listed,1,Not Listed,,Not Listed,,"41.89105,-87.644949",,FIXED,Alan Friedman,Plain(Flat) Access,,,,,,,,,,,,,,,,,,,,,,,,,,,,,,,,,,,,,,,,,,,,,,,,,,,,,,,,,,,,,,,,,,,,,,,,,,,,,,,,,,,,,,,,,,,,,,,,,,,,,,,,,,,,,,,,,,,,,,,,,,,,,,,,,,,
IL,118752,"658 W 35th St. - Spots #1, 2, 3, 4 or #5 Only","658 West 35th Street, Chicago, IL 60616",IN OPERATION,Events and Daily ONLY,5,N/A,Not Listed,,Not Listed,,Not Listed,,Not Listed,,"41.831194,-87.643583",,70/30,Martel Moore,Plain(Flat) Access,,,,,,,,,,,,,,,,,,,,,,,,,,,,,,,,,,,,,,,,,,,,,,,,,,,,,,,,,,,,,,,,,,,,,,,,,,,,,,,,,,,,,,,,,,,,,,,,,,,,,,,,,,,,,,,,,,,,,,,,,,,,,,,,,,,
MA,93245,66 Mozart St. - driveway spot,"66 Mozart St, Boston, MA 02130",IN OPERATION,Daily Only,1,N/A,Not Listed,,Not Listed,,Not Listed,,Not Listed,,"42.320361,-71.104167",,FIXED,Parking Boston Inc. - Jasmine ,Plain(Flat) Access,,,,,,,,,,,,,,,,,,,,,,,,,,,,,,,,,,,,,,,,,,,,,,,,,,,,,,,,,,,,,,,,,,,,,,,,,,,,,,,,,,,,,,,,,,,,,,,,,,,,,,,,,,,,,,,,,,,,,,,,,,,,,,,,,,,
MA,69385,66 Queensberry St. - Spot #1 or #2,"66 Queensberry Street Boston, MA, 02215",IN OPERATION,Events and Daily ONLY,2,N/A,Not Listed,,Not Listed,,Not Listed,,Not Listed,,"42°20'31.1""N 71°05'53.9""W",,FIXED,Susan Zappone,Plain(Flat) Access,,,,,,,,,,,,,,,,,,,,,,,,,,,,,,,,,,,,,,,,,,,,,,,,,,,,,,,,,,,,,,,,,,,,,,,,,,,,,,,,,,,,,,,,,,,,,,,,,,,,,,,,,,,,,,,,,,,,,,,,,,,,,,,,,,,
MA,86256,"66 Quint Ave. - Driveway Spots #1, #2 or #3 Only","66 Quint Avenue, Boston, MA, 02134",IN OPERATION,Daily&Monthly,3,2,Not Listed,,Not Listed,,Not Listed,,Not Listed,,"42.350806,-71.133556",,FIXED,Parking Boston Inc. - Jasmine Taylor,Plain(Flat) Access,,,,,,,,,,,,,,,,,,,,,,,,,,,,,,,,,,,,,,,,,,,,,,,,,,,,,,,,,,,,,,,,,,,,,,,,,,,,,,,,,,,,,,,,,,,,,,,,,,,,,,,,,,,,,,,,,,,,,,,,,,,,,,,,,,,
IL,,660 W Wrightwood Ave. - Spot #15 (ARCHIVED),"660 West Wrightwood Avenue Chicago, IL, 60614",PERMANENTLY CLOSED,PERMANENTLY CLOSED,0,0,Not Listed,,Not Listed,,Not Listed,,Not Listed,,N/A,N/A,N/A,,,,,,,,,,,,,,,,,,,,,,,,,,,,,,,,,,,,,,,,,,,,,,,,,,,,,,,,,,,,,,,,,,,,,,,,,,,,,,,,,,,,,,,,,,,,,,,,,,,,,,,,,,,,,,,,,,,,,,,,,,,,,,,,,,,,,
WASHINGTON DC,111230,661 Morris Pl. NE - Right Spot Only,"661 Morris Pl NE, Washington, DC 20002, USA",IN OPERATION,Daily Only,1,N/A,Not Listed,,Not Listed,,Not Listed,,Not Listed,,"38.897778,-76.996639",,FIXED,Tania Alfonso/ Jennifer Tutuska,,,,,,,,,,,,,,,,,,,,,,,,,,,,,,,,,,,,,,,,,,,,,,,,,,,,,,,,,,,,,,,,,,,,,,,,,,,,,,,,,,,,,,,,,,,,,,,,,,,,,,,,,,,,,,,,,,,,,,,,,,,,,,,,,,,,
MA,86489,662 Saratoga St. - Spot #1 only,"662 Saratoga Street Boston, MA, 02128",IN OPERATION,Events and Daily ONLY,1,N/A,Not Listed,,Not Listed,,Not Listed,,Not Listed,,"42.382694,-71.021",,FIXED,Roost Living LLC,Plain(Flat) Access,Contruction ongoing,,,,,,,,,,,,,,,,,,,,,,,,,,,,,,,,,,,,,,,,,,,,,,,,,,,,,,,,,,,,,,,,,,,,,,,,,,,,,,,,,,,,,,,,,,,,,,,,,,,,,,,,,,,,,,,,,,,,,,,,,,,,,,,,,,
MA,89236,669 Massachusetts Ave. - Spot #1 and #2  ,"669 Massachusetts Avenue Boston, MA, 02118",IN OPERATION,Daily Monthly & Event,2,N/A,Not Listed,,Not Listed,,Not Listed,,Not Listed,,"42.335619, -71.076546",,FIXED,Parking Boston Inc. - Jasmine Taylor,Plain(Flat) Access,,,,,,,,,,,,,,,,,,,,,,,,,,,,,,,,,,,,,,,,,,,,,,,,,,,,,,,,,,,,,,,,,,,,,,,,,,,,,,,,,,,,,,,,,,,,,,,,,,,,,,,,,,,,,,,,,,,,,,,,,,,,,,,,,,,
MA,95987,67 Berkeley St. - Left Whole Tandem Spot,"67 Berkeley St, Boston, MA 02116
",IN OPERATION,Events and Daily ONLY,1,N/A,Not Listed,,Not Listed,,Not Listed,,Not Listed,,"42.346765, -71.070386",,FIXED,Cabot and Company-Justin Ashley,Plain(Flat) Access,,,,,,,,,,,,,,,,,,,,,,,,,,,,,,,,,,,,,,,,,,,,,,,,,,,,,,,,,,,,,,,,,,,,,,,,,,,,,,,,,,,,,,,,,,,,,,,,,,,,,,,,,,,,,,,,,,,,,,,,,,,,,,,,,,,
MA,134163,"67 Broadway - Spots #5, 6, 7, 8, 9 or #10 Only","67 Broadway, Somerville, MA, 02145",PERMANENTLY CLOSED,Daily&Monthly,6,1,Not Listed,,Not Listed,,Not Listed,,Not Listed,,"42°23'13.4""N 71°04'52.2""W",,,Richard Digirolamo,Plain(Flat) Access,,,,,,,,,,,,,,,,,,,,,,,,,,,,,,,,,,,,,,,,,,,,,,,,,,,,,,,,,,,,,,,,,,,,,,,,,,,,,,,,,,,,,,,,,,,,,,,,,,,,,,,,,,,,,,,,,,,,,,,,,,,,,,,,,,,
MA,110208,"67 Symphony Rd. - Spot #2, 4 , 5 or 6 Only","67 Symphony Rd, Boston, MA 02115, USA",IN OPERATION,Events and Daily ONLY,4,N/A,Not Listed,,Not Listed,,Not Listed,,Not Listed,,"42°20'36.3""N 71°05'21.5""W",,FIXED,Parking Boston Inc - Jasmine,Plain(Flat) Access,,,,,,,,,,,,,,,,,,,,,,,,,,,,,,,,,,,,,,,,,,,,,,,,,,,,,,,,,,,,,,,,,,,,,,,,,,,,,,,,,,,,,,,,,,,,,,,,,,,,,,,,,,,,,,,,,,,,,,,,,,,,,,,,,,,
MA,24637,"670 Massachusetts Ave. - Spots #1, #2 or #3 Only","670 Massachusetts Avenue, Boston, MA 02118",IN OPERATION,Daily Monthly & Event,3,2,Not Listed,,Not Listed,,Not Listed,,Not Listed,,"42°20'09.6""N 71°04'32.8""W",,FIXED,Alp Kantar; Puspa Jelita,Plain(Flat) Access,Vehicle stuck and wedge on the pole due to ice on the spot,,,,,,,,,,,,,,,,,,,,,,,,,,,,,,,,,,,,,,,,,,,,,,,,,,,,,,,,,,,,,,,,,,,,,,,,,,,,,,,,,,,,,,,,,,,,,,,,,,,,,,,,,,,,,,,,,,,,,,,,,,,,,,,,,,
MA,21173,677 Tremont St. - Right Spot Only,"677 Tremont Street, Boston, MA 02118",IN OPERATION,Events and Daily ONLY,1,N/A,Not Listed,,Not Listed,,Not Listed,,Not Listed,,"42°20'30.5""N 71°04'35.5""W",,FIXED,Parking Boston Inc. - Jasmine Taylor,Plain(Flat) Access,,,,,,,,,,,,,,,,,,,,,,,,,,,,,,,,,,,,,,,,,,,,,,,,,,,,,,,,,,,,,,,,,,,,,,,,,,,,,,,,,,,,,,,,,,,,,,,,,,,,,,,,,,,,,,,,,,,,,,,,,,,,,,,,,,,
MA,,68 Hammond St. - Whole Tandem Row (ARCHIVED),"68 Hammond Street, Boston, MA 02120",PERMANENTLY CLOSED,PERMANENTLY CLOSED,0,0,Not Listed,,Not Listed,,Not Listed,,Not Listed,,N/A,N/A,N/A,Parking Boston Inc. - Jasmine Taylor,,,,,,,,,,,,,,,,,,,,,,,,,,,,,,,,,,,,,,,,,,,,,,,,,,,,,,,,,,,,,,,,,,,,,,,,,,,,,,,,,,,,,,,,,,,,,,,,,,,,,,,,,,,,,,,,,,,,,,,,,,,,,,,,,,,,
IL,,680 N Green St. - Spot P3 (ARCHIVED),"680 North Green Street Chicago, IL, 60642",PERMANENTLY CLOSED,PERMANENTLY CLOSED,0,0,Not Listed,,Not Listed,,Not Listed,,Not Listed,,N/A,N/A,N/A,,,,,,,,,,,,,,,,,,,,,,,,,,,,,,,,,,,,,,,,,,,,,,,,,,,,,,,,,,,,,,,,,,,,,,,,,,,,,,,,,,,,,,,,,,,,,,,,,,,,,,,,,,,,,,,,,,,,,,,,,,,,,,,,,,,,,
MA,117201,"69 Marshal St. - Spot #1, 2, or 3 Only","69 Marshal Street, Brookline, MA 02446",IN OPERATION,Events and Daily ONLY,3,N/A,Not Listed,,Not Listed,,Not Listed,,Not Listed,,"42.3428999,-71.1149394",,70/30,Cassie Dezii/ Temple Ohabei Shalom,Plain(Flat) Access,,,,,,,,,,,,,,,,,,,,,,,,,,,,,,,,,,,,,,,,,,,,,,,,,,,,,,,,,,,,,,,,,,,,,,,,,,,,,,,,,,,,,,,,,,,,,,,,,,,,,,,,,,,,,,,,,,,,,,,,,,,,,,,,,,,
MA,144714,69 Worcester St. - Angle Spot,"69 Worcester Street Boston, MA, 02118",IN OPERATION,Events and Daily ONLY,1,N/A,Not Listed,,Not Listed,,Not Listed,,Not Listed,,"42°20'21.2""N 71°04'37.8""W",,,,,,,,,,,,,,,,,,,,,,,,,,,,,,,,,,,,,,,,,,,,,,,,,,,,,,,,,,,,,,,,,,,,,,,,,,,,,,,,,,,,,,,,,,,,,,,,,,,,,,,,,,,,,,,,,,,,,,,,,,,,,,,,,,,,,,,
MA,,690 Huntington Ave. - Spots #5-9 (ARCHIVED),"690 Huntington Avenue, Boston, MA 02115",PERMANENTLY CLOSED,PERMANENTLY CLOSED,0,0,Not Listed,,Not Listed,,Not Listed,,Not Listed,,N/A,N/A,N/A,,,,,,,,,,,,,,,,,,,,,,,,,,,,,,,,,,,,,,,,,,,,,,,,,,,,,,,,,,,,,,,,,,,,,,,,,,,,,,,,,,,,,,,,,,,,,,,,,,,,,,,,,,,,,,,,,,,,,,,,,,,,,,,,,,,,,
CA,101957,690 Tennessee St. (ARCHIVED),"690 Tennessee St, San Francisco, CA 94107",PERMANENTLY CLOSED,PERMANENTLY CLOSED,0,0,Not Listed,,Not Listed,,Not Listed,,Not Listed,,"37°45'47.6""N 122°23'23.6""W","Parking attendant: (916) 583-4658

Inventory:
18 vehicles for Event days
13 vehicles for Non-event days

Availability: (Non- event days)
Full-time, Sunday to Saturday
Operating hours: 6:00 AM to midnight

Vehicle Restriction:
74 inches maximum width allowed ",70/30,Enil Claros,,,,,,,,,,,,,,,,,,,,,,,,,,,,,,,,,,,,,,,,,,,,,,,,,,,,,,,,,,,,,,,,,,,,,,,,,,,,,,,,,,,,,,,,,,,,,,,,,,,,,,,,,,,,,,,,,,,,,,,,,,,,,,,,,,,,
MA,100866,695 Bennington St. - Spot #2 or 3,"695 Bennington Street Boston, MA, 02128",IN OPERATION,Daily&Monthly,2,1,Not Listed,,Not Listed,,Not Listed,,Not Listed,,"42.384088, -71.013173",,FIXED,Roost Living LLC - Nick,Plain(Flat) Access,,,,,,,,,,,,,,,,,,,,,,,,,,,,,,,,,,,,,,,,,,,,,,,,,,,,,,,,,,,,,,,,,,,,,,,,,,,,,,,,,,,,,,,,,,,,,,,,,,,,,,,,,,,,,,,,,,,,,,,,,,,,,,,,,,,
MA,45822,17 Follen St. (7 Follen St.) - Spot P11 Only (ARCHIVED),"7 Follen Street, Boston, MA 02116",PERMANENTLY CLOSED,PERMANENTLY CLOSED,1,0,Not Listed,,Not Listed,,Not Listed,,Not Listed,,"42.344778,-71.080083",,FIXED,Parking Boston Inc. - Jasmine Taylor,Plain(Flat) Access,,,,,,,,,,,,,,,,,,,,,,,,,,,,,,,,,,,,,,,,,,,,,,,,,,,,,,,,,,,,,,,,,,,,,,,,,,,,,,,,,,,,,,,,,,,,,,,,,,,,,,,,,,,,,,,,,,,,,,,,,,,,,,,,,,,
MA,85521,7 Hartley Terrace - Right Spot Only,"7 Hartley Terrace Boston, MA, 02134",IN OPERATION,Daily Only,0,0,Not Listed,,Not Listed,,Not Listed,,Not Listed,,N/A,N/A,N/A,Parking Boston Inc. - Jasmine Taylor,,,,,,,,,,,,,,,,,,,,,,,,,,,,,,,,,,,,,,,,,,,,,,,,,,,,,,,,,,,,,,,,,,,,,,,,,,,,,,,,,,,,,,,,,,,,,,,,,,,,,,,,,,,,,,,,,,,,,,,,,,,,,,,,,,,,
MA,,7 Scottfield Rd. - Spot #3 (ARCHIVED),"7 Scottfield Road, Boston, MA 02134",PERMANENTLY CLOSED,PERMANENTLY CLOSED,0,0,Not Listed,,Not Listed,,Not Listed,,Not Listed,,N/A,N/A,N/A,Parking Boston Inc. - Jasmine Taylor,,,,,,,,,,,,,,,,,,,,,,,,,,,,,,,,,,,,,,,,,,,,,,,,,,,,,,,,,,,,,,,,,,,,,,,,,,,,,,,,,,,,,,,,,,,,,,,,,,,,,,,,,,,,,,,,,,,,,,,,,,,,,,,,,,,,
MA,61003,7 Story St. - Driveway Spot,"7 Story Street Cambridge, MA, 02138",IN OPERATION,Daily Only,1,N/A,Not Listed,,Not Listed,,Not Listed,,Not Listed,,"42.374111,-71.12225",,FIXED,Chi - Tenat Cloud,Plain(Flat) Access,,,,,,,,,,,,,,,,,,,,,,,,,,,,,,,,,,,,,,,,,,,,,,,,,,,,,,,,,,,,,,,,,,,,,,,,,,,,,,,,,,,,,,,,,,,,,,,,,,,,,,,,,,,,,,,,,,,,,,,,,,,,,,,,,,,
MA,,7 Strathmore Rd. - Compact cars only (ARCHIVED),"7 Strathmore Road Brookline, MA, 02445",PERMANENTLY CLOSED,PERMANENTLY CLOSED,0,0,Not Listed,,Not Listed,,Not Listed,,Not Listed,,N/A,N/A,N/A,Parking Boston Inc. - Jasmine Taylor,,,,,,,,,,,,,,,,,,,,,,,,,,,,,,,,,,,,,,,,,,,,,,,,,,,,,,,,,,,,,,,,,,,,,,,,,,,,,,,,,,,,,,,,,,,,,,,,,,,,,,,,,,,,,,,,,,,,,,,,,,,,,,,,,,,,
MA,87012,"7 Strathmore Rd. - Spots #3, #4 or #5 Only","7 Strathmore Road Brookline, MA, 02445",IN OPERATION,Daily&Monthly,3,2,Not Listed,,Not Listed,,Not Listed,,Not Listed,,"42°20'11.1""N 71°08'45.0""W",,FIXED,Parking Boston Inc. - Jasmine Taylor,Plain(Flat) Access,,,,,,,,,,,,,,,,,,,,,,,,,,,,,,,,,,,,,,,,,,,,,,,,,,,,,,,,,,,,,,,,,,,,,,,,,,,,,,,,,,,,,,,,,,,,,,,,,,,,,,,,,,,,,,,,,,,,,,,,,,,,,,,,,,,
MA,134989,7 Verndale St. - Spot #1 Only,"7 Verndale St, Brookline, MA 02446, USA",IN OPERATION,Daily Only,1,N/A,Not Listed,,Not Listed,,Not Listed,,Not Listed,,"42°20'53.7""N 71°07'49.2""W",,,Dina Aronzon,,,,,,,,,,,,,,,,,,,,,,,,,,,,,,,,,,,,,,,,,,,,,,,,,,,,,,,,,,,,,,,,,,,,,,,,,,,,,,,,,,,,,,,,,,,,,,,,,,,,,,,,,,,,,,,,,,,,,,,,,,,,,,,,,,,,
MA,,7 Warwick St. - Spot #1 or 2 (ARCHIVED),"7 Warwick Street, Boston, MA 02120",PERMANENTLY CLOSED,PERMANENTLY CLOSED,0,0,Not Listed,,Not Listed,,Not Listed,,Not Listed,,N/A,N/A,N/A,Alp Kantar; Puspa Jelita,,,,,,,,,,,,,,,,,,,,,,,,,,,,,,,,,,,,,,,,,,,,,,,,,,,,,,,,,,,,,,,,,,,,,,,,,,,,,,,,,,,,,,,,,,,,,,,,,,,,,,,,,,,,,,,,,,,,,,,,,,,,,,,,,,,,
MA,100899,"70 Chester St. - Spots #8, 9, 10, 11, 12, 13 or 14 Only","70 Chester Street Boston, MA, 02134",IN OPERATION,Daily&Monthly,7,6,Not Listed,,Not Listed,,Not Listed,,Not Listed,,"42.353083,-71.128417",,FIXED,Parking Boston Inc- Jasmine,Plain(Flat) Access,,,,,,,,,,,,,,,,,,,,,,,,,,,,,,,,,,,,,,,,,,,,,,,,,,,,,,,,,,,,,,,,,,,,,,,,,,,,,,,,,,,,,,,,,,,,,,,,,,,,,,,,,,,,,,,,,,,,,,,,,,,,,,,,,,,
MA,128062,70 Franklin St. - Spot #1 Only,"70 Franklin Street, Boston, MA 02134",IN OPERATION,Daily Only,1,N/A,Not Listed,,Not Listed,,Not Listed,,Not Listed,,"42°21'28.9""N 71°07'59.1""W",,,Igor Deyneko ,Plain(Flat) Access,,,,,,,,,,,,,,,,,,,,,,,,,,,,,,,,,,,,,,,,,,,,,,,,,,,,,,,,,,,,,,,,,,,,,,,,,,,,,,,,,,,,,,,,,,,,,,,,,,,,,,,,,,,,,,,,,,,,,,,,,,,,,,,,,,,
MA,106742,70 Quint Ave. - Driveway Spot ,"70 Quint Ave, Boston, MA 02134, USA",IN OPERATION,Events and Daily ONLY,1,N/A,Not Listed,,Not Listed,,Not Listed,,Not Listed,,"42.350667,-71.133389",,FIXED,Parking Boston Inc - Jasmine,Plain(Flat) Access,,,,,,,,,,,,,,,,,,,,,,,,,,,,,,,,,,,,,,,,,,,,,,,,,,,,,,,,,,,,,,,,,,,,,,,,,,,,,,,,,,,,,,,,,,,,,,,,,,,,,,,,,,,,,,,,,,,,,,,,,,,,,,,,,,,
MA,93252,700 Parker St. - Spot #3 Only,"700 Parker Street Boston, MA, 02120",IN OPERATION,Events and Daily ONLY,1,N/A,Not Listed,,Not Listed,,Not Listed,,Not Listed,,"42.331329, -71.096942",,FIXED,Sharifa Sahai,Steep Access(inclined),,,,,,,,,,,,,,,,,,,,,,,,,,,,,,,,,,,,,,,,,,,,,,,,,,,,,,,,,,,,,,,,,,,,,,,,,,,,,,,,,,,,,,,,,,,,,,,,,,,,,,,,,,,,,,,,,,,,,,,,,,,,,,,,,,,
WASHINGTON DC,117468,701 Florida Ave. NE - Spot A or B Only,"701 Florida Avenue Northeast, Washington, DC 20002",IN OPERATION,Daily Only,2,N/A,Not Listed,,Not Listed,,Not Listed,,Not Listed,,"38.904889,-76.996056",,70/30,Boundary Street Development,,,,,,,,,,,,,,,,,,,,,,,,,,,,,,,,,,,,,,,,,,,,,,,,,,,,,,,,,,,,,,,,,,,,,,,,,,,,,,,,,,,,,,,,,,,,,,,,,,,,,,,,,,,,,,,,,,,,,,,,,,,,,,,,,,,,
NY,,"71-49 69th Pl. - Spots #1, 2 or #3 Only (ARCHIVED)","71-49 69th Place, Queens, NY, 11385",PERMANENTLY CLOSED,PERMANENTLY CLOSED,0,0,Not Listed,,Not Listed,,Not Listed,,Not Listed,,N/A,N/A,N/A,Amber - Sean Dolphin,,,,,,,,,,,,,,,,,,,,,,,,,,,,,,,,,,,,,,,,,,,,,,,,,,,,,,,,,,,,,,,,,,,,,,,,,,,,,,,,,,,,,,,,,,,,,,,,,,,,,,,,,,,,,,,,,,,,,,,,,,,,,,,,,,,,
WASHINGTON DC,126937,715 Kenyon St. NW - Spot D Only,"715 Kenyon Street Northwest, Washington, DC, 20010",IN OPERATION,Daily Only,1,N/A,Not Listed,,Not Listed,,Not Listed,,Not Listed,,"38°55'49.7""N 77°01'26.9""W",,FIXED,Boundary Street Development LLC,,,,,,,,,,,,,,,,,,,,,,,,,,,,,,,,,,,,,,,,,,,,,,,,,,,,,,,,,,,,,,,,,,,,,,,,,,,,,,,,,,,,,,,,,,,,,,,,,,,,,,,,,,,,,,,,,,,,,,,,,,,,,,,,,,,,
MA,,71-75 W Broadway - Spot #19 Only (ARCHIVED),"71-75 W Broadway, South Boston, MA 02127, USA",PERMANENTLY CLOSED,PERMANENTLY CLOSED,0,0,Not Listed,,Not Listed,,Not Listed,,Not Listed,,N/A,N/A,N/A,,,,,,,,,,,,,,,,,,,,,,,,,,,,,,,,,,,,,,,,,,,,,,,,,,,,,,,,,,,,,,,,,,,,,,,,,,,,,,,,,,,,,,,,,,,,,,,,,,,,,,,,,,,,,,,,,,,,,,,,,,,,,,,,,,,,,
MA,134296,70-72 Bay State Rd. (Public Alley 902) - Spot #1 or #2 Only,"72 Bay State Road, Boston, MA 02215",IN OPERATION,Events and Daily ONLY,2,N/A,Not Listed,,Not Listed,,Not Listed,,Not Listed,,"42°20'58.6""N 71°05'46.1""W",,FIXED,Lihua Themo,,,,,,,,,,,,,,,,,,,,,,,,,,,,,,,,,,,,,,,,,,,,,,,,,,,,,,,,,,,,,,,,,,,,,,,,,,,,,,,,,,,,,,,,,,,,,,,,,,,,,,,,,,,,,,,,,,,,,,,,,,,,,,,,,,,,
MA,129774,72 Belden St. - Spot #1 or #2 Only,"72 Belden Street, Boston, MA 02125",IN OPERATION,Daily Only,2,N/A,Not Listed,,Not Listed,,Listed,1,Not Listed,,"42°19'11.5""N 71°03'54.7""W",,,Alp Kantar; Puspa Jelita,Steep Access(inclined),,,,,,,,,,,,,,,,,,,,,,,,,,,,,,,,,,,,,,,,,,,,,,,,,,,,,,,,,,,,,,,,,,,,,,,,,,,,,,,,,,,,,,,,,,,,,,,,,,,,,,,,,,,,,,,,,,,,,,,,,,,,,,,,,,,
MA,,72 E Berkeley St. - Lot (ARCHIVED),"72 East Berkeley Street, Boston, MA 02118",PERMANENTLY CLOSED,PERMANENTLY CLOSED,0,0,Not Listed,,Not Listed,,Not Listed,,Not Listed,,N/A,N/A,N/A,,,,,,,,,,,,,,,,,,,,,,,,,,,,,,,,,,,,,,,,,,,,,,,,,,,,,,,,,,,,,,,,,,,,,,,,,,,,,,,,,,,,,,,,,,,,,,,,,,,,,,,,,,,,,,,,,,,,,,,,,,,,,,,,,,,,,
MA,134443,72 School St. - Spot #3 Only,"72 School Street, Cambridge, MA 02139",IN OPERATION,Daily Only,1,N/A,Not Listed,,Not Listed,,Not Listed,,Not Listed,,"42°21'49.8""N 71°05'50.8""W",,,Billy Ng,,,,,,,,,,,,,,,,,,,,,,,,,,,,,,,,,,,,,,,,,,,,,,,,,,,,,,,,,,,,,,,,,,,,,,,,,,,,,,,,,,,,,,,,,,,,,,,,,,,,,,,,,,,,,,,,,,,,,,,,,,,,,,,,,,,,
IL,51729,721 W Melrose St. - Spot #3 (ARCHIVED),"721 West Melrose StreetChicago, IL, 60657",PERMANENTLY CLOSED,Events and Daily ONLY,1,0,Not Listed,,Not Listed,,Not Listed,,Not Listed,,"41.940694,-87.64775",,FIXED,Base 3 Management- Lea Domingo,Plain(Flat) Access,,,,,,,,,,,,,,,,,,,,,,,,,,,,,,,,,,,,,,,,,,,,,,,,,,,,,,,,,,,,,,,,,,,,,,,,,,,,,,,,,,,,,,,,,,,,,,,,,,,,,,,,,,,,,,,,,,,,,,,,,,,,,,,,,,,
WASHINGTON DC,109413,722 3rd St. SW - Spot #43 Only,"722 3rd St SW, Washington, DC 20024, USA",IN OPERATION,Events and Daily ONLY,1,N/A,Not Listed,,Not Listed,,Not Listed,,Not Listed,,"38.880482,-77.014924",,70/30,Jaime Hernandez,,,,,,,,,,,,,,,,,,,,,,,,,,,,,,,,,,,,,,,,,,,,,,,,,,,,,,,,,,,,,,,,,,,,,,,,,,,,,,,,,,,,,,,,,,,,,,,,,,,,,,,,,,,,,,,,,,,,,,,,,,,,,,,,,,,,
IL,,725 W Sheridan Rd - Spot #5 (ARCHIVED),"725 West Sheridan Road Chicago, IL, 60613",PERMANENTLY CLOSED,PERMANENTLY CLOSED,0,0,Not Listed,,Not Listed,,Not Listed,,Not Listed,,N/A,N/A,N/A,Maxwell Drolet,,,,,,,,,,,,,,,,,,,,,,,,,,,,,,,,,,,,,,,,,,,,,,,,,,,,,,,,,,,,,,,,,,,,,,,,,,,,,,,,,,,,,,,,,,,,,,,,,,,,,,,,,,,,,,,,,,,,,,,,,,,,,,,,,,,,
IL,75423,725 W Sheridan Rd. - Spot #1,"725 West Sheridan Road Chicago, IL, 60613",IN OPERATION,Events and Daily ONLY,1,N/A,Not Listed,,Not Listed,,Not Listed,,Not Listed,,"41.951133, -87.648996",,FIXED,Brian Richardson,Plain(Flat) Access,,,,,,,,,,,,,,,,,,,,,,,,,,,,,,,,,,,,,,,,,,,,,,,,,,,,,,,,,,,,,,,,,,,,,,,,,,,,,,,,,,,,,,,,,,,,,,,,,,,,,,,,,,,,,,,,,,,,,,,,,,,,,,,,,,,
IL,128059,725 W Sheridan Rd. - Spot #27 Only,"725 West Sheridan Road, Chicago, IL 60613",PERMANENTLY CLOSED,Events and Daily ONLY,1,N/A,Not Listed,,Not Listed,,Not Listed,,Not Listed,,"41°57'05.0""N 87°38'56.8""W",,,Timothy Gaster ,Plain(Flat) Access,,,,,,,,,,,,,,,,,,,,,,,,,,,,,,,,,,,,,,,,,,,,,,,,,,,,,,,,,,,,,,,,,,,,,,,,,,,,,,,,,,,,,,,,,,,,,,,,,,,,,,,,,,,,,,,,,,,,,,,,,,,,,,,,,,,
IL,,725 W Sheridan Rd. #43 - Personal Spot (ARCHIVED),"725 West Sheridan Road, Chicago, IL 60613",PERMANENTLY CLOSED,PERMANENTLY CLOSED,0,0,Not Listed,,Not Listed,,Not Listed,,Not Listed,,N/A,N/A,N/A,Joe Cindy Giovenco,,,,,,,,,,,,,,,,,,,,,,,,,,,,,,,,,,,,,,,,,,,,,,,,,,,,,,,,,,,,,,,,,,,,,,,,,,,,,,,,,,,,,,,,,,,,,,,,,,,,,,,,,,,,,,,,,,,,,,,,,,,,,,,,,,,,
MA,102178,"726 A Washington St. (1634-1644 Beacon St.) - Spots #1, 2, 3 or 4 Only","1634-1644 Beacon St, Brookline, MA 02445",IN OPERATION,Daily&Monthly,4,3,Not Listed,,Not Listed,,Not Listed,,Not Listed,,"42.339639,-71.136056",,FIXED,Preferred Realty Corporation- Timothy Daly,Plain(Flat) Access,,,,,,,,,,,,,,,,,,,,,,,,,,,,,,,,,,,,,,,,,,,,,,,,,,,,,,,,,,,,,,,,,,,,,,,,,,,,,,,,,,,,,,,,,,,,,,,,,,,,,,,,,,,,,,,,,,,,,,,,,,,,,,,,,,,
MA,123439,72-74 Myrtle St. - Spot #2 Only,"72-74 Myrtle Street, Malden, MA 02148",IN OPERATION,Daily Only,1,0,Not Listed,,Not Listed,,Not Listed,,Not Listed,,"42.432216,-71.0447",,FIXED,Groma Property Management,,,,,,,,,,,,,,,,,,,,,,,,,,,,,,,,,,,,,,,,,,,,,,,,,,,,,,,,,,,,,,,,,,,,,,,,,,,,,,,,,,,,,,,,,,,,,,,,,,,,,,,,,,,,,,,,,,,,,,,,,,,,,,,,,,,,
IL,,728 W Addison St. - Spot #4 (ARCHIVED),"728 W. Addison St. Chicago, IL, 60613",PERMANENTLY CLOSED,PERMANENTLY CLOSED,0,0,Not Listed,,Not Listed,,Not Listed,,Not Listed,,N/A,N/A,N/A,Paul Shanahan,,,,,,,,,,,,,,,,,,,,,,,,,,,,,,,,,,,,,,,,,,,,,,,,,,,,,,,,,,,,,,,,,,,,,,,,,,,,,,,,,,,,,,,,,,,,,,,,,,,,,,,,,,,,,,,,,,,,,,,,,,,,,,,,,,,,
IL,,728 W Addison St. - Spot D3 - Personal Spot (Archived),"728 West Addison Street Chicago, IL, 60613",PERMANENTLY CLOSED,PERMANENTLY CLOSED,0,0,Not Listed,,Not Listed,,Not Listed,,Not Listed,,N/A,N/A,N/A,,,,,,,,,,,,,,,,,,,,,,,,,,,,,,,,,,,,,,,,,,,,,,,,,,,,,,,,,,,,,,,,,,,,,,,,,,,,,,,,,,,,,,,,,,,,,,,,,,,,,,,,,,,,,,,,,,,,,,,,,,,,,,,,,,,,,
FL ,,729 Middle St. - Spot #3 (ARCHIVED),"729 Middle Street Fort Lauderdale, FL, 33312",PERMANENTLY CLOSED,PERMANENTLY CLOSED,0,0,Not Listed,,Not Listed,,Not Listed,,Not Listed,,N/A,N/A,N/A,Kristina Tokar,,,,,,,,,,,,,,,,,,,,,,,,,,,,,,,,,,,,,,,,,,,,,,,,,,,,,,,,,,,,,,,,,,,,,,,,,,,,,,,,,,,,,,,,,,,,,,,,,,,,,,,,,,,,,,,,,,,,,,,,,,,,,,,,,,,,
MA,45824,73 Chestnut Hill Ave. - Driveway Spots,"73 Chestnut Hill Avenue, Boston, MA 02135",IN OPERATION,Daily&Monthly,4,3,Not Listed,,Not Listed,,Not Listed,,Not Listed,,"42.345194,-71.15325",,FIXED,Parking Boston Inc. - Jasmine Taylor,Plain(Flat) Access,,,,,,,,,,,,,,,,,,,,,,,,,,,,,,,,,,,,,,,,,,,,,,,,,,,,,,,,,,,,,,,,,,,,,,,,,,,,,,,,,,,,,,,,,,,,,,,,,,,,,,,,,,,,,,,,,,,,,,,,,,,,,,,,,,,
MA,74730,"73 Thatcher St. - Garage Spot #1, #3, or #4 Only","73 Thatcher Street Brookline, MA, 02446",IN OPERATION,Daily Monthly & Event,3,2,Not Listed,,Not Listed,,Not Listed,,Not Listed,,"42.3487166,-71.1179196",,FIXED,Angela Politman,Plain(Flat) Access,,,,,,,,,,,,,,,,,,,,,,,,,,,,,,,,,,,,,,,,,,,,,,,,,,,,,,,,,,,,,,,,,,,,,,,,,,,,,,,,,,,,,,,,,,,,,,,,,,,,,,,,,,,,,,,,,,,,,,,,,,,,,,,,,,,
MA,74467,73 Thatcher St. - Parallel Spot #2 Only,"73 Thatcher Street Brookline, MA, 02446",IN OPERATION,Events and Daily ONLY,1,N/A,Not Listed,,Not Listed,,Not Listed,,Not Listed,,"42.348833,-71.11675",,FIXED,Angela Politman,Plain(Flat) Access,,,,,,,,,,,,,,,,,,,,,,,,,,,,,,,,,,,,,,,,,,,,,,,,,,,,,,,,,,,,,,,,,,,,,,,,,,,,,,,,,,,,,,,,,,,,,,,,,,,,,,,,,,,,,,,,,,,,,,,,,,,,,,,,,,,
MA,74697,73 Thatcher St. - Parallel Spot #3 or #4 Only,"73 Thatcher Street Brookline, MA, 02446",IN OPERATION,Events and Daily ONLY,2,N/A,Not Listed,,Not Listed,,Not Listed,,Not Listed,,"42.349,-71.117806",,FIXED,Angela Politman,Plain(Flat) Access,,,,,,,,,,,,,,,,,,,,,,,,,,,,,,,,,,,,,,,,,,,,,,,,,,,,,,,,,,,,,,,,,,,,,,,,,,,,,,,,,,,,,,,,,,,,,,,,,,,,,,,,,,,,,,,,,,,,,,,,,,,,,,,,,,,
MA,104762,73 Thatcher St. - Spot #1 Only,"73 Thatcher Street, Brookline, MA, 02446",IN OPERATION,Events and Daily ONLY,1,N/A,Not Listed,,Not Listed,,Not Listed,,Not Listed,,"42.349,-71.117806",,FIXED,Angela Politnan,Plain(Flat) Access,,,,,,,,,,,,,,,,,,,,,,,,,,,,,,,,,,,,,,,,,,,,,,,,,,,,,,,,,,,,,,,,,,,,,,,,,,,,,,,,,,,,,,,,,,,,,,,,,,,,,,,,,,,,,,,,,,,,,,,,,,,,,,,,,,,
WA ,,730 Bellevue Ave. E - Spot #8 only (ARCHIVED),"730 Bellevue Ave E, Seattle, WA 98102
",PERMANENTLY CLOSED,PERMANENTLY CLOSED,0,0,Not Listed,,Not Listed,,Not Listed,,Not Listed,,N/A,N/A,N/A,Robert McKay and Cecile Reuge,,,,,,,,,,,,,,,,,,,,,,,,,,,,,,,,,,,,,,,,,,,,,,,,,,,,,,,,,,,,,,,,,,,,,,,,,,,,,,,,,,,,,,,,,,,,,,,,,,,,,,,,,,,,,,,,,,,,,,,,,,,,,,,,,,,,
MD,85166,730 Garrett A Morgan Blvd. - Driveway Spot,"730 Garrett A Morgan Boulevard, Hyattsville, MD, 20785",IN OPERATION,Events and Daily ONLY,1,N/A,Not Listed,,Not Listed,,Not Listed,,Not Listed,,"38.8994296,-76.8664941",,70/30,Kimberly Clarke,,,,,,,,,,,,,,,,,,,,,,,,,,,,,,,,,,,,,,,,,,,,,,,,,,,,,,,,,,,,,,,,,,,,,,,,,,,,,,,,,,,,,,,,,,,,,,,,,,,,,,,,,,,,,,,,,,,,,,,,,,,,,,,,,,,,
MA,,735 Somerville Ave. - Spot #3 (ARCHIVED),"735 Somerville Avenue, Somerville, MA, 02143",PERMANENTLY CLOSED,PERMANENTLY CLOSED,0,0,Not Listed,,Not Listed,,Not Listed,,Not Listed,,"42.386361,-71.115",,70/30,Rachel Brouillette,,,,,,,,,,,,,,,,,,,,,,,,,,,,,,,,,,,,,,,,,,,,,,,,,,,,,,,,,,,,,,,,,,,,,,,,,,,,,,,,,,,,,,,,,,,,,,,,,,,,,,,,,,,,,,,,,,,,,,,,,,,,,,,,,,,,
IL,89452,735 W Barry Ave. - Spot #1 or #2 Only,"735 West Barry Avenue Chicago, IL, 60657",IN OPERATION,Events and Daily ONLY,2,N/A,Not Listed,,Not Listed,,Not Listed,,Not Listed,,"41.937560, -87.648153",,FIXED, Tong Wu,Plain(Flat) Access,,,,,,,,,,,,,,,,,,,,,,,,,,,,,,,,,,,,,,,,,,,,,,,,,,,,,,,,,,,,,,,,,,,,,,,,,,,,,,,,,,,,,,,,,,,,,,,,,,,,,,,,,,,,,,,,,,,,,,,,,,,,,,,,,,,
IL,,738 W Briar Pl. - Spot # 4 or #5 (ARCHIVED),"738 West Briar Place Chicago, IL, 60657",PERMANENTLY CLOSED,PERMANENTLY CLOSED,0,0,Not Listed,,Not Listed,,Not Listed,,Not Listed,,N/A,N/A,N/A,,,,,,,,,,,,,,,,,,,,,,,,,,,,,,,,,,,,,,,,,,,,,,,,,,,,,,,,,,,,,,,,,,,,,,,,,,,,,,,,,,,,,,,,,,,,,,,,,,,,,,,,,,,,,,,,,,,,,,,,,,,,,,,,,,,,,
MA,78064,74 Chester St. - Left or Right Spot Only, 74 Chester St Allston MA 02134,IN OPERATION,Daily&Monthly,2,1,Not Listed,,Not Listed,,Not Listed,,Not Listed,,"42.3531479,-71.1282117",,FIXED,Parking Boston Inc. - Jasmine Taylor,Plain(Flat) Access,,,,,,,,,,,,,,,,,,,,,,,,,,,,,,,,,,,,,,,,,,,,,,,,,,,,,,,,,,,,,,,,,,,,,,,,,,,,,,,,,,,,,,,,,,,,,,,,,,,,,,,,,,,,,,,,,,,,,,,,,,,,,,,,,,,
MA,134861,"74 Gore St. - Spots #10, #11, #12 or #13 Only","74 Gore Street Cambridge, MA 02141",IN OPERATION,Daily&Monthly,4,3,Not Listed,,Not Listed,,Not Listed,,Not Listed,,"42°22'18.6""N 71°04'51.1""W",,,Parking Boston Inc. - Jasmine Taylor,,,,,,,,,,,,,,,,,,,,,,,,,,,,,,,,,,,,,,,,,,,,,,,,,,,,,,,,,,,,,,,,,,,,,,,,,,,,,,,,,,,,,,,,,,,,,,,,,,,,,,,,,,,,,,,,,,,,,,,,,,,,,,,,,,,,
MA,84763,74 Romsey St. - Carport #1 or #2 only,"74 Romsey Street, Boston, MA, 02125",IN OPERATION,Daily&Monthly,2,2,Not Listed,,Not Listed,,Not Listed,,Not Listed,,"42.315957, -71.053027",,FIXED,Alp Kantar; Puspa Jelita,Plain(Flat) Access,,,,,,,,,,,,,,,,,,,,,,,,,,,,,,,,,,,,,,,,,,,,,,,,,,,,,,,,,,,,,,,,,,,,,,,,,,,,,,,,,,,,,,,,,,,,,,,,,,,,,,,,,,,,,,,,,,,,,,,,,,,,,,,,,,,
MA,136408,74 St Paul St. - Whole Tandem Row - Spot #41 or #42 Only,"74 Saint Paul Street, Brookline, MA 02446",IN OPERATION,Events and Daily ONLY,2,0,Not Listed,,Not Listed,,Not Listed,,Not Listed,,N/A,N/A,FIXED,,,,,,,,,,,,,,,,,,,,,,,,,,,,,,,,,,,,,,,,,,,,,,,,,,,,,,,,,,,,,,,,,,,,,,,,,,,,,,,,,,,,,,,,,,,,,,,,,,,,,,,,,,,,,,,,,,,,,,,,,,,,,,,,,,,,,
IL,151513,740 N Ada St. - Left and Right Spot,"740 North Ada Street Chicago, IL 60642",IN OPERATION,Events and Daily ONLY,2,N/A,Not Listed,,Not Listed,,Not Listed,,Not Listed,,"41°53'44.0""N 87°39'42.7""W",,,,,,,,,,,,,,,,,,,,,,,,,,,,,,,,,,,,,,,,,,,,,,,,,,,,,,,,,,,,,,,,,,,,,,,,,,,,,,,,,,,,,,,,,,,,,,,,,,,,,,,,,,,,,,,,,,,,,,,,,,,,,,,,,,,,,,,
MA,,743 Parker St. - Spot #1 (ARCHIVED),"743 Parker Street, Boston, MA, 02120",PERMANENTLY CLOSED,PERMANENTLY CLOSED,0,,Not Listed,,Not Listed,,Not Listed,,Not Listed,,"25°46'40.2""N 80°08'08.4""W",,N/A,"Boston Management Group
Alp Kantar; Puspa Jelita",,,,,,,,,,,,,,,,,,,,,,,,,,,,,,,,,,,,,,,,,,,,,,,,,,,,,,,,,,,,,,,,,,,,,,,,,,,,,,,,,,,,,,,,,,,,,,,,,,,,,,,,,,,,,,,,,,,,,,,,,,,,,,,,,,,,
FL ,25957,745 Meridian Ave. - Spots 1-4,"745 Meridian Avenue Miami Beach, FL, 33139",IN OPERATION,Daily Only,4,N/A,Not Listed,,Not Listed,,Not Listed,,Not Listed,,"25°46'40.2""""N 80°08'08.4""""W",,FIXED,Anjum,,,,,,,,,,,,,,,,,,,,,,,,,,,,,,,,,,,,,,,,,,,,,,,,,,,,,,,,,,,,,,,,,,,,,,,,,,,,,,,,,,,,,,,,,,,,,,,,,,,,,,,,,,,,,,,,,,,,,,,,,,,,,,,,,,,,
WASHINGTON DC,123174,746 Park Rd. NW - Spot B Only (ARCHIVED),"746 Park Road Northwest, Washington, DC 20010",PERMANENTLY CLOSED,Daily Only,1,0,Not Listed,,Not Listed,,Not Listed,,Not Listed,,"38.932659,-77.025366",,FIXED,Boundary Street Development,,,,,,,,,,,,,,,,,,,,,,,,,,,,,,,,,,,,,,,,,,,,,,,,,,,,,,,,,,,,,,,,,,,,,,,,,,,,,,,,,,,,,,,,,,,,,,,,,,,,,,,,,,,,,,,,,,,,,,,,,,,,,,,,,,,,
MA,,75 Saint Alphonsus St. - Brick Wall Spots (ARCHIVED),"75 Saint Alphonsus Street, Boston, MA 02120",PERMANENTLY CLOSED,PERMANENTLY CLOSED,0,0,Not Listed,,Not Listed,,Not Listed,,Not Listed,,N/A,N/A,N/A,Parking Boston Inc. - Jasmine Taylor,,,,,,,,,,,,,,,,,,,,,,,,,,,,,,,,,,,,,,,,,,,,,,,,,,,,,,,,,,,,,,,,,,,,,,,,,,,,,,,,,,,,,,,,,,,,,,,,,,,,,,,,,,,,,,,,,,,,,,,,,,,,,,,,,,,,
MA,,75 Wordsworth St. - Spot #3 Only (ARCHIVED),"75 Wordsworth St, Boston, MA 02128, USA",PERMANENTLY CLOSED,PERMANENTLY CLOSED,0,0,Not Listed,,Not Listed,,Not Listed,,Not Listed,,N/A,N/A,70/30,Raj Kalra,,,,,,,,,,,,,,,,,,,,,,,,,,,,,,,,,,,,,,,,,,,,,,,,,,,,,,,,,,,,,,,,,,,,,,,,,,,,,,,,,,,,,,,,,,,,,,,,,,,,,,,,,,,,,,,,,,,,,,,,,,,,,,,,,,,,
IL,75788,743-755 W Brompton Ave. - Spot #14 Only,"755 W brompton Ave, Chicago, IL, 69657",IN OPERATION,Event Only,1,0,Not Listed,,Not Listed,,Not Listed,,Not Listed,,"41.946167,-87.649028",,70/30,Gretchen Prem,Plain(Flat) Access,,,,,,,,,,,,,,,,,,,,,,,,,,,,,,,,,,,,,,,,,,,,,,,,,,,,,,,,,,,,,,,,,,,,,,,,,,,,,,,,,,,,,,,,,,,,,,,,,,,,,,,,,,,,,,,,,,,,,,,,,,,,,,,,,,,
MD,128455,"7511 Girard Ave. - Spots #5, #6, #7 or #8 Only","7511 Girard Avenue College Park, MD, 20740",IN OPERATION,Daily&Monthly,4,4,Not Listed,,Not Listed,,Not Listed,,Not Listed,,"38°58'57.2""N 76°55'48.9""W",,,Choice Realty Rentals Two LLC c/o Cornerstone Property Management,,,,,,,,,,,,,,,,,,,,,,,,,,,,,,,,,,,,,,,,,,,,,,,,,,,,,,,,,,,,,,,,,,,,,,,,,,,,,,,,,,,,,,,,,,,,,,,,,,,,,,,,,,,,,,,,,,,,,,,,,,,,,,,,,,,,
ON,94201,752 King St. W - spot #3 only,"752 King St. W Toronto, ON M5V1N3",IN OPERATION,Daily Only,1,N/A,Not Listed,,Not Listed,,Not Listed,,Not Listed,,"43.643765, -79.405147",,FIXED,Islington Village Corp.- Jamie Samantha/ Vanessa,,,,,,,,,,,,,,,,,,,,,,,,,,,,,,,,,,,,,,,,,,,,,,,,,,,,,,,,,,,,,,,,,,,,,,,,,,,,,,,,,,,,,,,,,,,,,,,,,,,,,,,,,,,,,,,,,,,,,,,,,,,,,,,,,,,,
MA,21404,752 Tremont St. - Spot #1 or #2 only,"752 Tremont Street, Boston, MA 02118",IN OPERATION,Daily Monthly & Event,2,1,Not Listed,,Not Listed,,Not Listed,,Not Listed,,"42°20'22.7""N 71°04'43.8""W",,FIXED,Heath Properties,Plain(Flat) Access,,,,,,,,,,,,,,,,,,,,,,,,,,,,,,,,,,,,,,,,,,,,,,,,,,,,,,,,,,,,,,,,,,,,,,,,,,,,,,,,,,,,,,,,,,,,,,,,,,,,,,,,,,,,,,,,,,,,,,,,,,,,,,,,,,,
MA,,757 Washington St. - Spot #1 (ARCHIVED),"757 Washington Street, Brookline, MA 02446",PERMANENTLY CLOSED,PERMANENTLY CLOSED,0,0,Not Listed,,Not Listed,,Not Listed,,Not Listed,,N/A,N/A,N/A,Jack Lee,,,,,,,,,,,,,,,,,,,,,,,,,,,,,,,,,,,,,,,,,,,,,,,,,,,,,,,,,,,,,,,,,,,,,,,,,,,,,,,,,,,,,,,,,,,,,,,,,,,,,,,,,,,,,,,,,,,,,,,,,,,,,,,,,,,,
MA,,757 Washington St. - Spot #5 (ARCHIVED),"757 Washington Street, Brookline, MA 02446",PERMANENTLY CLOSED,PERMANENTLY CLOSED,0,0,Not Listed,,Not Listed,,Not Listed,,Not Listed,,N/A,N/A,N/A,Jack Lee,,,,,,,,,,,,,,,,,,,,,,,,,,,,,,,,,,,,,,,,,,,,,,,,,,,,,,,,,,,,,,,,,,,,,,,,,,,,,,,,,,,,,,,,,,,,,,,,,,,,,,,,,,,,,,,,,,,,,,,,,,,,,,,,,,,,
MA,,76 Egmont St. - Spot #1 (ARCHIVED),"76 Egmont Street, Brookline, MA 02446",PERMANENTLY CLOSED,PERMANENTLY CLOSED,0,0,Not Listed,,Not Listed,,Not Listed,,Not Listed,,N/A,N/A,N/A,,,,,,,,,,,,,,,,,,,,,,,,,,,,,,,,,,,,,,,,,,,,,,,,,,,,,,,,,,,,,,,,,,,,,,,,,,,,,,,,,,,,,,,,,,,,,,,,,,,,,,,,,,,,,,,,,,,,,,,,,,,,,,,,,,,,,
MA,86028,76 Egmont St. - Spot #1 or #2 Only,"76 Egmont Street, Brookline, MA 02446",IN OPERATION,Daily Monthly & Event,2,1,Not Listed,,Not Listed,,Not Listed,,Not Listed,,"42.349472,-71.117917",,FIXED,Susan Zappone,Plain(Flat) Access,,,,,,,,,,,,,,,,,,,,,,,,,,,,,,,,,,,,,,,,,,,,,,,,,,,,,,,,,,,,,,,,,,,,,,,,,,,,,,,,,,,,,,,,,,,,,,,,,,,,,,,,,,,,,,,,,,,,,,,,,,,,,,,,,,,
MA,64303,76 Gainsborough St. - Spot #43 (ARCHIVED),"76 Gainsborough Street, Boston, MA, 02115",PERMANENTLY CLOSED,PERMANENTLY CLOSED,0,0,Not Listed,,Not Listed,,Not Listed,,Not Listed,,"42.341972,-71.088556",,FIXED,Leah Foley,,,,,,,,,,,,,,,,,,,,,,,,,,,,,,,,,,,,,,,,,,,,,,,,,,,,,,,,,,,,,,,,,,,,,,,,,,,,,,,,,,,,,,,,,,,,,,,,,,,,,,,,,,,,,,,,,,,,,,,,,,,,,,,,,,,,
MA,67207,76 Gainsborough St. - Spot #47 Only,"76 Gainsborough Street Boston, MA, 02115",IN OPERATION,Events and Daily ONLY,1,N/A,Not Listed,,Not Listed,,Not Listed,,Not Listed,,"42°20'30.8""N 71°05'18.9""W",,FIXED,Alp Kantar; Puspa Jelita,Plain(Flat) Access,,,,,,,,,,,,,,,,,,,,,,,,,,,,,,,,,,,,,,,,,,,,,,,,,,,,,,,,,,,,,,,,,,,,,,,,,,,,,,,,,,,,,,,,,,,,,,,,,,,,,,,,,,,,,,,,,,,,,,,,,,,,,,,,,,,
MA,24505,76 Gainsborough St. - Spot #48 Only,"76 Gainsborough Street, Boston, MA 02115",IN OPERATION,Events and Daily ONLY,1,N/A,Not Listed,,Not Listed,,Not Listed,,Not Listed,,"42°20'31.6""N 71°05'24.0""W",,FIXED,Alp Kantar; Puspa Jelita,Plain(Flat) Access,,,,,,,,,,,,,,,,,,,,,,,,,,,,,,,,,,,,,,,,,,,,,,,,,,,,,,,,,,,,,,,,,,,,,,,,,,,,,,,,,,,,,,,,,,,,,,,,,,,,,,,,,,,,,,,,,,,,,,,,,,,,,,,,,,,
MA,112021,76 Gainsborough St. - Spot #49 Only,"76 Gainsborough Street, Boston, MA 02115",IN OPERATION,Events and Daily ONLY,1,N/A,Not Listed,,Not Listed,,Not Listed,,Not Listed,,"42°20'31.7""N 71°05'23.8""W",,70/30,Laura Darrow,Plain(Flat) Access,,,,,,,,,,,,,,,,,,,,,,,,,,,,,,,,,,,,,,,,,,,,,,,,,,,,,,,,,,,,,,,,,,,,,,,,,,,,,,,,,,,,,,,,,,,,,,,,,,,,,,,,,,,,,,,,,,,,,,,,,,,,,,,,,,,
MA,,76 Gainsborough St. - Spot #53 (ARCHIVED),"76 Gainsborough Street, Boston, MA 02115",PERMANENTLY CLOSED,PERMANENTLY CLOSED,0,0,Not Listed,,Not Listed,,Not Listed,,Not Listed,,"42.342194,-71.088111",,FIXED,Boston Heritage Realty - Rachel Rosadini,,,,,,,,,,,,,,,,,,,,,,,,,,,,,,,,,,,,,,,,,,,,,,,,,,,,,,,,,,,,,,,,,,,,,,,,,,,,,,,,,,,,,,,,,,,,,,,,,,,,,,,,,,,,,,,,,,,,,,,,,,,,,,,,,,,,
MA,111394,76 Gainsborough St. - Spot #54 Only,"76 Gainsborough Street, Boston, MA 02115",IN OPERATION,Events and Daily ONLY,1,N/A,Not Listed,,Not Listed,,Not Listed,,Not Listed,,"42°20'31.6""N 71°05'23.2""W",,FIXED,Eyad salloum,Plain(Flat) Access,,,,,,,,,,,,,,,,,,,,,,,,,,,,,,,,,,,,,,,,,,,,,,,,,,,,,,,,,,,,,,,,,,,,,,,,,,,,,,,,,,,,,,,,,,,,,,,,,,,,,,,,,,,,,,,,,,,,,,,,,,,,,,,,,,,
MA,20417,76 Gainsborough St. - Spot #57,"76 Gainsborough Street, Boston, MA 02115",IN OPERATION,Events and Daily ONLY,1,N/A,Not Listed,,Not Listed,,Not Listed,,Not Listed,,"42°20'31.5""N 71°05'22.9""W",,FIXED,Michelle Mandeville,Plain(Flat) Access,,,,,,,,,,,,,,,,,,,,,,,,,,,,,,,,,,,,,,,,,,,,,,,,,,,,,,,,,,,,,,,,,,,,,,,,,,,,,,,,,,,,,,,,,,,,,,,,,,,,,,,,,,,,,,,,,,,,,,,,,,,,,,,,,,,
MA,109778,76 Gainsborough St. - Spot #62 Only,"76 Gainsborough Street, Boston, MA 02115",IN OPERATION,Events and Daily ONLY,1,N/A,Not Listed,,Not Listed,,Not Listed,,Not Listed,,"42°20'31.4""N 71°05'22.3""W",,FIXED,Sabet Management - ,Plain(Flat) Access,,,,,,,,,,,,,,,,,,,,,,,,,,,,,,,,,,,,,,,,,,,,,,,,,,,,,,,,,,,,,,,,,,,,,,,,,,,,,,,,,,,,,,,,,,,,,,,,,,,,,,,,,,,,,,,,,,,,,,,,,,,,,,,,,,,
MA,89243,76 Gainsborough St. - Spot #8 ONLY,"76 Gainsborough Street Boston, MA, 02115",IN OPERATION,Events and Daily ONLY,1,N/A,Not Listed,,Not Listed,,Not Listed,,Not Listed,,"42.3421077,-71.0896795",,70/30,Michael Kendall,Plain(Flat) Access,,,,,,,,,,,,,,,,,,,,,,,,,,,,,,,,,,,,,,,,,,,,,,,,,,,,,,,,,,,,,,,,,,,,,,,,,,,,,,,,,,,,,,,,,,,,,,,,,,,,,,,,,,,,,,,,,,,,,,,,,,,,,,,,,,,
MA,24737,76 Gainsborough St. - Spot #85 Only,"76 Gainsborough Street Boston, MA, 02115",IN OPERATION,Events and Daily ONLY,1,N/A,Not Listed,,Not Listed,,Not Listed,,Not Listed,,"42°20'30.9""N 71°05'19.5""W",,FIXED,Michelle Mandeville,Plain(Flat) Access,,,,,,,,,,,,,,,,,,,,,,,,,,,,,,,,,,,,,,,,,,,,,,,,,,,,,,,,,,,,,,,,,,,,,,,,,,,,,,,,,,,,,,,,,,,,,,,,,,,,,,,,,,,,,,,,,,,,,,,,,,,,,,,,,,,
MA,109779,76 Gainsborough St. - Spots #28 #29 #30 or #31 Only,"76 Gainsborough Street, Boston, MA 02115",IN OPERATION,Daily Monthly & Event,4,4,Not Listed,,Not Listed,,Not Listed,,Not Listed,,"42°20'31.2""N 71°05'20.1""W",,FIXED,Sabet Management - ,Plain(Flat) Access,,,,,,,,,,,,,,,,,,,,,,,,,,,,,,,,,,,,,,,,,,,,,,,,,,,,,,,,,,,,,,,,,,,,,,,,,,,,,,,,,,,,,,,,,,,,,,,,,,,,,,,,,,,,,,,,,,,,,,,,,,,,,,,,,,,
MA,19942,"76 Gainsborough St. - Spots #32, 33, 34, or 35","76 Gainsborough Street, Boston, MA 02115",IN OPERATION,Events and Daily ONLY,4,N/A,Not Listed,,Not Listed,,Not Listed,,Not Listed,,"42.3419644,-71.0888566",,FIXED,"Boston Management Group
Alp Kantar; Puspa Jelita",Plain(Flat) Access,,,,,,,,,,,,,,,,,,,,,,,,,,,,,,,,,,,,,,,,,,,,,,,,,,,,,,,,,,,,,,,,,,,,,,,,,,,,,,,,,,,,,,,,,,,,,,,,,,,,,,,,,,,,,,,,,,,,,,,,,,,,,,,,,,,
MA,125682,"76 Gainsborough St. - Spots #63, #64 or #65 Only","76 Gainsborough Street, Boston, MA 02115",IN OPERATION,Events and Daily ONLY,3,N/A,Not Listed,,Not Listed,,Not Listed,,Not Listed,,"42°20'31.5""N 71°05'22.4""W",,FIXED,Sabet Management - 69 Gainsborough St LLC,Plain(Flat) Access,,,,,,,,,,,,,,,,,,,,,,,,,,,,,,,,,,,,,,,,,,,,,,,,,,,,,,,,,,,,,,,,,,,,,,,,,,,,,,,,,,,,,,,,,,,,,,,,,,,,,,,,,,,,,,,,,,,,,,,,,,,,,,,,,,,
MA,20181,"76 Gainsborough St. - Spots #9, 10, 11 or #12 Only","76 Gainsborough Street, Boston, MA 02115",IN OPERATION,Events and Daily ONLY,4,N/A,Not Listed,,Not Listed,,Not Listed,,Not Listed,,"42.3421077,-71.0896795",,FIXED,Alp Kantar; Puspa Jelita,Plain(Flat) Access,,,,,,,,,,,,,,,,,,,,,,,,,,,,,,,,,,,,,,,,,,,,,,,,,,,,,,,,,,,,,,,,,,,,,,,,,,,,,,,,,,,,,,,,,,,,,,,,,,,,,,,,,,,,,,,,,,,,,,,,,,,,,,,,,,,
ON,134496,76 Granby St. - Spot #1 Only (ARCHIVED),"76 Granby St, Toronto, ON M5B 2J5, Canada",PERMANENTLY CLOSED,Daily Only,1,N/A,Not Listed,,Not Listed,,Not Listed,,Not Listed,,"43°39'40.4""N 79°22'46.1""W",,,"Min-Chen, Hung ",,,,,,,,,,,,,,,,,,,,,,,,,,,,,,,,,,,,,,,,,,,,,,,,,,,,,,,,,,,,,,,,,,,,,,,,,,,,,,,,,,,,,,,,,,,,,,,,,,,,,,,,,,,,,,,,,,,,,,,,,,,,,,,,,,,,
WASHINGTON DC,,762 Park Rd. NW - Spot #2 Only (ARCHIVED),"762 Park Road Northwest Washington, DC, 20010",PERMANENTLY CLOSED,PERMANENTLY CLOSED,0,0,Not Listed,,Not Listed,,Not Listed,,Not Listed,,N/A,N/A,N/A,James Strenger,,,,,,,,,,,,,,,,,,,,,,,,,,,,,,,,,,,,,,,,,,,,,,,,,,,,,,,,,,,,,,,,,,,,,,,,,,,,,,,,,,,,,,,,,,,,,,,,,,,,,,,,,,,,,,,,,,,,,,,,,,,,,,,,,,,,
MA,135354,76 Rockland St. - Spot #1 or #2 Only,"76 Rockland Street Boston, MA, 02119",IN OPERATION,Daily Only,2,N/A,Not Listed,,Not Listed,,Not Listed,,Not Listed,,"42°19'20.5""N 71°05'13.2""W",,,,,,,,,,,,,,,,,,,,,,,,,,,,,,,,,,,,,,,,,,,,,,,,,,,,,,,,,,,,,,,,,,,,,,,,,,,,,,,,,,,,,,,,,,,,,,,,,,,,,,,,,,,,,,,,,,,,,,,,,,,,,,,,,,,,,,,
MA,24413,"76-78 St. Stephen St. - Whole Tandem Rows - Spot #1, #2, #3 ,#4 or #5","76 Saint Stephen Street, Boston, MA 02115",IN OPERATION,Events and Daily ONLY,5,N/A,Not Listed,,Not Listed,,Not Listed,,Not Listed,,"42.3415224,-71.08773049999999",,FIXED,"Boston Management Group
Alp Kantar; Puspa Jelita",Plain(Flat) Access,,,,,,,,,,,,,,,,,,,,,,,,,,,,,,,,,,,,,,,,,,,,,,,,,,,,,,,,,,,,,,,,,,,,,,,,,,,,,,,,,,,,,,,,,,,,,,,,,,,,,,,,,,,,,,,,,,,,,,,,,,,,,,,,,,,
MA,46285,76-78 St. Stephen St. - Whole Tandem Row - Spot #5 (ARCHIVED),"78 Saint Stephen Street, Boston, MA 02115",PERMANENTLY CLOSED,PERMANENTLY CLOSED,1,0,Not Listed,,Not Listed,,Not Listed,,Not Listed,,"42.341528, -71.087810",,FIXED,"Boston Management Group
Alp Kantar; Puspa Jelita",Plain(Flat) Access,,,,,,,,,,,,,,,,,,,,,,,,,,,,,,,,,,,,,,,,,,,,,,,,,,,,,,,,,,,,,,,,,,,,,,,,,,,,,,,,,,,,,,,,,,,,,,,,,,,,,,,,,,,,,,,,,,,,,,,,,,,,,,,,,,,
CO,133404,760 32nd St. - Spot #2 Only,"760 32nd St, Denver, CO 80205, USA",IN OPERATION,Daily Only,1,N/A,Not Listed,,Not Listed,,Not Listed,,Not Listed,,"39°45'37.2""N 104°58'24.7""W",,,Ian Toner,,,,,,,,,,,,,,,,,,,,,,,,,,,,,,,,,,,,,,,,,,,,,,,,,,,,,,,,,,,,,,,,,,,,,,,,,,,,,,,,,,,,,,,,,,,,,,,,,,,,,,,,,,,,,,,,,,,,,,,,,,,,,,,,,,,,
MA,45855,"77 Chiswick Rd. (1778 Commonwealth Ave.) - Driveway Spots #1, #2 or #3 Only","77 Chiswick Road, Boston, MA 02135",IN OPERATION,Daily&Monthly,3,2,Not Listed,,Not Listed,,Not Listed,,Not Listed,,"42.340084, -71.150166",,FIXED,Chi - Tenant Cloud,Steep Access(inclined),,,,,,,,,,,,,,,,,,,,,,,,,,,,,,,,,,,,,,,,,,,,,,,,,,,,,,,,,,,,,,,,,,,,,,,,,,,,,,,,,,,,,,,,,,,,,,,,,,,,,,,,,,,,,,,,,,,,,,,,,,,,,,,,,,,
MA,,77 Liverpool St.- Garage #1 only (ARCHIVED),"77-85 Liverpool St Boston, MA, 02128",PERMANENTLY CLOSED,PERMANENTLY CLOSED,0,0,Not Listed,,Not Listed,,Not Listed,,Not Listed,,N/A,N/A,N/A,Parking Boston Inc. - Jasmine Taylor,,,,,,,,,,,,,,,,,,,,,,,,,,,,,,,,,,,,,,,,,,,,,,,,,,,,,,,,,,,,,,,,,,,,,,,,,,,,,,,,,,,,,,,,,,,,,,,,,,,,,,,,,,,,,,,,,,,,,,,,,,,,,,,,,,,,
IL,117400,7710 N Marshfield Ave. - Left Spot Only (ARCHIVED),"7710 N Marshfield Ave, Chicago, IL 60626, USA",PERMANENTLY CLOSED,Daily Only,1,N/A,Not Listed,,Not Listed,,Not Listed,,Not Listed,,N/A,N/A,70/30,Tony Liu,Plain(Flat) Access,,,,,,,,,,,,,,,,,,,,,,,,,,,,,,,,,,,,,,,,,,,,,,,,,,,,,,,,,,,,,,,,,,,,,,,,,,,,,,,,,,,,,,,,,,,,,,,,,,,,,,,,,,,,,,,,,,,,,,,,,,,,,,,,,,,
MA,78132,"77-85 Liverpool St. - Spot #3, 6, 7, 8, 9, or 10 only","85 Liverpool Street, Boston, MA, 02128",IN OPERATION,Daily&Monthly,6,5,Not Listed,,Not Listed,,Not Listed,,Not Listed,,"42.3720417,-71.04083920000001",,FIXED,Parking Boston Inc. - Jasmine Taylor,Plain(Flat) Access,,,,,,,,,,,,,,,,,,,,,,,,,,,,,,,,,,,,,,,,,,,,,,,,,,,,,,,,,,,,,,,,,,,,,,,,,,,,,,,,,,,,,,,,,,,,,,,,,,,,,,,,,,,,,,,,,,,,,,,,,,,,,,,,,,,
MA,93244,"78 Adamson St. - Garage Spot #1, 2, 3, 6 or 7 Only",78 Adamson St. Brighton MA 02135,IN OPERATION,Daily&Monthly,5,4,Not Listed,,Not Listed,,Not Listed,,Not Listed,,"42.358139,-71.133583",,FIXED,Parking Boston Inc.,Plain(Flat) Access,,,,,,,,,,,,,,,,,,,,,,,,,,,,,,,,,,,,,,,,,,,,,,,,,,,,,,,,,,,,,,,,,,,,,,,,,,,,,,,,,,,,,,,,,,,,,,,,,,,,,,,,,,,,,,,,,,,,,,,,,,,,,,,,,,,
MA,85997,79 Linden St. - Spot #1 or #2 Only,"79 Linden Street, Boston, MA, 02134",IN OPERATION,Events and Daily ONLY,2,N/A,Not Listed,,Not Listed,,Not Listed,,Not Listed,,"42°21'07.7""N 71°07'49.3""W",,FIXED,Parking Boston Inc. - Jasmine Taylor,Steep Access(inclined),Spot#1 not accessible due to pile of snow,,,,,,,,,,,,,,,,,,,,,,,,,,,,,,,,,,,,,,,,,,,,,,,,,,,,,,,,,,,,,,,,,,,,,,,,,,,,,,,,,,,,,,,,,,,,,,,,,,,,,,,,,,,,,,,,,,,,,,,,,,,,,,,,,,
MA,20149,"79 Thatcher St. (90 Thatcher St.) - Spots #1, 2, 3, or 4 Only","90 Thatcher Street, Brookline, MA 02446",IN OPERATION,Daily Monthly & Event,4,3,Not Listed,,Not Listed,,Not Listed,,Not Listed,,"42.348528,-71.118",,FIXED,Hamilton Company,Plain(Flat) Access,,,,,,,,,,,,,,,,,,,,,,,,,,,,,,,,,,,,,,,,,,,,,,,,,,,,,,,,,,,,,,,,,,,,,,,,,,,,,,,,,,,,,,,,,,,,,,,,,,,,,,,,,,,,,,,,,,,,,,,,,,,,,,,,,,,
MA,44667,"7-9 Warwick St. - Spot #1, 2, 3, or 4 Only","9 Warwick StreetBoston, MA, 02120",IN OPERATION,Daily Monthly & Event,4,3,Not Listed,,Not Listed,,Not Listed,,Not Listed,,"42.33625,-71.084139",,FIXED,Parking Boston Inc. - Jasmine Taylor / BMG,Plain(Flat) Access,Vehicle stuck due to ice and slippery,,,,,,,,,,,,,,,,,,,,,,,,,,,,,,,,,,,,,,,,,,,,,,,,,,,,,,,,,,,,,,,,,,,,,,,,,,,,,,,,,,,,,,,,,,,,,,,,,,,,,,,,,,,,,,,,,,,,,,,,,,,,,,,,,,
MA,97401,79 Worcester St. - Angle Spot,79 Worcester Street Boston MA 02118,IN OPERATION,Events and Daily ONLY,1,N/A,Not Listed,,Not Listed,,Not Listed,,Not Listed,,"42.339667,-71.07775",,FIXED,Richard D. Hall,Plain(Flat) Access,,,,,,,,,,,,,,,,,,,,,,,,,,,,,,,,,,,,,,,,,,,,,,,,,,,,,,,,,,,,,,,,,,,,,,,,,,,,,,,,,,,,,,,,,,,,,,,,,,,,,,,,,,,,,,,,,,,,,,,,,,,,,,,,,,,
MA,85426,7-9-9R Winship St. - Spot #1 or #3 Only,"7 Winship Street, Boston, MA, 02135",IN OPERATION,Daily&Monthly,2,1,Not Listed,,Not Listed,,Not Listed,,Not Listed,,"42.348417,-71.151111",,FIXED,Green Ocean Property Management,Plain(Flat) Access,,,,,,,,,,,,,,,,,,,,,,,,,,,,,,,,,,,,,,,,,,,,,,,,,,,,,,,,,,,,,,,,,,,,,,,,,,,,,,,,,,,,,,,,,,,,,,,,,,,,,,,,,,,,,,,,,,,,,,,,,,,,,,,,,,,
MA,24440,8 Douglass St. - Spots #1 or 2,"8 Douglass Street, Cambridge, MA 02139",IN OPERATION,Daily Only,2,N/A,Not Listed,,Not Listed,,Not Listed,,Not Listed,,"42°21'51.5""N 71°06'02.6""W",,FIXED,Oliver,Plain(Flat) Access,,,,,,,,,,,,,,,,,,,,,,,,,,,,,,,,,,,,,,,,,,,,,,,,,,,,,,,,,,,,,,,,,,,,,,,,,,,,,,,,,,,,,,,,,,,,,,,,,,,,,,,,,,,,,,,,,,,,,,,,,,,,,,,,,,,
MA,81594,8 Feneno Terrace - Spot #2 Only,"8 Feneno Terrace Boston, MA, 02134",IN OPERATION,Daily Only,1,N/A,Not Listed,,Not Listed,,Not Listed,,Not Listed,,"42.348,-71.13175",,FIXED,Eric Low,Plain(Flat) Access,,,,,,,,,,,,,,,,,,,,,,,,,,,,,,,,,,,,,,,,,,,,,,,,,,,,,,,,,,,,,,,,,,,,,,,,,,,,,,,,,,,,,,,,,,,,,,,,,,,,,,,,,,,,,,,,,,,,,,,,,,,,,,,,,,,
MA,103047,"8 Glenville Ave. - Spots #2, 3, 4, or 5 Only","8 Glenville Avenue Boston, MA, 02134",IN OPERATION,Daily Monthly & Event,4,3,Not Listed,,Not Listed,,Not Listed,,Not Listed,,"42.350611,-71.131583",,FIXED,Yan Schechter,Plain(Flat) Access,,,,,,,,,,,,,,,,,,,,,,,,,,,,,,,,,,,,,,,,,,,,,,,,,,,,,,,,,,,,,,,,,,,,,,,,,,,,,,,,,,,,,,,,,,,,,,,,,,,,,,,,,,,,,,,,,,,,,,,,,,,,,,,,,,,
MA,109777,"8 Orchard St. - Spots #2, 3, 4, 5, 6, 11, or #12 Only","8 Orchard Street, Cambridge, MA 02140",IN OPERATION,Daily Monthly & Event,7,6,Not Listed,,Not Listed,,Not Listed,,Not Listed,,"42.390139,-71.119333",,FIXED,Siyin Qu,Plain(Flat) Access,,,,,,,,,,,,,,,,,,,,,,,,,,,,,,,,,,,,,,,,,,,,,,,,,,,,,,,,,,,,,,,,,,,,,,,,,,,,,,,,,,,,,,,,,,,,,,,,,,,,,,,,,,,,,,,,,,,,,,,,,,,,,,,,,,,
MA,87997,"8 St Lukes Rd. - Spots #1, #3 or #4 Only","8 Saint Lukes Road Boston, MA, 02134",IN OPERATION,Daily Only,3,N/A,Not Listed,,Not Listed,,Not Listed,,Not Listed,,"42°21'05.6""N 71°07'35.6""W",,FIXED,Yan Schechter,Plain(Flat) Access,,,,,,,,,,,,,,,,,,,,,,,,,,,,,,,,,,,,,,,,,,,,,,,,,,,,,,,,,,,,,,,,,,,,,,,,,,,,,,,,,,,,,,,,,,,,,,,,,,,,,,,,,,,,,,,,,,,,,,,,,,,,,,,,,,,
MA,29062,80 Fenway - Angle Parking,"80 Fenway, Boston, MA 02115",PERMANENTLY CLOSED,Events and Daily ONLY,2,N/A,Not Listed,,Not Listed,,Not Listed,,Not Listed,,"42.3425,-71.09075",,FIXED,Parking Boston Inc. - Jasmine Taylor,Plain(Flat) Access,,,,,,,,,,,,,,,,,,,,,,,,,,,,,,,,,,,,,,,,,,,,,,,,,,,,,,,,,,,,,,,,,,,,,,,,,,,,,,,,,,,,,,,,,,,,,,,,,,,,,,,,,,,,,,,,,,,,,,,,,,,,,,,,,,,
MA,,80 Fenway - Middle Spot (ARCHIVED),"80 Fenway, Boston, MA 02115",PERMANENTLY CLOSED,PERMANENTLY CLOSED,0,0,Not Listed,,Not Listed,,Not Listed,,Not Listed,,N/A,N/A,N/A,Jason Hemann,,,,,,,,,,,,,,,,,,,,,,,,,,,,,,,,,,,,,,,,,,,,,,,,,,,,,,,,,,,,,,,,,,,,,,,,,,,,,,,,,,,,,,,,,,,,,,,,,,,,,,,,,,,,,,,,,,,,,,,,,,,,,,,,,,,,
MA,,80 Sudan St - Whole Tandem Row Parking (ARCHIVED),"80 Sudan Street, Boston, MA 02125",PERMANENTLY CLOSED,PERMANENTLY CLOSED,0,0,Not Listed,,Not Listed,,Not Listed,,Not Listed,,N/A,N/A,N/A,Alp Kantar; Puspa Jelita,,,,,,,,,,,,,,,,,,,,,,,,,,,,,,,,,,,,,,,,,,,,,,,,,,,,,,,,,,,,,,,,,,,,,,,,,,,,,,,,,,,,,,,,,,,,,,,,,,,,,,,,,,,,,,,,,,,,,,,,,,,,,,,,,,,,
MA,123811,80 W Concord St. - Spot #5 Only,"80 West Concord Street, Boston, MA 02118",IN OPERATION,Events and Daily ONLY,1,N/A,Not Listed,,Not Listed,,Not Listed,,Not Listed,,"42.338222,-71.075917",,FIXED,Christopher Miner,Plain(Flat) Access,,,,,,,,,,,,,,,,,,,,,,,,,,,,,,,,,,,,,,,,,,,,,,,,,,,,,,,,,,,,,,,,,,,,,,,,,,,,,,,,,,,,,,,,,,,,,,,,,,,,,,,,,,,,,,,,,,,,,,,,,,,,,,,,,,,
MA,20385,80 Wallingford Rd. - Left or Right Garage,"80 Wallingford Road, Boston, MA 02135",IN OPERATION,Daily&Monthly,2,1,Not Listed,,Not Listed,,Not Listed,,Not Listed,,"42°20'38.4""N 71°09'08.0""W",,70/30,Stella Chan,Plain(Flat) Access,,,,,,,,,,,,,,,,,,,,,,,,,,,,,,,,,,,,,,,,,,,,,,,,,,,,,,,,,,,,,,,,,,,,,,,,,,,,,,,,,,,,,,,,,,,,,,,,,,,,,,,,,,,,,,,,,,,,,,,,,,,,,,,,,,,
MA,20386,80 Wallingford Rd. - Outdoor Spot #1 Only,"80 Wallingford Road, Boston, MA 02135",IN OPERATION,Daily Only,1,N/A,Not Listed,,Not Listed,,Not Listed,,Not Listed,,"42.34407849999999,-71.1522552",,70/30,Stella Chan,Plain(Flat) Access,,,,,,,,,,,,,,,,,,,,,,,,,,,,,,,,,,,,,,,,,,,,,,,,,,,,,,,,,,,,,,,,,,,,,,,,,,,,,,,,,,,,,,,,,,,,,,,,,,,,,,,,,,,,,,,,,,,,,,,,,,,,,,,,,,,
MA,108523,80 Wallingford Rd. - Parallel Spots #1 or 2,"80 Wallingford Road, Boston, MA 02135",IN OPERATION,Daily&Monthly,2,1,Not Listed,,Not Listed,,Not Listed,,Not Listed,,"42.343944,-71.152278",,70/30,Stella Chan ,Plain(Flat) Access,,,,,,,,,,,,,,,,,,,,,,,,,,,,,,,,,,,,,,,,,,,,,,,,,,,,,,,,,,,,,,,,,,,,,,,,,,,,,,,,,,,,,,,,,,,,,,,,,,,,,,,,,,,,,,,,,,,,,,,,,,,,,,,,,,,
MA,107501,81 Brayton Rd. - Driveway Spot Only,"81 Brayton Rd, Boston, MA 02135, USA",IN OPERATION,Daily&Monthly,1,1,Not Listed,,Not Listed,,Not Listed,,Not Listed,,"42.348972,-71.170444",,70/30,June Homes - Ferran ,Plain(Flat) Access,,,,,,,,,,,,,,,,,,,,,,,,,,,,,,,,,,,,,,,,,,,,,,,,,,,,,,,,,,,,,,,,,,,,,,,,,,,,,,,,,,,,,,,,,,,,,,,,,,,,,,,,,,,,,,,,,,,,,,,,,,,,,,,,,,,
MA,,81 Cambridge St. - Spots #8-15 (ARCHIVED),"81 Cambridge Street, Boston, MA 02129",PERMANENTLY CLOSED,PERMANENTLY CLOSED,0,0,Not Listed,,Not Listed,,Not Listed,,Not Listed,,N/A,N/A,N/A,Stanhope,,,,,,,,,,,,,,,,,,,,,,,,,,,,,,,,,,,,,,,,,,,,,,,,,,,,,,,,,,,,,,,,,,,,,,,,,,,,,,,,,,,,,,,,,,,,,,,,,,,,,,,,,,,,,,,,,,,,,,,,,,,,,,,,,,,,
MA,117797,81 Chelsea St. - Lot,"81 Chelsea Street, Boston, MA 02128",IN OPERATION,Daily&Monthly,10,9,Listed,0,Not Listed,,Not Listed,,Not Listed,,"42.371849,-71.036243",,70/30,Anthony Cristallo,Plain(Flat) Access,,,,,,,,,,,,,,,,,,,,,,,,,,,,,,,,,,,,,,,,,,,,,,,,,,,,,,,,,,,,,,,,,,,,,,,,,,,,,,,,,,,,,,,,,,,,,,,,,,,,,,,,,,,,,,,,,,,,,,,,,,,,,,,,,,,
MA,116390,81 Chelsea St. - Outdoor Spot #1 Only,"81 Chelsea Street, Boston, MA 02128",IN OPERATION,Daily Only,1,N/A,Not Listed,,Not Listed,,Not Listed,,Not Listed,,"42.371849,-71.036243",,FIXED,Anthony Cristallo,Plain(Flat) Access,,,,,,,,,,,,,,,,,,,,,,,,,,,,,,,,,,,,,,,,,,,,,,,,,,,,,,,,,,,,,,,,,,,,,,,,,,,,,,,,,,,,,,,,,,,,,,,,,,,,,,,,,,,,,,,,,,,,,,,,,,,,,,,,,,,
MA,107104,81 E Brookline St. - Right Spot Only,"81 East Brookline Street, Boston, MA, 02118",IN OPERATION,Events and Daily ONLY,1,N/A,Not Listed,,Not Listed,,Not Listed,,Not Listed,,"42°20'16.0""N 71°04'13.2""W",,FIXED,Parking Boston Inc - Jasmine,Plain(Flat) Access,,,,,,,,,,,,,,,,,,,,,,,,,,,,,,,,,,,,,,,,,,,,,,,,,,,,,,,,,,,,,,,,,,,,,,,,,,,,,,,,,,,,,,,,,,,,,,,,,,,,,,,,,,,,,,,,,,,,,,,,,,,,,,,,,,,
MA,121029,81 Hillside St. - Garage Spot,"81 Hillside Street, Boston, MA 02120",IN OPERATION,Daily Only,1,N/A,Not Listed,,Not Listed,,Not Listed,,Not Listed,,"42.330778,-71.103",,70/30,Groma Property Management,Plain(Flat) Access,,,,,,,,,,,,,,,,,,,,,,,,,,,,,,,,,,,,,,,,,,,,,,,,,,,,,,,,,,,,,,,,,,,,,,,,,,,,,,,,,,,,,,,,,,,,,,,,,,,,,,,,,,,,,,,,,,,,,,,,,,,,,,,,,,,
MA,111822,"81 Huron Ave. (2 Sherman St.) - Spots #1, 2, 3, 4, 5, 6, 7, 8, or 9 Only","81 Huron Ave, Cambridge, MA 02138, USA",IN OPERATION,Daily&Monthly,9,7,Listed,3,Listed,1,Listed,1,Not Listed,,"42.38425,-71.129194",,FIXED,EA Infinity LLC,Plain(Flat) Access,,,,,,,,,,,,,,,,,,,,,,,,,,,,,,,,,,,,,,,,,,,,,,,,,,,,,,,,,,,,,,,,,,,,,,,,,,,,,,,,,,,,,,,,,,,,,,,,,,,,,,,,,,,,,,,,,,,,,,,,,,,,,,,,,,,
MA,131623,81 St Botolph St. - Right Spot Only,"81 Saint Botolph Street Boston, MA, 02116",IN OPERATION,Events and Daily ONLY,1,N/A,Not Listed,,Not Listed,,Not Listed,,Not Listed,,"42°20'44.2""N 71°04'50.1""W",,,David Goldfisher,Plain(Flat) Access,,,,,,,,,,,,,,,,,,,,,,,,,,,,,,,,,,,,,,,,,,,,,,,,,,,,,,,,,,,,,,,,,,,,,,,,,,,,,,,,,,,,,,,,,,,,,,,,,,,,,,,,,,,,,,,,,,,,,,,,,,,,,,,,,,,
MA,100338,81 Summer St. - Spot E,"81 Summer St, Somerville, MA 02143, USA",IN OPERATION,Daily Only,1,N/A,Not Listed,,Not Listed,,Not Listed,,Not Listed,,"42.384752,-71.100906",,FIXED,Parking Boston Inc - Jasmine,Plain(Flat) Access,,,,,,,,,,,,,,,,,,,,,,,,,,,,,,,,,,,,,,,,,,,,,,,,,,,,,,,,,,,,,,,,,,,,,,,,,,,,,,,,,,,,,,,,,,,,,,,,,,,,,,,,,,,,,,,,,,,,,,,,,,,,,,,,,,,
MA,135355,"81 Winter St. - Spots #1, #3, #6 or #7 Only","81 Winter Street Cambridge, MA, 02141",IN OPERATION,Daily&Monthly,4,2,Not Listed,,Not Listed,,Not Listed,,Not Listed,,"42°22'21.9""N 71°04'55.0""W",,,,,,,,,,,,,,,,,,,,,,,,,,,,,,,,,,,,,,,,,,,,,,,,,,,,,,,,,,,,,,,,,,,,,,,,,,,,,,,,,,,,,,,,,,,,,,,,,,,,,,,,,,,,,,,,,,,,,,,,,,,,,,,,,,,,,,,
CA,148540,812 Bay St. - Spot E Only,"812 Bay Street San Francisco, CA, 94109",IN OPERATION,Daily Only,1,N/A,Not Listed,,Not Listed,,Not Listed,,Not Listed,,"37°48'18.7""N 122°25'14.5""W",,,,,,,,,,,,,,,,,,,,,,,,,,,,,,,,,,,,,,,,,,,,,,,,,,,,,,,,,,,,,,,,,,,,,,,,,,,,,,,,,,,,,,,,,,,,,,,,,,,,,,,,,,,,,,,,,,,,,,,,,,,,,,,,,,,,,,,
IL,108522,"814 W Newport Ave. - Alley Spots #2, 3, 4 or #5 Only","814 West Newport Avenue, Chicago, IL, 60657",IN OPERATION,Events and Daily ONLY,4,N/A,Not Listed,,Listed,0,Not Listed,,Not Listed,,"41°56'41.6""N 87°39'00.1""W",,70/30,Scott Brown,Plain(Flat) Access,,,,,,,,,,,,,,,,,,,,,,,,,,,,,,,,,,,,,,,,,,,,,,,,,,,,,,,,,,,,,,,,,,,,,,,,,,,,,,,,,,,,,,,,,,,,,,,,,,,,,,,,,,,,,,,,,,,,,,,,,,,,,,,,,,,
IL,,814 W Newport Ave. - Lot (Archived),"814 West Newport Avenue Chicago, IL, 60657",PERMANENTLY CLOSED,PERMANENTLY CLOSED,0,0,Not Listed,,Not Listed,,Not Listed,,Not Listed,,N/A,N/A,N/A,,,,,,,,,,,,,,,,,,,,,,,,,,,,,,,,,,,,,,,,,,,,,,,,,,,,,,,,,,,,,,,,,,,,,,,,,,,,,,,,,,,,,,,,,,,,,,,,,,,,,,,,,,,,,,,,,,,,,,,,,,,,,,,,,,,,,
IL,131689,814 W Newport Ave. - Spot #1 Only,"814 West Newport Avenue Chicago, IL, 60657",IN OPERATION,Events and Daily ONLY,1,N/A,Not Listed,,Not Listed,,Not Listed,,Not Listed,,"41°56'41.8""N 87°39'01.3""W",,70/30,Scott Brown,Plain(Flat) Access,,,,,,,,,,,,,,,,,,,,,,,,,,,,,,,,,,,,,,,,,,,,,,,,,,,,,,,,,,,,,,,,,,,,,,,,,,,,,,,,,,,,,,,,,,,,,,,,,,,,,,,,,,,,,,,,,,,,,,,,,,,,,,,,,,,
MD,117304,816 Peach St. - Spot #6 Only,"816 Peach Street, Baltimore, MD 21230",IN OPERATION,Event Only,1,0,Not Listed,,Not Listed,,Not Listed,,Not Listed,,"39.279861,-76.61725",,70/30,Rob Schweitzer,,,,,,,,,,,,,,,,,,,,,,,,,,,,,,,,,,,,,,,,,,,,,,,,,,,,,,,,,,,,,,,,,,,,,,,,,,,,,,,,,,,,,,,,,,,,,,,,,,,,,,,,,,,,,,,,,,,,,,,,,,,,,,,,,,,,
IL,94598,817 N Milwaukee Ave - spot #2 only,817 N Milwaukee Ave Chicago Illinois 60642,IN OPERATION,Daily Only,1,N/A,Not Listed,,Not Listed,,Not Listed,,Not Listed,,"41.896861,-87.655722",,70/30,Anthony Cribbin,Plain(Flat) Access,,,,,,,,,,,,,,,,,,,,,,,,,,,,,,,,,,,,,,,,,,,,,,,,,,,,,,,,,,,,,,,,,,,,,,,,,,,,,,,,,,,,,,,,,,,,,,,,,,,,,,,,,,,,,,,,,,,,,,,,,,,,,,,,,,,
FL,,820 Euclid Ave. - Left Side (ARCHIVED),"820 Euclid Avenue Miami Beach, FL, 33139",PERMANENTLY CLOSED,PERMANENTLY CLOSED,0,0,Not Listed,,Not Listed,,Not Listed,,Not Listed,,N/A,N/A,N/A,,,,,,,,,,,,,,,,,,,,,,,,,,,,,,,,,,,,,,,,,,,,,,,,,,,,,,,,,,,,,,,,,,,,,,,,,,,,,,,,,,,,,,,,,,,,,,,,,,,,,,,,,,,,,,,,,,,,,,,,,,,,,,,,,,,,,
IL,60476,"821 N Hermitage Ave. - Left, Middle or Right Spot","821 North Hermitage Avenue Chicago, IL, 60622",IN OPERATION,Daily&Monthly,3,2,Not Listed,,Not Listed,,Not Listed,,Not Listed,,"41.896667,-87.670472",,FIXED,Randel Castro,Plain(Flat) Access,,,,,,,,,,,,,,,,,,,,,,,,,,,,,,,,,,,,,,,,,,,,,,,,,,,,,,,,,,,,,,,,,,,,,,,,,,,,,,,,,,,,,,,,,,,,,,,,,,,,,,,,,,,,,,,,,,,,,,,,,,,,,,,,,,,
IL,144638,822 W Newport Ave. - Left Spot Only,"822 West Newport Avenue Chicago, IL 60657",IN OPERATION,Events and Daily ONLY,1,N/A,Not Listed,,Not Listed,,Not Listed,,Not Listed,,"41°56'41.8""N 87°39'01.3""W",,,,,,,,,,,,,,,,,,,,,,,,,,,,,,,,,,,,,,,,,,,,,,,,,,,,,,,,,,,,,,,,,,,,,,,,,,,,,,,,,,,,,,,,,,,,,,,,,,,,,,,,,,,,,,,,,,,,,,,,,,,,,,,,,,,,,,,
MA,118325,"83 Longwood Ave. - Parallel Spots #1, 2, or 3 Only","83 Longwood Ave, Brookline, MA 02446, USA",IN OPERATION,Daily Monthly & Event,3,2,Not Listed,,Not Listed,,Not Listed,,Not Listed,,"42.340861,-71.117028",,FIXED,Jasmine-Parking Boston Inc.,Plain(Flat) Access,,,,,,,,,,,,,,,,,,,,,,,,,,,,,,,,,,,,,,,,,,,,,,,,,,,,,,,,,,,,,,,,,,,,,,,,,,,,,,,,,,,,,,,,,,,,,,,,,,,,,,,,,,,,,,,,,,,,,,,,,,,,,,,,,,,
MA,98888,83 St Botolph St. (83 Public Alley 402) - Left Spot Only,"83 Saint Botolph Street, Boston, MA, 02116",IN OPERATION,Events and Daily ONLY,1,N/A,Not Listed,,Not Listed,,Not Listed,,Not Listed,,"42.345528,-71.080639",,FIXED,Tara Courtney,Plain(Flat) Access,,,,,,,,,,,,,,,,,,,,,,,,,,,,,,,,,,,,,,,,,,,,,,,,,,,,,,,,,,,,,,,,,,,,,,,,,,,,,,,,,,,,,,,,,,,,,,,,,,,,,,,,,,,,,,,,,,,,,,,,,,,,,,,,,,,
NJ,,830 Pavonia Ave. - Spot #2 Only (ARCHIVED),"830 Pavonia Avenue, Jersey City, NJ 07306",PERMANENTLY CLOSED,PERMANENTLY CLOSED,0,0,Not Listed,,Not Listed,,Not Listed,,Not Listed,,N/A,N/A,N/A,Jay Sanghvi,,,,,,,,,,,,,,,,,,,,,,,,,,,,,,,,,,,,,,,,,,,,,,,,,,,,,,,,,,,,,,,,,,,,,,,,,,,,,,,,,,,,,,,,,,,,,,,,,,,,,,,,,,,,,,,,,,,,,,,,,,,,,,,,,,,,
IL,7731,834 W Roscoe St. - Spot #2 or 3 Only,"834 West Roscoe Street, Chicago, IL 60657",IN OPERATION,Events and Daily ONLY,2,N/A,Not Listed,,Not Listed,,Not Listed,,Not Listed,,"41.943944,-87.650806",,FIXED,Nat Lawrence and Gael Morris,Plain(Flat) Access,,,,,,,,,,,,,,,,,,,,,,,,,,,,,,,,,,,,,,,,,,,,,,,,,,,,,,,,,,,,,,,,,,,,,,,,,,,,,,,,,,,,,,,,,,,,,,,,,,,,,,,,,,,,,,,,,,,,,,,,,,,,,,,,,,,
MA,94101,"835 Columbus Ave. - Green Reserved 1, 2 or 3","835 Columbus Ave, Boston, MA 02120, USA",IN OPERATION,Events and Daily ONLY,3,N/A,Not Listed,,Not Listed,,Not Listed,,Not Listed,,"42.336177, -71.088184",,FIXED,Parking Boston Inc.,Plain(Flat) Access,,,,,,,,,,,,,,,,,,,,,,,,,,,,,,,,,,,,,,,,,,,,,,,,,,,,,,,,,,,,,,,,,,,,,,,,,,,,,,,,,,,,,,,,,,,,,,,,,,,,,,,,,,,,,,,,,,,,,,,,,,,,,,,,,,,
WASHINGTON DC,19029,835 New Hampshire Ave. NW - Driveway Spot,"835 New Hampshire Avenue Northwest, Washington, DC 20037",IN OPERATION,Events and Daily ONLY,2,N/A,Not Listed,,Not Listed,,Not Listed,,Not Listed,,"38.9004875,-77.05171279999999",,FIXED,Mark Toufanian,,,,,,,,,,,,,,,,,,,,,,,,,,,,,,,,,,,,,,,,,,,,,,,,,,,,,,,,,,,,,,,,,,,,,,,,,,,,,,,,,,,,,,,,,,,,,,,,,,,,,,,,,,,,,,,,,,,,,,,,,,,,,,,,,,,,
MA,140951,84 Euston Rd. - Left Spot Only,"84 Euston Road Boston, MA, 02135",IN OPERATION,Daily Only,1,N/A,Not Listed,,Not Listed,,Not Listed,,Not Listed,,"42°20'38.2""N 71°08'43.6""W",,,,,,,,,,,,,,,,,,,,,,,,,,,,,,,,,,,,,,,,,,,,,,,,,,,,,,,,,,,,,,,,,,,,,,,,,,,,,,,,,,,,,,,,,,,,,,,,,,,,,,,,,,,,,,,,,,,,,,,,,,,,,,,,,,,,,,,
MA,49089,"84 Fenway - Spots #1, #2, #3 or #4 Only","84 Fenway, Boston, MA 02115",IN OPERATION,Events and Daily ONLY,4,N/A,Not Listed,,Not Listed,,Not Listed,,Not Listed,,"42.342306,-71.090806",,FIXED,ALPHA MANAGEMENT,Plain(Flat) Access,,,,,,,,,,,,,,,,,,,,,,,,,,,,,,,,,,,,,,,,,,,,,,,,,,,,,,,,,,,,,,,,,,,,,,,,,,,,,,,,,,,,,,,,,,,,,,,,,,,,,,,,,,,,,,,,,,,,,,,,,,,,,,,,,,,
MA,81792,84 Fenway - Spot #5 only,"84 Fenway Boston, MA, 02115",IN OPERATION,Events and Daily ONLY,1,N/A,Not Listed,,Not Listed,,Not Listed,,Not Listed,,"42.342389,-71.090806",,FIXED,ALPHA MANAGEMENT,Plain(Flat) Access,,,,,,,,,,,,,,,,,,,,,,,,,,,,,,,,,,,,,,,,,,,,,,,,,,,,,,,,,,,,,,,,,,,,,,,,,,,,,,,,,,,,,,,,,,,,,,,,,,,,,,,,,,,,,,,,,,,,,,,,,,,,,,,,,,,
CA,144630,8405 West Blvd. - Whole Tandem Driveway Spot,"8405 West Boulevard Inglewood, CA 90305",IN OPERATION,Event Only,1,N/A,Not Listed,,Not Listed,,Not Listed,,Not Listed,,"33°57'41.6""N 118°20'05.8""W",,,,,,,,,,,,,,,,,,,,,,,,,,,,,,,,,,,,,,,,,,,,,,,,,,,,,,,,,,,,,,,,,,,,,,,,,,,,,,,,,,,,,,,,,,,,,,,,,,,,,,,,,,,,,,,,,,,,,,,,,,,,,,,,,,,,,,,
IL,,842 W Newport Ave. -Spot #3 (ARCHIVED),"842 West Newport Avenue, Chicago, IL 60657",PERMANENTLY CLOSED,PERMANENTLY CLOSED,0,0,Not Listed,,Not Listed,,Not Listed,,Not Listed,,N/A,N/A,N/A,Madeline Beinlich,,,,,,,,,,,,,,,,,,,,,,,,,,,,,,,,,,,,,,,,,,,,,,,,,,,,,,,,,,,,,,,,,,,,,,,,,,,,,,,,,,,,,,,,,,,,,,,,,,,,,,,,,,,,,,,,,,,,,,,,,,,,,,,,,,,,
TX,76122,8423 Lorrie Dr. - Driveway Spots,"8423 Lorrie Drive Houston, TX, 77025",IN OPERATION,Events and Daily ONLY,2,N/A,Not Listed,,Not Listed,,Not Listed,,Not Listed,,"29.6885232,-95.4215006",,70/30,Michael Hiner,,,,,,,,,,,,,,,,,,,,,,,,,,,,,,,,,,,,,,,,,,,,,,,,,,,,,,,,,,,,,,,,,,,,,,,,,,,,,,,,,,,,,,,,,,,,,,,,,,,,,,,,,,,,,,,,,,,,,,,,,,,,,,,,,,,,
IL,,843 W Diversey Pkwy. - Right Spot (ARCHIVED),"843 West Diversey Parkway Chicago, IL, 60614",PERMANENTLY CLOSED,PERMANENTLY CLOSED,0,0,Not Listed,,Not Listed,,Not Listed,,Not Listed,,N/A,N/A,N/A,Sophia Yamas,,,,,,,,,,,,,,,,,,,,,,,,,,,,,,,,,,,,,,,,,,,,,,,,,,,,,,,,,,,,,,,,,,,,,,,,,,,,,,,,,,,,,,,,,,,,,,,,,,,,,,,,,,,,,,,,,,,,,,,,,,,,,,,,,,,,
MA,129246,844 E Broadway - Spot #2 Only,"844 E Broadway, Boston, MA 02127, USA",IN OPERATION,Daily Only,1,N/A,Not Listed,,Not Listed,,Not Listed,,Not Listed,,"42°20'08.9""N 71°01'49.9""W",,,Parking Boston Inc. - Jasmine Taylor,Plain(Flat) Access,,,,,,,,,,,,,,,,,,,,,,,,,,,,,,,,,,,,,,,,,,,,,,,,,,,,,,,,,,,,,,,,,,,,,,,,,,,,,,,,,,,,,,,,,,,,,,,,,,,,,,,,,,,,,,,,,,,,,,,,,,,,,,,,,,,
IL,36588,"845 W Newport Ave. - Garage Spot #1 or #2 Only
","845 West Newport Avenue, Chicago, IL 60657",IN OPERATION,Events and Daily ONLY,2,N/A,Not Listed,,Not Listed,,Not Listed,,Not Listed,,"41.944056,-87.65025","KEYPAD

Press 1538
Then enter

IF BATTERY DIES/NOT WORKING

Request the lockbox code from the Customer Team if the garage keypad does not work.

Code is 1945

That has a key to the gate. The gate will allow you into the backyard. The side door of the garage is never locked. You can then open the door using the button inside the garage rather than the keypad.
After you’re done, please send a photo confirming that the key has been returned to the lockbox. ",70/30,Michael J Scanlon,Plain(Flat) Access,,,,,,,,,,,,,,,,,,,,,,,,,,,,,,,,,,,,,,,,,,,,,,,,,,,,,,,,,,,,,,,,,,,,,,,,,,,,,,,,,,,,,,,,,,,,,,,,,,,,,,,,,,,,,,,,,,,,,,,,,,,,,,,,,,,
ON ,120041,85 Baldwin St. - Left or Right Spot Only,"85 Baldwin Street, Toronto, ON, M5T 1L5",IN OPERATION,Daily Only,2,N/A,Not Listed,,Not Listed,,Not Listed,,Not Listed,,"43.655139,-79.395861",,FIXED,DT Holdings ltd - Thirumaal,,,,,,,,,,,,,,,,,,,,,,,,,,,,,,,,,,,,,,,,,,,,,,,,,,,,,,,,,,,,,,,,,,,,,,,,,,,,,,,,,,,,,,,,,,,,,,,,,,,,,,,,,,,,,,,,,,,,,,,,,,,,,,,,,,,,
MA,87276,85 St Botolph St. - Left Whole Tandem Spot,"85 St Botolph St, Boston, MA 02116",IN OPERATION,Events and Daily ONLY,1,N/A,Not Listed,,Not Listed,,Not Listed,,Not Listed,,"42.3455493,-71.080678",,FIXED,Parking Boston Inc. - Jasmine Taylor,Plain(Flat) Access,,,,,,,,,,,,,,,,,,,,,,,,,,,,,,,,,,,,,,,,,,,,,,,,,,,,,,,,,,,,,,,,,,,,,,,,,,,,,,,,,,,,,,,,,,,,,,,,,,,,,,,,,,,,,,,,,,,,,,,,,,,,,,,,,,,
MA,127102,852 Massachusetts Ave. - Spot #13 Only,"852 Massachusetts Avenue, Cambridge, MA 02139",IN OPERATION,Daily Only,1,N/A,Not Listed,,Not Listed,,Not Listed,,Not Listed,,"42°22'01.2""N 71°06'28.1""W",,FIXED, Gabriele Cerutti,Plain(Flat) Access,,,,,,,,,,,,,,,,,,,,,,,,,,,,,,,,,,,,,,,,,,,,,,,,,,,,,,,,,,,,,,,,,,,,,,,,,,,,,,,,,,,,,,,,,,,,,,,,,,,,,,,,,,,,,,,,,,,,,,,,,,,,,,,,,,,
MA,71796,854 Massachusetts Ave. - Spot #20 Only (ARCHIVED),"854 Massachusetts Avenue Cambridge, MA, 02139",PERMANENTLY CLOSED,PERMANENTLY CLOSED,1,0,Not Listed,,Not Listed,,Not Listed,,Not Listed,,"42.3673173,-71.1075804",,FIXED,Isabel Kaspriskie,Plain(Flat) Access,,,,,,,,,,,,,,,,,,,,,,,,,,,,,,,,,,,,,,,,,,,,,,,,,,,,,,,,,,,,,,,,,,,,,,,,,,,,,,,,,,,,,,,,,,,,,,,,,,,,,,,,,,,,,,,,,,,,,,,,,,,,,,,,,,,
IL,,854 S Park Terrace - Spot 1 (Archived),"854 South Park Terrace Chicago, IL, 60605",PERMANENTLY CLOSED,PERMANENTLY CLOSED,0,0,Not Listed,,Not Listed,,Not Listed,,Not Listed,,N/A,N/A,N/A,,,,,,,,,,,,,,,,,,,,,,,,,,,,,,,,,,,,,,,,,,,,,,,,,,,,,,,,,,,,,,,,,,,,,,,,,,,,,,,,,,,,,,,,,,,,,,,,,,,,,,,,,,,,,,,,,,,,,,,,,,,,,,,,,,,,,
IL,,854 S Park Terrace - Spot 3 (Archived),"854 South Park Terrace Chicago, IL, 60605",PERMANENTLY CLOSED,PERMANENTLY CLOSED,0,0,Not Listed,,Not Listed,,Not Listed,,Not Listed,,N/A,N/A,N/A,,,,,,,,,,,,,,,,,,,,,,,,,,,,,,,,,,,,,,,,,,,,,,,,,,,,,,,,,,,,,,,,,,,,,,,,,,,,,,,,,,,,,,,,,,,,,,,,,,,,,,,,,,,,,,,,,,,,,,,,,,,,,,,,,,,,,
OH,118950,855 E Cheapside St. (813 Broadway St.) - Spot #6 Only,"813 Broadway Street Cincinnati, OH 45202",IN OPERATION,Daily Only,1,N/A,Not Listed,,Not Listed,,Not Listed,,Not Listed,,"39.105861,-84.508083","Code: 2813

You have to open the gate immediately after punching the code.",70/30,TEVA Properties LLC,,,,,,,,,,,,,,,,,,,,,,,,,,,,,,,,,,,,,,,,,,,,,,,,,,,,,,,,,,,,,,,,,,,,,,,,,,,,,,,,,,,,,,,,,,,,,,,,,,,,,,,,,,,,,,,,,,,,,,,,,,,,,,,,,,,,
IL,56151,856 W Newport Ave. - Spot #3,"856 West Newport Avenue, Chicago, IL 60657",IN OPERATION,Events and Daily ONLY,1,N/A,Not Listed,,Not Listed,,Not Listed,,Not Listed,,"41.944806,-87.651694",,70/30,Richard Makos,Plain(Flat) Access,,,,,,,,,,,,,,,,,,,,,,,,,,,,,,,,,,,,,,,,,,,,,,,,,,,,,,,,,,,,,,,,,,,,,,,,,,,,,,,,,,,,,,,,,,,,,,,,,,,,,,,,,,,,,,,,,,,,,,,,,,,,,,,,,,,
MA,,"86 Ellery St. - Spot #5, #6 or #7 Only (ARCHIVED)","86 Ellery Street, Cambridge, MA, 02138",PERMANENTLY CLOSED,PERMANENTLY CLOSED,0,0,Not Listed,,Not Listed,,Not Listed,,Not Listed,,N/A,N/A,N/A,Charles LaFauci,,,,,,,,,,,,,,,,,,,,,,,,,,,,,,,,,,,,,,,,,,,,,,,,,,,,,,,,,,,,,,,,,,,,,,,,,,,,,,,,,,,,,,,,,,,,,,,,,,,,,,,,,,,,,,,,,,,,,,,,,,,,,,,,,,,,
MA,62718,"86 Linden St - Spot #1, 2, or 3 Only","86 Linden Street, Boston, MA, 02134",IN OPERATION,Daily Monthly & Event,3,2,Not Listed,,Not Listed,,Not Listed,,Not Listed,,"42.3518566,-71.1300676",,FIXED,Paul Foti,Plain(Flat) Access,,,,,,,,,,,,,,,,,,,,,,,,,,,,,,,,,,,,,,,,,,,,,,,,,,,,,,,,,,,,,,,,,,,,,,,,,,,,,,,,,,,,,,,,,,,,,,,,,,,,,,,,,,,,,,,,,,,,,,,,,,,,,,,,,,,
MA,135356,"86 St. Paul St. - Spot #39, #40, #41 or #42 Only","86 Saint Paul Street Brookline, MA 02446",PERMANENTLY CLOSED,Daily Monthly & Event,4,3,Not Listed,,Not Listed,,Not Listed,,Not Listed,,"42°20'23.9""N 71°07'05.9""W",,,Parking Boston Inc. - Jasmine Taylor,,,,,,,,,,,,,,,,,,,,,,,,,,,,,,,,,,,,,,,,,,,,,,,,,,,,,,,,,,,,,,,,,,,,,,,,,,,,,,,,,,,,,,,,,,,,,,,,,,,,,,,,,,,,,,,,,,,,,,,,,,,,,,,,,,,,
MA,85658,86 Saint Stephen St. - Left Whole Tandem Spot,"86 Saint Stephen Street, Boston, MA, 02115",IN OPERATION,Events and Daily ONLY,1,N/A,Not Listed,,Not Listed,,Not Listed,,Not Listed,,"42°20'26.9""N 71°05'21.0""W",,FIXED,Parking Boston Inc. - Jasmine Taylor,Plain(Flat) Access,,,,,,,,,,,,,,,,,,,,,,,,,,,,,,,,,,,,,,,,,,,,,,,,,,,,,,,,,,,,,,,,,,,,,,,,,,,,,,,,,,,,,,,,,,,,,,,,,,,,,,,,,,,,,,,,,,,,,,,,,,,,,,,,,,,
MA,,"868 Beacon St. - Angle Parking #1, 2, 3, 4 or 5 ONLY (ARCHIVED)","868 Beacon Street, Boston, MA 02215",PERMANENTLY CLOSED,PERMANENTLY CLOSED,0,0,Not Listed,,Not Listed,,Not Listed,,Not Listed,,N/A,N/A,N/A,Parking Boston Inc. - Jasmine Taylor,,,,,,,,,,,,,,,,,,,,,,,,,,,,,,,,,,,,,,,,,,,,,,,,,,,,,,,,,,,,,,,,,,,,,,,,,,,,,,,,,,,,,,,,,,,,,,,,,,,,,,,,,,,,,,,,,,,,,,,,,,,,,,,,,,,,
MA,103575,"868 Huntington Ave. - Spots #37, 38, 39, 40 or #41 Only","868 Huntington Ave, Boston, MA 02130, USA",IN OPERATION,Daily&Monthly,5,4,Not Listed,,Not Listed,,Not Listed,,Not Listed,,"42.33225,-71.110833",,FIXED,Parking Boston Inc. - Jasmine Taylor,,,,,,,,,,,,,,,,,,,,,,,,,,,,,,,,,,,,,,,,,,,,,,,,,,,,,,,,,,,,,,,,,,,,,,,,,,,,,,,,,,,,,,,,,,,,,,,,,,,,,,,,,,,,,,,,,,,,,,,,,,,,,,,,,,,,
MA,24445,869 Beacon St.- Spot # 1 or 2,"869 Beacon Street, Boston, MA 02215",IN OPERATION,Events and Daily ONLY,2,N/A,Not Listed,,Not Listed,,Not Listed,,Not Listed,,"42.346472,-71.104083",,FIXED,Jake Kagan,Plain(Flat) Access,,,,,,,,,,,,,,,,,,,,,,,,,,,,,,,,,,,,,,,,,,,,,,,,,,,,,,,,,,,,,,,,,,,,,,,,,,,,,,,,,,,,,,,,,,,,,,,,,,,,,,,,,,,,,,,,,,,,,,,,,,,,,,,,,,,
MA,,872 Mass Ave. - Spot #21 (ARCHIVED),"872 Massachusetts Avenue, Cambridge, MA 02139",PERMANENTLY CLOSED,PERMANENTLY CLOSED,0,0,Not Listed,,Not Listed,,Not Listed,,Not Listed,,N/A,N/A,N/A,Beth Fishman,,,,,,,,,,,,,,,,,,,,,,,,,,,,,,,,,,,,,,,,,,,,,,,,,,,,,,,,,,,,,,,,,,,,,,,,,,,,,,,,,,,,,,,,,,,,,,,,,,,,,,,,,,,,,,,,,,,,,,,,,,,,,,,,,,,,
MA,,872 Mass Ave. - Spot #31 (ARCHIVED),"872 Massachusetts Avenue, Cambridge, MA 02139",PERMANENTLY CLOSED,PERMANENTLY CLOSED,0,0,Not Listed,,Not Listed,,Not Listed,,Not Listed,,N/A,N/A,N/A,Beth Fishman,,,,,,,,,,,,,,,,,,,,,,,,,,,,,,,,,,,,,,,,,,,,,,,,,,,,,,,,,,,,,,,,,,,,,,,,,,,,,,,,,,,,,,,,,,,,,,,,,,,,,,,,,,,,,,,,,,,,,,,,,,,,,,,,,,,,
MA,,872 Mass Ave. - Spot #41 (ARCHIVED),"872 Massachusetts Avenue, Cambridge, MA 02139",PERMANENTLY CLOSED,PERMANENTLY CLOSED,0,0,Not Listed,,Not Listed,,Not Listed,,Not Listed,,N/A,N/A,N/A,Beth Fishman,,,,,,,,,,,,,,,,,,,,,,,,,,,,,,,,,,,,,,,,,,,,,,,,,,,,,,,,,,,,,,,,,,,,,,,,,,,,,,,,,,,,,,,,,,,,,,,,,,,,,,,,,,,,,,,,,,,,,,,,,,,,,,,,,,,,
MA,41437,"872 Mass Ave. - Spots #25, 29, 30, 31 or 41 Only","872 Massachusetts Avenue, Cambridge, MA 02139",IN OPERATION,Daily&Monthly,5,4,Not Listed,,Not Listed,,Not Listed,,Not Listed,,"42.367796, -71.107494",,FIXED,Beth Fishman,Plain(Flat) Access,,,,,,,,,,,,,,,,,,,,,,,,,,,,,,,,,,,,,,,,,,,,,,,,,,,,,,,,,,,,,,,,,,,,,,,,,,,,,,,,,,,,,,,,,,,,,,,,,,,,,,,,,,,,,,,,,,,,,,,,,,,,,,,,,,,
MA,103739,"872 Mass Ave. - Spots #6, 18 or 21 Only","872 Massachusetts Avenue, Cambridge, MA, 02139",IN OPERATION,Daily&Monthly,3,2,Not Listed,,Not Listed,,Not Listed,,Not Listed,,"42.36744,-71.107803",,FIXED,Beth Fishman,Plain(Flat) Access,,,,,,,,,,,,,,,,,,,,,,,,,,,,,,,,,,,,,,,,,,,,,,,,,,,,,,,,,,,,,,,,,,,,,,,,,,,,,,,,,,,,,,,,,,,,,,,,,,,,,,,,,,,,,,,,,,,,,,,,,,,,,,,,,,,
MA,85306,"876 E 4th St. - Garage Spots #2, 3, 4 or 5 Only","876 East 4th Street, Boston, MA, 02127",IN OPERATION,Daily Only,4,N/A,Not Listed,,Not Listed,,Not Listed,,Not Listed,,"42.334895,-71.0285166",,FIXED,Parking Boston Inc. - Jasmine Taylor,Plain(Flat) Access,,,,,,,,,,,,,,,,,,,,,,,,,,,,,,,,,,,,,,,,,,,,,,,,,,,,,,,,,,,,,,,,,,,,,,,,,,,,,,,,,,,,,,,,,,,,,,,,,,,,,,,,,,,,,,,,,,,,,,,,,,,,,,,,,,,
MA,89449,877 Beacon St. - Spot #1 or #2 Only,"877 Beacon St, Boston, MA 02215",IN OPERATION,Events and Daily ONLY,2,N/A,Not Listed,,Not Listed,,Not Listed,,Not Listed,,"42.346389,-71.104417",,FIXED,Parking Boston Inc. -Jasmine,Plain(Flat) Access,,,,,,,,,,,,,,,,,,,,,,,,,,,,,,,,,,,,,,,,,,,,,,,,,,,,,,,,,,,,,,,,,,,,,,,,,,,,,,,,,,,,,,,,,,,,,,,,,,,,,,,,,,,,,,,,,,,,,,,,,,,,,,,,,,,
MA,100965,88 E Brookline St. - Left or Right Whole Tandem Row,"88 East Brookline Street Boston, MA, 02118",IN OPERATION,Events and Daily ONLY,2,N/A,Not Listed,,Not Listed,,Not Listed,,Not Listed,,"42.337694,-71.0695",,FIXED,Eleven Eleven Companies -Scott Sherman,Plain(Flat) Access,,,,,,,,,,,,,,,,,,,,,,,,,,,,,,,,,,,,,,,,,,,,,,,,,,,,,,,,,,,,,,,,,,,,,,,,,,,,,,,,,,,,,,,,,,,,,,,,,,,,,,,,,,,,,,,,,,,,,,,,,,,,,,,,,,,
MA,120814,88 N Washington St. - Lot,"88 North Washington Street, Boston, MA, 02114",IN OPERATION,Daily Monthly & Event,5,1,Not Listed,,Not Listed,,Not Listed,,Not Listed,,"42.365281,-71.058665",,FIXED,88 NOWA LLC - Brent Berc,Plain(Flat) Access,,,,,,,,,,,,,,,,,,,,,,,,,,,,,,,,,,,,,,,,,,,,,,,,,,,,,,,,,,,,,,,,,,,,,,,,,,,,,,,,,,,,,,,,,,,,,,,,,,,,,,,,,,,,,,,,,,,,,,,,,,,,,,,,,,,
MA,,880 Huntington Ave. - Lot (ARCHIVED),"880 Huntington Avenue, Boston, MA 02115",PERMANENTLY CLOSED,PERMANENTLY CLOSED,0,0,Not Listed,,Not Listed,,Not Listed,,Not Listed,,N/A,N/A,N/A,,,,,,,,,,,,,,,,,,,,,,,,,,,,,,,,,,,,,,,,,,,,,,,,,,,,,,,,,,,,,,,,,,,,,,,,,,,,,,,,,,,,,,,,,,,,,,,,,,,,,,,,,,,,,,,,,,,,,,,,,,,,,,,,,,,,,
MA,121099,882 Huntington Ave. - Spot #3 Only,"882 Huntington Avenue, Boston, MA 02115",IN OPERATION,Daily Only,1,1,Not Listed,,Not Listed,,Not Listed,,Not Listed,,"42°19'55.4""N 71°06'39.9""W",,FIXED,Groma Property Management ,Plain(Flat) Access,,,,,,,,,,,,,,,,,,,,,,,,,,,,,,,,,,,,,,,,,,,,,,,,,,,,,,,,,,,,,,,,,,,,,,,,,,,,,,,,,,,,,,,,,,,,,,,,,,,,,,,,,,,,,,,,,,,,,,,,,,,,,,,,,,,
MA,49123,89 Cedar St - Personal Spots #1 or 2,"89 Cedar Street, Boston, MA 02119",IN OPERATION,Daily&Monthly,2,1,Not Listed,,Not Listed,,Not Listed,,Not Listed,,"42.3269235,-71.0922782",,FIXED,"Boston Management Group
Alp Kantar; Puspa Jelita",Plain(Flat) Access,,,,,,,,,,,,,,,,,,,,,,,,,,,,,,,,,,,,,,,,,,,,,,,,,,,,,,,,,,,,,,,,,,,,,,,,,,,,,,,,,,,,,,,,,,,,,,,,,,,,,,,,,,,,,,,,,,,,,,,,,,,,,,,,,,,
MA,86002,"89 Hillside St. - Spot #1, 2 or 3 Only","89 Hillside Street, Boston, MA, 02120",IN OPERATION,Daily Monthly & Event,3,2,Not Listed,,Not Listed,,Not Listed,,Not Listed,,"42.3306505,-71.103595",,FIXED,Parking Boston Inc. - Jasmine Taylor,Plain(Flat) Access,,,,,,,,,,,,,,,,,,,,,,,,,,,,,,,,,,,,,,,,,,,,,,,,,,,,,,,,,,,,,,,,,,,,,,,,,,,,,,,,,,,,,,,,,,,,,,,,,,,,,,,,,,,,,,,,,,,,,,,,,,,,,,,,,,,
MA,144628,89 Sciarappa St. - Driveway Spot Only,"89 Sciarappa Street Cambridge, MA 02141",IN OPERATION,Daily Only,1,N/A,Not Listed,,Not Listed,,Not Listed,,Not Listed,,"42°22'09.7""N 71°04'55.2""W",,,,,,,,,,,,,,,,,,,,,,,,,,,,,,,,,,,,,,,,,,,,,,,,,,,,,,,,,,,,,,,,,,,,,,,,,,,,,,,,,,,,,,,,,,,,,,,,,,,,,,,,,,,,,,,,,,,,,,,,,,,,,,,,,,,,,,,
MA,131987,"891 E 1st St. - Spots #1, 2, 3, 4, 5, 6, 7 or #8 Only","891 E 1st St, Boston, MA 02127, USA",IN OPERATION,Daily&Monthly,8,7,Listed,0,Not Listed,,Not Listed,,Not Listed,,"42°20'17.6""N 71°01'38.9""W",,,The McCourt Construction Company Inc- Regina Curran,Plain(Flat) Access,,,,,,,,,,,,,,,,,,,,,,,,,,,,,,,,,,,,,,,,,,,,,,,,,,,,,,,,,,,,,,,,,,,,,,,,,,,,,,,,,,,,,,,,,,,,,,,,,,,,,,,,,,,,,,,,,,,,,,,,,,,,,,,,,,,
MA,70836,"9 Chester St - Spots #41, 42, 43, 44 or #45 Only","15 Chester Street, Somerville, MA, 02144",IN OPERATION,Daily Monthly & Event,5,4,Not Listed,,Not Listed,,Not Listed,,Not Listed,,"42.3940062,-71.12481389999999",,FIXED,Parking Boston Inc. - Jasmine Taylor,Plain(Flat) Access,,,,,,,,,,,,,,,,,,,,,,,,,,,,,,,,,,,,,,,,,,,,,,,,,,,,,,,,,,,,,,,,,,,,,,,,,,,,,,,,,,,,,,,,,,,,,,,,,,,,,,,,,,,,,,,,,,,,,,,,,,,,,,,,,,,
MA,,9 Commonwealth Ct. - Spot #51(ARCHIVED),"9 Commonwealth Court Boston, MA, 02135",PERMANENTLY CLOSED,PERMANENTLY CLOSED,0,0,Not Listed,,Not Listed,,Not Listed,,Not Listed,,N/A,N/A,N/A,Parking Boston Inc- Jasmine,,,,,,,,,,,,,,,,,,,,,,,,,,,,,,,,,,,,,,,,,,,,,,,,,,,,,,,,,,,,,,,,,,,,,,,,,,,,,,,,,,,,,,,,,,,,,,,,,,,,,,,,,,,,,,,,,,,,,,,,,,,,,,,,,,,,
MA,34702,9 Francis St - Full Size SUV,"9 Francis Street, Brookline, MA 02446",IN OPERATION,Events and Daily ONLY,1,N/A,Not Listed,,Not Listed,,Not Listed,,Not Listed,,"42.3387415,-71.1132177",,FIXED,Chi,Plain(Flat) Access,,,,,,,,,,,,,,,,,,,,,,,,,,,,,,,,,,,,,,,,,,,,,,,,,,,,,,,,,,,,,,,,,,,,,,,,,,,,,,,,,,,,,,,,,,,,,,,,,,,,,,,,,,,,,,,,,,,,,,,,,,,,,,,,,,,
MA,24447,9 Francis St. - Parallel Spots 2 or 3,"9 Francis Street, Brookline, MA 02446",IN OPERATION,Events and Daily ONLY,2,N/A,Not Listed,,Not Listed,,Not Listed,,Not Listed,,"42.3387415,-71.1132177",,FIXED,Chi,Plain(Flat) Access,,,,,,,,,,,,,,,,,,,,,,,,,,,,,,,,,,,,,,,,,,,,,,,,,,,,,,,,,,,,,,,,,,,,,,,,,,,,,,,,,,,,,,,,,,,,,,,,,,,,,,,,,,,,,,,,,,,,,,,,,,,,,,,,,,,
MA,106741,"9 Sunset St. - Spot #3, 4, 5, 6 Only","9 Sunset St, Boston, MA 02120, USA",IN OPERATION,Daily&Monthly,4,3,Not Listed,,Not Listed,,Not Listed,,Not Listed,,"42.331457,-71.10875",,FIXED,Parking Boston Inc- Jasmine,Plain(Flat) Access,Vehicle stuck - slippery,,,,,,,,,,,,,,,,,,,,,,,,,,,,,,,,,,,,,,,,,,,,,,,,,,,,,,,,,,,,,,,,,,,,,,,,,,,,,,,,,,,,,,,,,,,,,,,,,,,,,,,,,,,,,,,,,,,,,,,,,,,,,,,,,,
MA,134097,90 Gardner St. - Lot,"90 Gardner Street Boston, MA, 02134",IN OPERATION,Daily&Monthly,15,14,Listed,0,Listed,0,Listed,1,Not Listed,,"42°21'13.4""N 71°07'29.7""W",,FOR VERIFICATION,"The Hamilton Company, Inc. / Ashanti Smith ",,,,,,,,,,,,,,,,,,,,,,,,,,,,,,,,,,,,,,,,,,,,,,,,,,,,,,,,,,,,,,,,,,,,,,,,,,,,,,,,,,,,,,,,,,,,,,,,,,,,,,,,,,,,,,,,,,,,,,,,,,,,,,,,,,,,
MA,69384,90 Hamilton St. - Lot,"90 Hamilton Street Cambridge, MA, 02139",IN OPERATION,Daily&Monthly,17,14,Listed,5,Listed,2,Listed,1,Listed,1,"42.3582689,-71.1064914",,FIXED,Chi,Plain(Flat) Access,Landlord request to include driveway and side walk / whole lot,,,,,,,,,,,,,,,,,,,,,,,,,,,,,,,,,,,,,,,,,,,,,,,,,,,,,,,,,,,,,,,,,,,,,,,,,,,,,,,,,,,,,,,,,,,,,,,,,,,,,,,,,,,,,,,,,,,,,,,,,,,,,,,,,,
WASHINGTON DC,88927,900 24th St. NW - Carport Spot U,"900 24th Street Northwest, Washington, DC, 20037",IN OPERATION,Daily Only,1,N/A,Not Listed,,Not Listed,,Not Listed,,Not Listed,,"38.901389,-77.052389",,FIXED,Edward Peck and Ann Peck,,,,,,,,,,,,,,,,,,,,,,,,,,,,,,,,,,,,,,,,,,,,,,,,,,,,,,,,,,,,,,,,,,,,,,,,,,,,,,,,,,,,,,,,,,,,,,,,,,,,,,,,,,,,,,,,,,,,,,,,,,,,,,,,,,,,
NV,120336,900 Stewart Ave. - Lot,"900 Stewart Ave, Las Vegas, NV 89101, USA",PERMANENTLY CLOSED,Daily&Monthly,66,55,Listed,20,Listed,15,Listed,1,Not Listed,,"36.169146,-115.134533",Gate keypadcode: 1265,70/30,Martha Hernandez,,,,,,,,,,,,,,,,,,,,,,,,,,,,,,,,,,,,,,,,,,,,,,,,,,,,,,,,,,,,,,,,,,,,,,,,,,,,,,,,,,,,,,,,,,,,,,,,,,,,,,,,,,,,,,,,,,,,,,,,,,,,,,,,,,,,
IL,,900 W Fullerton Ave. - Spot #1 (ARCHIVED),"900 West Fullerton Avenue Chicago, IL, 60614",PERMANENTLY CLOSED,PERMANENTLY CLOSED,0,0,Not Listed,,Not Listed,,Not Listed,,Not Listed,,N/A,N/A,N/A,,,,,,,,,,,,,,,,,,,,,,,,,,,,,,,,,,,,,,,,,,,,,,,,,,,,,,,,,,,,,,,,,,,,,,,,,,,,,,,,,,,,,,,,,,,,,,,,,,,,,,,,,,,,,,,,,,,,,,,,,,,,,,,,,,,,,
IL,86413,900 W Fullerton Ave. - Spot #41 Only,"900 W Fullerton Ave. Chicago, IL 60614",IN OPERATION,Events and Daily ONLY,1,N/A,Not Listed,,Not Listed,,Not Listed,,Not Listed,,"41.92575,-87.65125",,FIXED,Max Heneghan,Plain(Flat) Access,,,,,,,,,,,,,,,,,,,,,,,,,,,,,,,,,,,,,,,,,,,,,,,,,,,,,,,,,,,,,,,,,,,,,,,,,,,,,,,,,,,,,,,,,,,,,,,,,,,,,,,,,,,,,,,,,,,,,,,,,,,,,,,,,,,
IL,,900 W Fullerton Ave. - Spot #51 (ARCHIVED),"900 West Fullerton Avenue, Chicago, IL, 60614",PERMANENTLY CLOSED,PERMANENTLY CLOSED,0,0,Not Listed,,Not Listed,,Not Listed,,Not Listed,,N/A,N/A,70/30,Ryan Minchey,,,,,,,,,,,,,,,,,,,,,,,,,,,,,,,,,,,,,,,,,,,,,,,,,,,,,,,,,,,,,,,,,,,,,,,,,,,,,,,,,,,,,,,,,,,,,,,,,,,,,,,,,,,,,,,,,,,,,,,,,,,,,,,,,,,,
TX,134726,901 Cedarland Blvd. - Right Spot Only,"901 Cedarland Boulevard, Arlington, TX, 76011",IN OPERATION,Event Only,1,0,Not Listed,,Not Listed,,Not Listed,,Not Listed,,"32°45'07.9""N 97°05'48.5""W",,,Kensley Cunningham,,,,,,,,,,,,,,,,,,,,,,,,,,,,,,,,,,,,,,,,,,,,,,,,,,,,,,,,,,,,,,,,,,,,,,,,,,,,,,,,,,,,,,,,,,,,,,,,,,,,,,,,,,,,,,,,,,,,,,,,,,,,,,,,,,,,
TX,134737,901 Cedarland Blvd. - Left Spot Only,"901 Cedarland Boulevard, Arlington, TX, 76011",IN OPERATION,Daily Only,1,N/A,Not Listed,,Not Listed,,Not Listed,,Not Listed,,"32°45'07.9""N 97°05'48.5""W",,,Kensley Cunningham,,,,,,,,,,,,,,,,,,,,,,,,,,,,,,,,,,,,,,,,,,,,,,,,,,,,,,,,,,,,,,,,,,,,,,,,,,,,,,,,,,,,,,,,,,,,,,,,,,,,,,,,,,,,,,,,,,,,,,,,,,,,,,,,,,,,
IL,70308,902 W Roscoe St. - Right Spot Only,"902 West Roscoe Street Chicago, IL, 60657",IN OPERATION,Events and Daily ONLY,1,0,Not Listed,,Not Listed,,Not Listed,,Not Listed,,"41.943944,-87.652056",,FIXED,Isabel Ceniza,Plain(Flat) Access,,,,,,,,,,,,,,,,,,,,,,,,,,,,,,,,,,,,,,,,,,,,,,,,,,,,,,,,,,,,,,,,,,,,,,,,,,,,,,,,,,,,,,,,,,,,,,,,,,,,,,,,,,,,,,,,,,,,,,,,,,,,,,,,,,,
IL,85423,"905 S Laflin St. - Spot #1, 2 or 3 Only","905 South Laflin Street Chicago, IL, 60607",IN OPERATION,Events and Daily ONLY,3,N/A,Not Listed,,Not Listed,,Not Listed,,Not Listed,,"41.8703613,-87.6635122",,FIXED,Rinkesh Patel- Grey Leaf LLC,Plain(Flat) Access,,,,,,,,,,,,,,,,,,,,,,,,,,,,,,,,,,,,,,,,,,,,,,,,,,,,,,,,,,,,,,,,,,,,,,,,,,,,,,,,,,,,,,,,,,,,,,,,,,,,,,,,,,,,,,,,,,,,,,,,,,,,,,,,,,,
ON ,91329,907 College St. - Spot #9 or #10 Only,"907 College St, Toronto, ON M6H 1A1, Canada",IN OPERATION,Daily&Monthly,2,2,Not Listed,,Not Listed,,Not Listed,,Not Listed,,"43.653649,-79.425262",,FIXED,Susan QH Tan,,,,,,,,,,,,,,,,,,,,,,,,,,,,,,,,,,,,,,,,,,,,,,,,,,,,,,,,,,,,,,,,,,,,,,,,,,,,,,,,,,,,,,,,,,,,,,,,,,,,,,,,,,,,,,,,,,,,,,,,,,,,,,,,,,,,
IL,101955,908 W Addison St. - Spot #1 or #2,"908 W Addison St, Chicago, IL 60613, USA",IN OPERATION,Events and Daily ONLY,2,N/A,Not Listed,,Not Listed,,Not Listed,,Not Listed,,"41.947694,-87.652417",#8150 garage code,70/30,CJT 853 LLC - Citytek LLC,Plain(Flat) Access,,,,,,,,,,,,,,,,,,,,,,,,,,,,,,,,,,,,,,,,,,,,,,,,,,,,,,,,,,,,,,,,,,,,,,,,,,,,,,,,,,,,,,,,,,,,,,,,,,,,,,,,,,,,,,,,,,,,,,,,,,,,,,,,,,,
MA,92550,9-11 Leverett St. (65 Cameron St.) - Spot #7 Only,"65 Cameron Street, Brookline, MA 02445",IN OPERATION,Daily&Monthly,1,1,Not Listed,,Not Listed,,Not Listed,,Not Listed,,"42.331251,-71.122672",,FIXED,Parking Boston Inc. - Jasmine Taylor,Plain(Flat) Access,,,,,,,,,,,,,,,,,,,,,,,,,,,,,,,,,,,,,,,,,,,,,,,,,,,,,,,,,,,,,,,,,,,,,,,,,,,,,,,,,,,,,,,,,,,,,,,,,,,,,,,,,,,,,,,,,,,,,,,,,,,,,,,,,,,
MA,52093,9-11 Leverette St. (65 Cameron St.) - Spot #1 or #5 Only,"65 Cameron Street, Brookline, MA 02445",IN OPERATION,Daily&Monthly,2,1,Not Listed,,Not Listed,,Not Listed,,Not Listed,,"42.33114,-71.122423",,FIXED,Parking Boston Inc - Jasmine Taylor,Plain(Flat) Access,,,,,,,,,,,,,,,,,,,,,,,,,,,,,,,,,,,,,,,,,,,,,,,,,,,,,,,,,,,,,,,,,,,,,,,,,,,,,,,,,,,,,,,,,,,,,,,,,,,,,,,,,,,,,,,,,,,,,,,,,,,,,,,,,,,
PA,71859,"911 Manning St. (931 Spruce St.) - Spots A, B or C Only","931 Spruce Street, Philadelphia, PA, 19107",IN OPERATION,Daily Only,3,N/A,Not Listed,,Not Listed,,Not Listed,,Not Listed,,"39°56'46.9""N 75°09'26.8""W",,FIXED,"Centra Associates, LP",,,,,,,,,,,,,,,,,,,,,,,,,,,,,,,,,,,,,,,,,,,,,,,,,,,,,,,,,,,,,,,,,,,,,,,,,,,,,,,,,,,,,,,,,,,,,,,,,,,,,,,,,,,,,,,,,,,,,,,,,,,,,,,,,,,,
IL,103473,911 S Miller St. - Spot #2 Only,"911 South Miller Street, Chicago, IL, 60607",IN OPERATION,Events and Daily ONLY,1,N/A,Not Listed,,Not Listed,,Not Listed,,Not Listed,,"41.870028,-87.651833",,FIXED,Campbell Street Assest Manager,Plain(Flat) Access,,,,,,,,,,,,,,,,,,,,,,,,,,,,,,,,,,,,,,,,,,,,,,,,,,,,,,,,,,,,,,,,,,,,,,,,,,,,,,,,,,,,,,,,,,,,,,,,,,,,,,,,,,,,,,,,,,,,,,,,,,,,,,,,,,,
IL,77502,911 S Miller St. - Whole Tandem Row - Spot #1,"911 South Miller Street, Chicago, IL, 60607",IN OPERATION,Daily Only,1,N/A,Not Listed,,Not Listed,,Not Listed,,Not Listed,,"41.869601, -87.651716",,FIXED,Campbell Street Assest management- Lea Domingo,Plain(Flat) Access,,,,,,,,,,,,,,,,,,,,,,,,,,,,,,,,,,,,,,,,,,,,,,,,,,,,,,,,,,,,,,,,,,,,,,,,,,,,,,,,,,,,,,,,,,,,,,,,,,,,,,,,,,,,,,,,,,,,,,,,,,,,,,,,,,,
MA,75489,912 Beacon St. - Spot #2 or #3 Only,"912 Beacon Street Boston, MA, 02215",IN OPERATION,Events and Daily ONLY,2,N/A,Not Listed,,Not Listed,,Not Listed,,Not Listed,,"42.346889,-71.106407",,FIXED,"KMG 912 Beacon Street, LLC - Daniel Karp",Plain(Flat) Access,,,,,,,,,,,,,,,,,,,,,,,,,,,,,,,,,,,,,,,,,,,,,,,,,,,,,,,,,,,,,,,,,,,,,,,,,,,,,,,,,,,,,,,,,,,,,,,,,,,,,,,,,,,,,,,,,,,,,,,,,,,,,,,,,,,
MA,128322,914 Beacon St. - Spot #3 or #4 Only,"914 Beacon Street, Boston, MA 02215",IN OPERATION,Events and Daily ONLY,2,N/A,Not Listed,,Not Listed,,Not Listed,,Not Listed,,"42°20'48.7""N 71°06'22.7""W",,FIXED,Derek Waite,Plain(Flat) Access,,,,,,,,,,,,,,,,,,,,,,,,,,,,,,,,,,,,,,,,,,,,,,,,,,,,,,,,,,,,,,,,,,,,,,,,,,,,,,,,,,,,,,,,,,,,,,,,,,,,,,,,,,,,,,,,,,,,,,,,,,,,,,,,,,,
IL,,915 W Addison St. - Lot (Archived),"915 West Addison Street Chicago, IL, 60613",PERMANENTLY CLOSED,PERMANENTLY CLOSED,0,0,Not Listed,,Not Listed,,Not Listed,,Not Listed,,N/A,N/A,N/A,,,,,,,,,,,,,,,,,,,,,,,,,,,,,,,,,,,,,,,,,,,,,,,,,,,,,,,,,,,,,,,,,,,,,,,,,,,,,,,,,,,,,,,,,,,,,,,,,,,,,,,,,,,,,,,,,,,,,,,,,,,,,,,,,,,,,
MA,,919 Beacon St. - Left Spot Only (ARCHIVED),"919 Beacon St, Boston, MA 02215",PERMANENTLY CLOSED,PERMANENTLY CLOSED,0,0,Not Listed,,Not Listed,,Not Listed,,Not Listed,,N/A,N/A,N/A,Carl Nist-Lund,,,,,,,,,,,,,,,,,,,,,,,,,,,,,,,,,,,,,,,,,,,,,,,,,,,,,,,,,,,,,,,,,,,,,,,,,,,,,,,,,,,,,,,,,,,,,,,,,,,,,,,,,,,,,,,,,,,,,,,,,,,,,,,,,,,,
IL,94597,919 W Leland Ave. - Driveway Spot," 919 W Leland Ave A, Chicago, IL 60640  ",IN OPERATION,Events and Daily ONLY,1,N/A,Not Listed,,Not Listed,,Not Listed,,Not Listed,,"41.967215, -87.653173",,70/30,Michael Spreng,Plain(Flat) Access,,,,,,,,,,,,,,,,,,,,,,,,,,,,,,,,,,,,,,,,,,,,,,,,,,,,,,,,,,,,,,,,,,,,,,,,,,,,,,,,,,,,,,,,,,,,,,,,,,,,,,,,,,,,,,,,,,,,,,,,,,,,,,,,,,,
IL,128758,919 W Sheridan Rd. - Garage Spot #1 or #2 Only,"919 West Sheridan Road Chicago, IL, 60613",PERMANENTLY CLOSED,PERMANENTLY CLOSED,0,0,Not Listed,,Not Listed,,Not Listed,,Not Listed,,"41°57'08.0""N 87°39'10.4""W",Garage Code 2580,FIXED,Lea Domingo - Base 3 Management,Plain(Flat) Access,,,,,,,,,,,,,,,,,,,,,,,,,,,,,,,,,,,,,,,,,,,,,,,,,,,,,,,,,,,,,,,,,,,,,,,,,,,,,,,,,,,,,,,,,,,,,,,,,,,,,,,,,,,,,,,,,,,,,,,,,,,,,,,,,,,
IL,,919 W Newport Ave. - Spot #2 (ARCHIVED),"919 West Newport Avenue, Chicago, IL 60657",PERMANENTLY CLOSED,PERMANENTLY CLOSED,0,0,Not Listed,,Not Listed,,Not Listed,,Not Listed,,N/A,N/A,N/A,,,,,,,,,,,,,,,,,,,,,,,,,,,,,,,,,,,,,,,,,,,,,,,,,,,,,,,,,,,,,,,,,,,,,,,,,,,,,,,,,,,,,,,,,,,,,,,,,,,,,,,,,,,,,,,,,,,,,,,,,,,,,,,,,,,,,
IL,144632,920 S Bishop St. - Left Spot Only,"920 South Bishop Street Chicago, IL 60607",IN OPERATION,Events and Daily ONLY,1,N/A,Not Listed,,Not Listed,,Not Listed,,Not Listed,,"41°52'11.8""N 87°39'48.5""W",,,,,,,,,,,,,,,,,,,,,,,,,,,,,,,,,,,,,,,,,,,,,,,,,,,,,,,,,,,,,,,,,,,,,,,,,,,,,,,,,,,,,,,,,,,,,,,,,,,,,,,,,,,,,,,,,,,,,,,,,,,,,,,,,,,,,,,
MA,20984,922 Beacon St. - Spot #1 Only,"922 Beacon Street, Boston, MA 02215",IN OPERATION,Events and Daily ONLY,1,N/A,Not Listed,,Not Listed,,Not Listed,,Not Listed,,"42.346722,-71.106694",,FIXED,Jake Kagan (same landlord as 869 beacon),Plain(Flat) Access,,,,,,,,,,,,,,,,,,,,,,,,,,,,,,,,,,,,,,,,,,,,,,,,,,,,,,,,,,,,,,,,,,,,,,,,,,,,,,,,,,,,,,,,,,,,,,,,,,,,,,,,,,,,,,,,,,,,,,,,,,,,,,,,,,,
IL,,922 W Roscoe St.- Middle Spot (ARCHVIED),"922 West Roscoe Street Chicago, IL, 60657",PERMANENTLY CLOSED,PERMANENTLY CLOSED,0,0,Not Listed,,Not Listed,,Not Listed,,Not Listed,,N/A,N/A,N/A,Kara Stoeber,,,,,,,,,,,,,,,,,,,,,,,,,,,,,,,,,,,,,,,,,,,,,,,,,,,,,,,,,,,,,,,,,,,,,,,,,,,,,,,,,,,,,,,,,,,,,,,,,,,,,,,,,,,,,,,,,,,,,,,,,,,,,,,,,,,,
MA,98367,923 Beacon St (124 St Mary's St.) - Garage,"923 Beacon street, Boston MA 02215",IN OPERATION,Events and Daily ONLY,1,N/A,Not Listed,,Not Listed,,Not Listed,,Not Listed,,"42.345778,-71.106556",,FIXED,"Premium Realty, Inc- Patel",Plain(Flat) Access,,,,,,,,,,,,,,,,,,,,,,,,,,,,,,,,,,,,,,,,,,,,,,,,,,,,,,,,,,,,,,,,,,,,,,,,,,,,,,,,,,,,,,,,,,,,,,,,,,,,,,,,,,,,,,,,,,,,,,,,,,,,,,,,,,,
IL,,924 W Newport Ave. - Lot Copy (ARCHIVED),"924 West Newport Avenue Chicago, IL, 60657",PERMANENTLY CLOSED,PERMANENTLY CLOSED,0,0,Not Listed,,Not Listed,,Not Listed,,Not Listed,,N/A,N/A,N/A,,,,,,,,,,,,,,,,,,,,,,,,,,,,,,,,,,,,,,,,,,,,,,,,,,,,,,,,,,,,,,,,,,,,,,,,,,,,,,,,,,,,,,,,,,,,,,,,,,,,,,,,,,,,,,,,,,,,,,,,,,,,,,,,,,,,,
IL,,924 W Newport Ave. - Spot #5 (ARCHIVED),"924 West Newport Avenue Chicago, IL, 60657",PERMANENTLY CLOSED,PERMANENTLY CLOSED,0,0,Not Listed,,Not Listed,,Not Listed,,Not Listed,,N/A,N/A,N/A,,,,,,,,,,,,,,,,,,,,,,,,,,,,,,,,,,,,,,,,,,,,,,,,,,,,,,,,,,,,,,,,,,,,,,,,,,,,,,,,,,,,,,,,,,,,,,,,,,,,,,,,,,,,,,,,,,,,,,,,,,,,,,,,,,,,,
MA,,93 Williston Rd. - Outdoor Spot (ARCHIVED),"93 Williston Road Brookline, MA, 02445",PERMANENTLY CLOSED,PERMANENTLY CLOSED,0,0,Not Listed,,Not Listed,,Not Listed,,Not Listed,,N/A,N/A,N/A,,,,,,,,,,,,,,,,,,,,,,,,,,,,,,,,,,,,,,,,,,,,,,,,,,,,,,,,,,,,,,,,,,,,,,,,,,,,,,,,,,,,,,,,,,,,,,,,,,,,,,,,,,,,,,,,,,,,,,,,,,,,,,,,,,,,,
MA,143146,93 Windsor St. (60 School St.) - Left or Right Whole Tandem Row,"93 Windsor Street, Cambridge, MA 02139",IN OPERATION,Daily Only,2,N/A,Not Listed,,Not Listed,,Not Listed,,Not Listed,,"42°21'50.0""N 71°05'48.9""W",,,,,,,,,,,,,,,,,,,,,,,,,,,,,,,,,,,,,,,,,,,,,,,,,,,,,,,,,,,,,,,,,,,,,,,,,,,,,,,,,,,,,,,,,,,,,,,,,,,,,,,,,,,,,,,,,,,,,,,,,,,,,,,,,,,,,,,
IL,121625,930 W Barry Ave. - Left or Right Spot Only,"930 W Barry Ave, Chicago, IL 60657, USA",IN OPERATION,Events and Daily ONLY,2,N/A,Not Listed,,Not Listed,,Not Listed,,Not Listed,,"41.938528,-87.652889",,FIXED,Cathy Earnest,Plain(Flat) Access,,,,,,,,,,,,,,,,,,,,,,,,,,,,,,,,,,,,,,,,,,,,,,,,,,,,,,,,,,,,,,,,,,,,,,,,,,,,,,,,,,,,,,,,,,,,,,,,,,,,,,,,,,,,,,,,,,,,,,,,,,,,,,,,,,,
WASHINGTON DC,55095,"939 26th St. NW - Spot #1, 2, 3, 4, 5 or 6 Only","939 26th Street Northwest, Washington, DC 20037",IN OPERATION,Daily&Monthly,6,5,Not Listed,,Not Listed,,Not Listed,,Not Listed,,"38.901861,-77.054056",,FIXED,Fitz Gerald Properties,,,,,,,,,,,,,,,,,,,,,,,,,,,,,,,,,,,,,,,,,,,,,,,,,,,,,,,,,,,,,,,,,,,,,,,,,,,,,,,,,,,,,,,,,,,,,,,,,,,,,,,,,,,,,,,,,,,,,,,,,,,,,,,,,,,,
IL,,939 West Madison - Spot #44 (ARCHIVED),"939 West Madison Street, Chicago, IL, 60607",PERMANENTLY CLOSED,PERMANENTLY CLOSED,0,0,Not Listed,,Not Listed,,Not Listed,,Not Listed,,N/A,N/A,N/A,Amaar Aijaz Baig,,,,,,,,,,,,,,,,,,,,,,,,,,,,,,,,,,,,,,,,,,,,,,,,,,,,,,,,,,,,,,,,,,,,,,,,,,,,,,,,,,,,,,,,,,,,,,,,,,,,,,,,,,,,,,,,,,,,,,,,,,,,,,,,,,,,
IL,117466,953 W 18th St. - Right Spot Only,"953 West 18th Street, Chicago, IL 60608",IN OPERATION,Daily Only,1,N/A,Not Listed,,Not Listed,,Not Listed,,Not Listed,,"41°51'27.6""N 87°39'02.7""W",,FIXED,Scott Bishop,Plain(Flat) Access,,,,,,,,,,,,,,,,,,,,,,,,,,,,,,,,,,,,,,,,,,,,,,,,,,,,,,,,,,,,,,,,,,,,,,,,,,,,,,,,,,,,,,,,,,,,,,,,,,,,,,,,,,,,,,,,,,,,,,,,,,,,,,,,,,,
FL,149217,"955 Jefferson Ave. - Spots #3, 4, 5, 6, 7 or #8 Only","955 Jefferson Avenue Miami Beach, FL 33139",IN OPERATION,Daily&Monthly,6,5,Not Listed,,Not Listed,,Not Listed,,Not Listed,,"25°46'49.2""N 80°08'12.5""W",,,,,,,,,,,,,,,,,,,,,,,,,,,,,,,,,,,,,,,,,,,,,,,,,,,,,,,,,,,,,,,,,,,,,,,,,,,,,,,,,,,,,,,,,,,,,,,,,,,,,,,,,,,,,,,,,,,,,,,,,,,,,,,,,,,,,,,
MA,100966,"97 Kilsyth Rd. - Spot A1, A2, B, C, D, E, G or H Only","97 Kilsyth Road Boston, MA, 02135",IN OPERATION,Daily&Monthly,8,7,Listed,1,Not Listed,,Not Listed,,Not Listed,,"42.340595,-71.145583",,FIXED,Parking Boston Inc - Jasimine,Plain(Flat) Access,,,,,,,,,,,,,,,,,,,,,,,,,,,,,,,,,,,,,,,,,,,,,,,,,,,,,,,,,,,,,,,,,,,,,,,,,,,,,,,,,,,,,,,,,,,,,,,,,,,,,,,,,,,,,,,,,,,,,,,,,,,,,,,,,,,
MA,,99 E Brookline St. - Right Spot Only (ARCHIVED),"99 E Brookline St, Boston, MA 02118",PERMANENTLY CLOSED,PERMANENTLY CLOSED,0,0,Not Listed,,Not Listed,,Not Listed,,Not Listed,,N/A,N/A,N/A,Amy E. Lambroukos,,,,,,,,,,,,,,,,,,,,,,,,,,,,,,,,,,,,,,,,,,,,,,,,,,,,,,,,,,,,,,,,,,,,,,,,,,,,,,,,,,,,,,,,,,,,,,,,,,,,,,,,,,,,,,,,,,,,,,,,,,,,,,,,,,,,
MA,102714,998 Tremont St. - Left or Right Spot Only,"998 Tremont Street, Boston, MA, 02120",IN OPERATION,Daily Only,2,N/A,Not Listed,,Not Listed,,Not Listed,,Not Listed,,"42.336308, -71.084135",,FIXED,Adamidis LLC - Debbie ,Plain(Flat) Access,Salting due to ice accumulation,,,,,,,,,,,,,,,,,,,,,,,,,,,,,,,,,,,,,,,,,,,,,,,,,,,,,,,,,,,,,,,,,,,,,,,,,,,,,,,,,,,,,,,,,,,,,,,,,,,,,,,,,,,,,,,,,,,,,,,,,,,,,,,,,,
MA,,"Arlington St. Church - Alley Spots #4, 5, or 9 (ARCHIVED)","351 Boylston Street, Boston, MA 02116",PERMANENTLY CLOSED,PERMANENTLY CLOSED,0,0,Not Listed,,Not Listed,,Not Listed,,Not Listed,,N/A,N/A,N/A,,,,,,,,,,,,,,,,,,,,,,,,,,,,,,,,,,,,,,,,,,,,,,,,,,,,,,,,,,,,,,,,,,,,,,,,,,,,,,,,,,,,,,,,,,,,,,,,,,,,,,,,,,,,,,,,,,,,,,,,,,,,,,,,,,,,,
,,,,,,,,,,,,,,,,,,,,,,,,,,,,,,,,,,,,,,,,,,,,,,,,,,,,,,,,,,,,,,,,,,,,,,,,,,,,,,,,,,,,,,,,,,,,,,,,,,,,,,,,,,,,,,,,,,,,,,,,,,,,,,,,,,,,,,,,,,,,,,,,,,,,,,,
,,,,,,,,,,,,,,,,,,,,,,,,,,,,,,,,,,,,,,,,,,,,,,,,,,,,,,,,,,,,,,,,,,,,,,,,,,,,,,,,,,,,,,,,,,,,,,,,,,,,,,,,,,,,,,,,,,,,,,,,,,,,,,,,,,,,,,,,,,,,,,,,,,,,,,,
,,,,,,,,,,,,,,,,,,,,,,,,,,,,,,,,,,,,,,,,,,,,,,,,,,,,,,,,,,,,,,,,,,,,,,,,,,,,,,,,,,,,,,,,,,,,,,,,,,,,,,,,,,,,,,,,,,,,,,,,,,,,,,,,,,,,,,,,,,,,,,,,,,,,,,,
,,,,,,,,,,,,,,,,,,,,,,,,,,,,,,,,,,,,,,,,,,,,,,,,,,,,,,,,,,,,,,,,,,,,,,,,,,,,,,,,,,,,,,,,,,,,,,,,,,,,,,,,,,,,,,,,,,,,,,,,,,,,,,,,,,,,,,,,,,,,,,,,,,,,,,,
,,,,,,,,,,,,,,,,,,,,,,,,,,,,,,,,,,,,,,,,,,,,,,,,,,,,,,,,,,,,,,,,,,,,,,,,,,,,,,,,,,,,,,,,,,,,,,,,,,,,,,,,,,,,,,,,,,,,,,,,,,,,,,,,,,,,,,,,,,,,,,,,,,,,,,,
,,,,,,,,,,,,,,,,,,,,,,,,,,,,,,,,,,,,,,,,,,,,,,,,,,,,,,,,,,,,,,,,,,,,,,,,,,,,,,,,,,,,,,,,,,,,,,,,,,,,,,,,,,,,,,,,,,,,,,,,,,,,,,,,,,,,,,,,,,,,,,,,,,,,,,,
,,,,,,,,,,,,,,,,,,,,,,,,,,,,,,,,,,,,,,,,,,,,,,,,,,,,,,,,,,,,,,,,,,,,,,,,,,,,,,,,,,,,,,,,,,,,,,,,,,,,,,,,,,,,,,,,,,,,,,,,,,,,,,,,,,,,,,,,,,,,,,,,,,,,,,,
,,,,,,,,,,,,,,,,,,,,,,,,,,,,,,,,,,,,,,,,,,,,,,,,,,,,,,,,,,,,,,,,,,,,,,,,,,,,,,,,,,,,,,,,,,,,,,,,,,,,,,,,,,,,,,,,,,,,,,,,,,,,,,,,,,,,,,,,,,,,,,,,,,,,,,,
,,,,,,,,,,,,,,,,,,,,,,,,,,,,,,,,,,,,,,,,,,,,,,,,,,,,,,,,,,,,,,,,,,,,,,,,,,,,,,,,,,,,,,,,,,,,,,,,,,,,,,,,,,,,,,,,,,,,,,,,,,,,,,,,,,,,,,,,,,,,,,,,,,,,,,,
,,,,,,,,,,,,,,,,,,,,,,,,,,,,,,,,,,,,,,,,,,,,,,,,,,,,,,,,,,,,,,,,,,,,,,,,,,,,,,,,,,,,,,,,,,,,,,,,,,,,,,,,,,,,,,,,,,,,,,,,,,,,,,,,,,,,,,,,,,,,,,,,,,,,,,,
,,,,,,,,,,,,,,,,,,,,,,,,,,,,,,,,,,,,,,,,,,,,,,,,,,,,,,,,,,,,,,,,,,,,,,,,,,,,,,,,,,,,,,,,,,,,,,,,,,,,,,,,,,,,,,,,,,,,,,,,,,,,,,,,,,,,,,,,,,,,,,,,,,,,,,,
,,,,,,,,,,,,,,,,,,,,,,,,,,,,,,,,,,,,,,,,,,,,,,,,,,,,,,,,,,,,,,,,,,,,,,,,,,,,,,,,,,,,,,,,,,,,,,,,,,,,,,,,,,,,,,,,,,,,,,,,,,,,,,,,,,,,,,,,,,,,,,,,,,,,,,,
,,,,,,,,,,,,,,,,,,,,,,,,,,,,,,,,,,,,,,,,,,,,,,,,,,,,,,,,,,,,,,,,,,,,,,,,,,,,,,,,,,,,,,,,,,,,,,,,,,,,,,,,,,,,,,,,,,,,,,,,,,,,,,,,,,,,,,,,,,,,,,,,,,,,,,,
,,,,,,,,,,,,,,,,,,,,,,,,,,,,,,,,,,,,,,,,,,,,,,,,,,,,,,,,,,,,,,,,,,,,,,,,,,,,,,,,,,,,,,,,,,,,,,,,,,,,,,,,,,,,,,,,,,,,,,,,,,,,,,,,,,,,,,,,,,,,,,,,,,,,,,,
,,,,,,,,,,,,,,,,,,,,,,,,,,,,,,,,,,,,,,,,,,,,,,,,,,,,,,,,,,,,,,,,,,,,,,,,,,,,,,,,,,,,,,,,,,,,,,,,,,,,,,,,,,,,,,,,,,,,,,,,,,,,,,,,,,,,,,,,,,,,,,,,,,,,,,,
,,,,,,,,,,,,,,,,,,,,,,,,,,,,,,,,,,,,,,,,,,,,,,,,,,,,,,,,,,,,,,,,,,,,,,,,,,,,,,,,,,,,,,,,,,,,,,,,,,,,,,,,,,,,,,,,,,,,,,,,,,,,,,,,,,,,,,,,,,,,,,,,,,,,,,,
,,,,,,,,,,,,,,,,,,,,,,,,,,,,,,,,,,,,,,,,,,,,,,,,,,,,,,,,,,,,,,,,,,,,,,,,,,,,,,,,,,,,,,,,,,,,,,,,,,,,,,,,,,,,,,,,,,,,,,,,,,,,,,,,,,,,,,,,,,,,,,,,,,,,,,,
,,,,,,,,,,,,,,,,,,,,,,,,,,,,,,,,,,,,,,,,,,,,,,,,,,,,,,,,,,,,,,,,,,,,,,,,,,,,,,,,,,,,,,,,,,,,,,,,,,,,,,,,,,,,,,,,,,,,,,,,,,,,,,,,,,,,,,,,,,,,,,,,,,,,,,,
,,,,,,,,,,,,,,,,,,,,,,,,,,,,,,,,,,,,,,,,,,,,,,,,,,,,,,,,,,,,,,,,,,,,,,,,,,,,,,,,,,,,,,,,,,,,,,,,,,,,,,,,,,,,,,,,,,,,,,,,,,,,,,,,,,,,,,,,,,,,,,,,,,,,,,,
,,,,,,,,,,,,,,,,,,,,,,,,,,,,,,,,,,,,,,,,,,,,,,,,,,,,,,,,,,,,,,,,,,,,,,,,,,,,,,,,,,,,,,,,,,,,,,,,,,,,,,,,,,,,,,,,,,,,,,,,,,,,,,,,,,,,,,,,,,,,,,,,,,,,,,,
,,,,,,,,,,,,,,,,,,,,,,,,,,,,,,,,,,,,,,,,,,,,,,,,,,,,,,,,,,,,,,,,,,,,,,,,,,,,,,,,,,,,,,,,,,,,,,,,,,,,,,,,,,,,,,,,,,,,,,,,,,,,,,,,,,,,,,,,,,,,,,,,,,,,,,,
,,,,,,,,,,,,,,,,,,,,,,,,,,,,,,,,,,,,,,,,,,,,,,,,,,,,,,,,,,,,,,,,,,,,,,,,,,,,,,,,,,,,,,,,,,,,,,,,,,,,,,,,,,,,,,,,,,,,,,,,,,,,,,,,,,,,,,,,,,,,,,,,,,,,,,,
,,,,,,,,,,,,,,,,,,,,,,,,,,,,,,,,,,,,,,,,,,,,,,,,,,,,,,,,,,,,,,,,,,,,,,,,,,,,,,,,,,,,,,,,,,,,,,,,,,,,,,,,,,,,,,,,,,,,,,,,,,,,,,,,,,,,,,,,,,,,,,,,,,,,,,,
,,,,,,,,,,,,,,,,,,,,,,,,,,,,,,,,,,,,,,,,,,,,,,,,,,,,,,,,,,,,,,,,,,,,,,,,,,,,,,,,,,,,,,,,,,,,,,,,,,,,,,,,,,,,,,,,,,,,,,,,,,,,,,,,,,,,,,,,,,,,,,,,,,,,,,,
,,,,,,,,,,,,,,,,,,,,,,,,,,,,,,,,,,,,,,,,,,,,,,,,,,,,,,,,,,,,,,,,,,,,,,,,,,,,,,,,,,,,,,,,,,,,,,,,,,,,,,,,,,,,,,,,,,,,,,,,,,,,,,,,,,,,,,,,,,,,,,,,,,,,,,,
,,,,,,,,,,,,,,,,,,,,,,,,,,,,,,,,,,,,,,,,,,,,,,,,,,,,,,,,,,,,,,,,,,,,,,,,,,,,,,,,,,,,,,,,,,,,,,,,,,,,,,,,,,,,,,,,,,,,,,,,,,,,,,,,,,,,,,,,,,,,,,,,,,,,,,,
,,,,,,,,,,,,,,,,,,,,,,,,,,,,,,,,,,,,,,,,,,,,,,,,,,,,,,,,,,,,,,,,,,,,,,,,,,,,,,,,,,,,,,,,,,,,,,,,,,,,,,,,,,,,,,,,,,,,,,,,,,,,,,,,,,,,,,,,,,,,,,,,,,,,,,,
,,,,,,,,,,,,,,,,,,,,,,,,,,,,,,,,,,,,,,,,,,,,,,,,,,,,,,,,,,,,,,,,,,,,,,,,,,,,,,,,,,,,,,,,,,,,,,,,,,,,,,,,,,,,,,,,,,,,,,,,,,,,,,,,,,,,,,,,,,,,,,,,,,,,,,,
,,,,,,,,,,,,,,,,,,,,,,,,,,,,,,,,,,,,,,,,,,,,,,,,,,,,,,,,,,,,,,,,,,,,,,,,,,,,,,,,,,,,,,,,,,,,,,,,,,,,,,,,,,,,,,,,,,,,,,,,,,,,,,,,,,,,,,,,,,,,,,,,,,,,,,,
,,,,,,,,,,,,,,,,,,,,,,,,,,,,,,,,,,,,,,,,,,,,,,,,,,,,,,,,,,,,,,,,,,,,,,,,,,,,,,,,,,,,,,,,,,,,,,,,,,,,,,,,,,,,,,,,,,,,,,,,,,,,,,,,,,,,,,,,,,,,,,,,,,,,,,,
,,,,,,,,,,,,,,,,,,,,,,,,,,,,,,,,,,,,,,,,,,,,,,,,,,,,,,,,,,,,,,,,,,,,,,,,,,,,,,,,,,,,,,,,,,,,,,,,,,,,,,,,,,,,,,,,,,,,,,,,,,,,,,,,,,,,,,,,,,,,,,,,,,,,,,,
,,,,,,,,,,,,,,,,,,,,,,,,,,,,,,,,,,,,,,,,,,,,,,,,,,,,,,,,,,,,,,,,,,,,,,,,,,,,,,,,,,,,,,,,,,,,,,,,,,,,,,,,,,,,,,,,,,,,,,,,,,,,,,,,,,,,,,,,,,,,,,,,,,,,,,,
,,,,,,,,,,,,,,,,,,,,,,,,,,,,,,,,,,,,,,,,,,,,,,,,,,,,,,,,,,,,,,,,,,,,,,,,,,,,,,,,,,,,,,,,,,,,,,,,,,,,,,,,,,,,,,,,,,,,,,,,,,,,,,,,,,,,,,,,,,,,,,,,,,,,,,,
,,,,,,,,,,,,,,,,,,,,,,,,,,,,,,,,,,,,,,,,,,,,,,,,,,,,,,,,,,,,,,,,,,,,,,,,,,,,,,,,,,,,,,,,,,,,,,,,,,,,,,,,,,,,,,,,,,,,,,,,,,,,,,,,,,,,,,,,,,,,,,,,,,,,,,,
,,,,,,,,,,,,,,,,,,,,,,,,,,,,,,,,,,,,,,,,,,,,,,,,,,,,,,,,,,,,,,,,,,,,,,,,,,,,,,,,,,,,,,,,,,,,,,,,,,,,,,,,,,,,,,,,,,,,,,,,,,,,,,,,,,,,,,,,,,,,,,,,,,,,,,,
,,,,,,,,,,,,,,,,,,,,,,,,,,,,,,,,,,,,,,,,,,,,,,,,,,,,,,,,,,,,,,,,,,,,,,,,,,,,,,,,,,,,,,,,,,,,,,,,,,,,,,,,,,,,,,,,,,,,,,,,,,,,,,,,,,,,,,,,,,,,,,,,,,,,,,,
,,,,,,,,,,,,,,,,,,,,,,,,,,,,,,,,,,,,,,,,,,,,,,,,,,,,,,,,,,,,,,,,,,,,,,,,,,,,,,,,,,,,,,,,,,,,,,,,,,,,,,,,,,,,,,,,,,,,,,,,,,,,,,,,,,,,,,,,,,,,,,,,,,,,,,,
,,,,,,,,,,,,,,,,,,,,,,,,,,,,,,,,,,,,,,,,,,,,,,,,,,,,,,,,,,,,,,,,,,,,,,,,,,,,,,,,,,,,,,,,,,,,,,,,,,,,,,,,,,,,,,,,,,,,,,,,,,,,,,,,,,,,,,,,,,,,,,,,,,,,,,,
,,,,,,,,,,,,,,,,,,,,,,,,,,,,,,,,,,,,,,,,,,,,,,,,,,,,,,,,,,,,,,,,,,,,,,,,,,,,,,,,,,,,,,,,,,,,,,,,,,,,,,,,,,,,,,,,,,,,,,,,,,,,,,,,,,,,,,,,,,,,,,,,,,,,,,,
,,,,,,,,,,,,,,,,,,,,,,,,,,,,,,,,,,,,,,,,,,,,,,,,,,,,,,,,,,,,,,,,,,,,,,,,,,,,,,,,,,,,,,,,,,,,,,,,,,,,,,,,,,,,,,,,,,,,,,,,,,,,,,,,,,,,,,,,,,,,,,,,,,,,,,,
,,,,,,,,,,,,,,,,,,,,,,,,,,,,,,,,,,,,,,,,,,,,,,,,,,,,,,,,,,,,,,,,,,,,,,,,,,,,,,,,,,,,,,,,,,,,,,,,,,,,,,,,,,,,,,,,,,,,,,,,,,,,,,,,,,,,,,,,,,,,,,,,,,,,,,,
,,,,,,,,,,,,,,,,,,,,,,,,,,,,,,,,,,,,,,,,,,,,,,,,,,,,,,,,,,,,,,,,,,,,,,,,,,,,,,,,,,,,,,,,,,,,,,,,,,,,,,,,,,,,,,,,,,,,,,,,,,,,,,,,,,,,,,,,,,,,,,,,,,,,,,,
,,,,,,,,,,,,,,,,,,,,,,,,,,,,,,,,,,,,,,,,,,,,,,,,,,,,,,,,,,,,,,,,,,,,,,,,,,,,,,,,,,,,,,,,,,,,,,,,,,,,,,,,,,,,,,,,,,,,,,,,,,,,,,,,,,,,,,,,,,,,,,,,,,,,,,,
,,,,,,,,,,,,,,,,,,,,,,,,,,,,,,,,,,,,,,,,,,,,,,,,,,,,,,,,,,,,,,,,,,,,,,,,,,,,,,,,,,,,,,,,,,,,,,,,,,,,,,,,,,,,,,,,,,,,,,,,,,,,,,,,,,,,,,,,,,,,,,,,,,,,,,,
,,,,,,,,,,,,,,,,,,,,,,,,,,,,,,,,,,,,,,,,,,,,,,,,,,,,,,,,,,,,,,,,,,,,,,,,,,,,,,,,,,,,,,,,,,,,,,,,,,,,,,,,,,,,,,,,,,,,,,,,,,,,,,,,,,,,,,,,,,,,,,,,,,,,,,,
,,,,,,,,,,,,,,,,,,,,,,,,,,,,,,,,,,,,,,,,,,,,,,,,,,,,,,,,,,,,,,,,,,,,,,,,,,,,,,,,,,,,,,,,,,,,,,,,,,,,,,,,,,,,,,,,,,,,,,,,,,,,,,,,,,,,,,,,,,,,,,,,,,,,,,,
,,,,,,,,,,,,,,,,,,,,,,,,,,,,,,,,,,,,,,,,,,,,,,,,,,,,,,,,,,,,,,,,,,,,,,,,,,,,,,,,,,,,,,,,,,,,,,,,,,,,,,,,,,,,,,,,,,,,,,,,,,,,,,,,,,,,,,,,,,,,,,,,,,,,,,,
,,,,,,,,,,,,,,,,,,,,,,,,,,,,,,,,,,,,,,,,,,,,,,,,,,,,,,,,,,,,,,,,,,,,,,,,,,,,,,,,,,,,,,,,,,,,,,,,,,,,,,,,,,,,,,,,,,,,,,,,,,,,,,,,,,,,,,,,,,,,,,,,,,,,,,,
,,,,,,,,,,,,,,,,,,,,,,,,,,,,,,,,,,,,,,,,,,,,,,,,,,,,,,,,,,,,,,,,,,,,,,,,,,,,,,,,,,,,,,,,,,,,,,,,,,,,,,,,,,,,,,,,,,,,,,,,,,,,,,,,,,,,,,,,,,,,,,,,,,,,,,,
,,,,,,,,,,,,,,,,,,,,,,,,,,,,,,,,,,,,,,,,,,,,,,,,,,,,,,,,,,,,,,,,,,,,,,,,,,,,,,,,,,,,,,,,,,,,,,,,,,,,,,,,,,,,,,,,,,,,,,,,,,,,,,,,,,,,,,,,,,,,,,,,,,,,,,,
,,,,,,,,,,,,,,,,,,,,,,,,,,,,,,,,,,,,,,,,,,,,,,,,,,,,,,,,,,,,,,,,,,,,,,,,,,,,,,,,,,,,,,,,,,,,,,,,,,,,,,,,,,,,,,,,,,,,,,,,,,,,,,,,,,,,,,,,,,,,,,,,,,,,,,,
,,,,,,,,,,,,,,,,,,,,,,,,,,,,,,,,,,,,,,,,,,,,,,,,,,,,,,,,,,,,,,,,,,,,,,,,,,,,,,,,,,,,,,,,,,,,,,,,,,,,,,,,,,,,,,,,,,,,,,,,,,,,,,,,,,,,,,,,,,,,,,,,,,,,,,,
,,,,,,,,,,,,,,,,,,,,,,,,,,,,,,,,,,,,,,,,,,,,,,,,,,,,,,,,,,,,,,,,,,,,,,,,,,,,,,,,,,,,,,,,,,,,,,,,,,,,,,,,,,,,,,,,,,,,,,,,,,,,,,,,,,,,,,,,,,,,,,,,,,,,,,,
,,,,,,,,,,,,,,,,,,,,,,,,,,,,,,,,,,,,,,,,,,,,,,,,,,,,,,,,,,,,,,,,,,,,,,,,,,,,,,,,,,,,,,,,,,,,,,,,,,,,,,,,,,,,,,,,,,,,,,,,,,,,,,,,,,,,,,,,,,,,,,,,,,,,,,,
,,,,,,,,,,,,,,,,,,,,,,,,,,,,,,,,,,,,,,,,,,,,,,,,,,,,,,,,,,,,,,,,,,,,,,,,,,,,,,,,,,,,,,,,,,,,,,,,,,,,,,,,,,,,,,,,,,,,,,,,,,,,,,,,,,,,,,,,,,,,,,,,,,,,,,,
,,,,,,,,,,,,,,,,,,,,,,,,,,,,,,,,,,,,,,,,,,,,,,,,,,,,,,,,,,,,,,,,,,,,,,,,,,,,,,,,,,,,,,,,,,,,,,,,,,,,,,,,,,,,,,,,,,,,,,,,,,,,,,,,,,,,,,,,,,,,,,,,,,,,,,,
,,,,,,,,,,,,,,,,,,,,,,,,,,,,,,,,,,,,,,,,,,,,,,,,,,,,,,,,,,,,,,,,,,,,,,,,,,,,,,,,,,,,,,,,,,,,,,,,,,,,,,,,,,,,,,,,,,,,,,,,,,,,,,,,,,,,,,,,,,,,,,,,,,,,,,,
,,,,,,,,,,,,,,,,,,,,,,,,,,,,,,,,,,,,,,,,,,,,,,,,,,,,,,,,,,,,,,,,,,,,,,,,,,,,,,,,,,,,,,,,,,,,,,,,,,,,,,,,,,,,,,,,,,,,,,,,,,,,,,,,,,,,,,,,,,,,,,,,,,,,,,,
,,,,,,,,,,,,,,,,,,,,,,,,,,,,,,,,,,,,,,,,,,,,,,,,,,,,,,,,,,,,,,,,,,,,,,,,,,,,,,,,,,,,,,,,,,,,,,,,,,,,,,,,,,,,,,,,,,,,,,,,,,,,,,,,,,,,,,,,,,,,,,,,,,,,,,,
,,,,,,,,,,,,,,,,,,,,,,,,,,,,,,,,,,,,,,,,,,,,,,,,,,,,,,,,,,,,,,,,,,,,,,,,,,,,,,,,,,,,,,,,,,,,,,,,,,,,,,,,,,,,,,,,,,,,,,,,,,,,,,,,,,,,,,,,,,,,,,,,,,,,,,,
,,,,,,,,,,,,,,,,,,,,,,,,,,,,,,,,,,,,,,,,,,,,,,,,,,,,,,,,,,,,,,,,,,,,,,,,,,,,,,,,,,,,,,,,,,,,,,,,,,,,,,,,,,,,,,,,,,,,,,,,,,,,,,,,,,,,,,,,,,,,,,,,,,,,,,,
,,,,,,,,,,,,,,,,,,,,,,,,,,,,,,,,,,,,,,,,,,,,,,,,,,,,,,,,,,,,,,,,,,,,,,,,,,,,,,,,,,,,,,,,,,,,,,,,,,,,,,,,,,,,,,,,,,,,,,,,,,,,,,,,,,,,,,,,,,,,,,,,,,,,,,,
,,,,,,,,,,,,,,,,,,,,,,,,,,,,,,,,,,,,,,,,,,,,,,,,,,,,,,,,,,,,,,,,,,,,,,,,,,,,,,,,,,,,,,,,,,,,,,,,,,,,,,,,,,,,,,,,,,,,,,,,,,,,,,,,,,,,,,,,,,,,,,,,,,,,,,,
,,,,,,,,,,,,,,,,,,,,,,,,,,,,,,,,,,,,,,,,,,,,,,,,,,,,,,,,,,,,,,,,,,,,,,,,,,,,,,,,,,,,,,,,,,,,,,,,,,,,,,,,,,,,,,,,,,,,,,,,,,,,,,,,,,,,,,,,,,,,,,,,,,,,,,,
,,,,,,,,,,,,,,,,,,,,,,,,,,,,,,,,,,,,,,,,,,,,,,,,,,,,,,,,,,,,,,,,,,,,,,,,,,,,,,,,,,,,,,,,,,,,,,,,,,,,,,,,,,,,,,,,,,,,,,,,,,,,,,,,,,,,,,,,,,,,,,,,,,,,,,,
,,,,,,,,,,,,,,,,,,,,,,,,,,,,,,,,,,,,,,,,,,,,,,,,,,,,,,,,,,,,,,,,,,,,,,,,,,,,,,,,,,,,,,,,,,,,,,,,,,,,,,,,,,,,,,,,,,,,,,,,,,,,,,,,,,,,,,,,,,,,,,,,,,,,,,,
,,,,,,,,,,,,,,,,,,,,,,,,,,,,,,,,,,,,,,,,,,,,,,,,,,,,,,,,,,,,,,,,,,,,,,,,,,,,,,,,,,,,,,,,,,,,,,,,,,,,,,,,,,,,,,,,,,,,,,,,,,,,,,,,,,,,,,,,,,,,,,,,,,,,,,,
,,,,,,,,,,,,,,,,,,,,,,,,,,,,,,,,,,,,,,,,,,,,,,,,,,,,,,,,,,,,,,,,,,,,,,,,,,,,,,,,,,,,,,,,,,,,,,,,,,,,,,,,,,,,,,,,,,,,,,,,,,,,,,,,,,,,,,,,,,,,,,,,,,,,,,,
,,,,,,,,,,,,,,,,,,,,,,,,,,,,,,,,,,,,,,,,,,,,,,,,,,,,,,,,,,,,,,,,,,,,,,,,,,,,,,,,,,,,,,,,,,,,,,,,,,,,,,,,,,,,,,,,,,,,,,,,,,,,,,,,,,,,,,,,,,,,,,,,,,,,,,,
,,,,,,,,,,,,,,,,,,,,,,,,,,,,,,,,,,,,,,,,,,,,,,,,,,,,,,,,,,,,,,,,,,,,,,,,,,,,,,,,,,,,,,,,,,,,,,,,,,,,,,,,,,,,,,,,,,,,,,,,,,,,,,,,,,,,,,,,,,,,,,,,,,,,,,,
,,,,,,,,,,,,,,,,,,,,,,,,,,,,,,,,,,,,,,,,,,,,,,,,,,,,,,,,,,,,,,,,,,,,,,,,,,,,,,,,,,,,,,,,,,,,,,,,,,,,,,,,,,,,,,,,,,,,,,,,,,,,,,,,,,,,,,,,,,,,,,,,,,,,,,,
,,,,,,,,,,,,,,,,,,,,,,,,,,,,,,,,,,,,,,,,,,,,,,,,,,,,,,,,,,,,,,,,,,,,,,,,,,,,,,,,,,,,,,,,,,,,,,,,,,,,,,,,,,,,,,,,,,,,,,,,,,,,,,,,,,,,,,,,,,,,,,,,,,,,,,,
,,,,,,,,,,,,,,,,,,,,,,,,,,,,,,,,,,,,,,,,,,,,,,,,,,,,,,,,,,,,,,,,,,,,,,,,,,,,,,,,,,,,,,,,,,,,,,,,,,,,,,,,,,,,,,,,,,,,,,,,,,,,,,,,,,,,,,,,,,,,,,,,,,,,,,,
,,,,,,,,,,,,,,,,,,,,,,,,,,,,,,,,,,,,,,,,,,,,,,,,,,,,,,,,,,,,,,,,,,,,,,,,,,,,,,,,,,,,,,,,,,,,,,,,,,,,,,,,,,,,,,,,,,,,,,,,,,,,,,,,,,,,,,,,,,,,,,,,,,,,,,,
,,,,,,,,,,,,,,,,,,,,,,,,,,,,,,,,,,,,,,,,,,,,,,,,,,,,,,,,,,,,,,,,,,,,,,,,,,,,,,,,,,,,,,,,,,,,,,,,,,,,,,,,,,,,,,,,,,,,,,,,,,,,,,,,,,,,,,,,,,,,,,,,,,,,,,,
,,,,,,,,,,,,,,,,,,,,,,,,,,,,,,,,,,,,,,,,,,,,,,,,,,,,,,,,,,,,,,,,,,,,,,,,,,,,,,,,,,,,,,,,,,,,,,,,,,,,,,,,,,,,,,,,,,,,,,,,,,,,,,,,,,,,,,,,,,,,,,,,,,,,,,,
,,,,,,,,,,,,,,,,,,,,,,,,,,,,,,,,,,,,,,,,,,,,,,,,,,,,,,,,,,,,,,,,,,,,,,,,,,,,,,,,,,,,,,,,,,,,,,,,,,,,,,,,,,,,,,,,,,,,,,,,,,,,,,,,,,,,,,,,,,,,,,,,,,,,,,,
,,,,,,,,,,,,,,,,,,,,,,,,,,,,,,,,,,,,,,,,,,,,,,,,,,,,,,,,,,,,,,,,,,,,,,,,,,,,,,,,,,,,,,,,,,,,,,,,,,,,,,,,,,,,,,,,,,,,,,,,,,,,,,,,,,,,,,,,,,,,,,,,,,,,,,,
,,,,,,,,,,,,,,,,,,,,,,,,,,,,,,,,,,,,,,,,,,,,,,,,,,,,,,,,,,,,,,,,,,,,,,,,,,,,,,,,,,,,,,,,,,,,,,,,,,,,,,,,,,,,,,,,,,,,,,,,,,,,,,,,,,,,,,,,,,,,,,,,,,,,,,,
,,,,,,,,,,,,,,,,,,,,,,,,,,,,,,,,,,,,,,,,,,,,,,,,,,,,,,,,,,,,,,,,,,,,,,,,,,,,,,,,,,,,,,,,,,,,,,,,,,,,,,,,,,,,,,,,,,,,,,,,,,,,,,,,,,,,,,,,,,,,,,,,,,,,,,,
,,,,,,,,,,,,,,,,,,,,,,,,,,,,,,,,,,,,,,,,,,,,,,,,,,,,,,,,,,,,,,,,,,,,,,,,,,,,,,,,,,,,,,,,,,,,,,,,,,,,,,,,,,,,,,,,,,,,,,,,,,,,,,,,,,,,,,,,,,,,,,,,,,,,,,,
,,,,,,,,,,,,,,,,,,,,,,,,,,,,,,,,,,,,,,,,,,,,,,,,,,,,,,,,,,,,,,,,,,,,,,,,,,,,,,,,,,,,,,,,,,,,,,,,,,,,,,,,,,,,,,,,,,,,,,,,,,,,,,,,,,,,,,,,,,,,,,,,,,,,,,,
,,,,,,,,,,,,,,,,,,,,,,,,,,,,,,,,,,,,,,,,,,,,,,,,,,,,,,,,,,,,,,,,,,,,,,,,,,,,,,,,,,,,,,,,,,,,,,,,,,,,,,,,,,,,,,,,,,,,,,,,,,,,,,,,,,,,,,,,,,,,,,,,,,,,,,,
,,,,,,,,,,,,,,,,,,,,,,,,,,,,,,,,,,,,,,,,,,,,,,,,,,,,,,,,,,,,,,,,,,,,,,,,,,,,,,,,,,,,,,,,,,,,,,,,,,,,,,,,,,,,,,,,,,,,,,,,,,,,,,,,,,,,,,,,,,,,,,,,,,,,,,,
,,,,,,,,,,,,,,,,,,,,,,,,,,,,,,,,,,,,,,,,,,,,,,,,,,,,,,,,,,,,,,,,,,,,,,,,,,,,,,,,,,,,,,,,,,,,,,,,,,,,,,,,,,,,,,,,,,,,,,,,,,,,,,,,,,,,,,,,,,,,,,,,,,,,,,,
,,,,,,,,,,,,,,,,,,,,,,,,,,,,,,,,,,,,,,,,,,,,,,,,,,,,,,,,,,,,,,,,,,,,,,,,,,,,,,,,,,,,,,,,,,,,,,,,,,,,,,,,,,,,,,,,,,,,,,,,,,,,,,,,,,,,,,,,,,,,,,,,,,,,,,,
,,,,,,,,,,,,,,,,,,,,,,,,,,,,,,,,,,,,,,,,,,,,,,,,,,,,,,,,,,,,,,,,,,,,,,,,,,,,,,,,,,,,,,,,,,,,,,,,,,,,,,,,,,,,,,,,,,,,,,,,,,,,,,,,,,,,,,,,,,,,,,,,,,,,,,,
,,,,,,,,,,,,,,,,,,,,,,,,,,,,,,,,,,,,,,,,,,,,,,,,,,,,,,,,,,,,,,,,,,,,,,,,,,,,,,,,,,,,,,,,,,,,,,,,,,,,,,,,,,,,,,,,,,,,,,,,,,,,,,,,,,,,,,,,,,,,,,,,,,,,,,,
,,,,,,,,,,,,,,,,,,,,,,,,,,,,,,,,,,,,,,,,,,,,,,,,,,,,,,,,,,,,,,,,,,,,,,,,,,,,,,,,,,,,,,,,,,,,,,,,,,,,,,,,,,,,,,,,,,,,,,,,,,,,,,,,,,,,,,,,,,,,,,,,,,,,,,,
,,,,,,,,,,,,,,,,,,,,,,,,,,,,,,,,,,,,,,,,,,,,,,,,,,,,,,,,,,,,,,,,,,,,,,,,,,,,,,,,,,,,,,,,,,,,,,,,,,,,,,,,,,,,,,,,,,,,,,,,,,,,,,,,,,,,,,,,,,,,,,,,,,,,,,,
,,,,,,,,,,,,,,,,,,,,,,,,,,,,,,,,,,,,,,,,,,,,,,,,,,,,,,,,,,,,,,,,,,,,,,,,,,,,,,,,,,,,,,,,,,,,,,,,,,,,,,,,,,,,,,,,,,,,,,,,,,,,,,,,,,,,,,,,,,,,,,,,,,,,,,,
,,,,,,,,,,,,,,,,,,,,,,,,,,,,,,,,,,,,,,,,,,,,,,,,,,,,,,,,,,,,,,,,,,,,,,,,,,,,,,,,,,,,,,,,,,,,,,,,,,,,,,,,,,,,,,,,,,,,,,,,,,,,,,,,,,,,,,,,,,,,,,,,,,,,,,,
,,,,,,,,,,,,,,,,,,,,,,,,,,,,,,,,,,,,,,,,,,,,,,,,,,,,,,,,,,,,,,,,,,,,,,,,,,,,,,,,,,,,,,,,,,,,,,,,,,,,,,,,,,,,,,,,,,,,,,,,,,,,,,,,,,,,,,,,,,,,,,,,,,,,,,,
,,,,,,,,,,,,,,,,,,,,,,,,,,,,,,,,,,,,,,,,,,,,,,,,,,,,,,,,,,,,,,,,,,,,,,,,,,,,,,,,,,,,,,,,,,,,,,,,,,,,,,,,,,,,,,,,,,,,,,,,,,,,,,,,,,,,,,,,,,,,,,,,,,,,,,,
,,,,,,,,,,,,,,,,,,,,,,,,,,,,,,,,,,,,,,,,,,,,,,,,,,,,,,,,,,,,,,,,,,,,,,,,,,,,,,,,,,,,,,,,,,,,,,,,,,,,,,,,,,,,,,,,,,,,,,,,,,,,,,,,,,,,,,,,,,,,,,,,,,,,,,,
,,,,,,,,,,,,,,,,,,,,,,,,,,,,,,,,,,,,,,,,,,,,,,,,,,,,,,,,,,,,,,,,,,,,,,,,,,,,,,,,,,,,,,,,,,,,,,,,,,,,,,,,,,,,,,,,,,,,,,,,,,,,,,,,,,,,,,,,,,,,,,,,,,,,,,,
,,,,,,,,,,,,,,,,,,,,,,,,,,,,,,,,,,,,,,,,,,,,,,,,,,,,,,,,,,,,,,,,,,,,,,,,,,,,,,,,,,,,,,,,,,,,,,,,,,,,,,,,,,,,,,,,,,,,,,,,,,,,,,,,,,,,,,,,,,,,,,,,,,,,,,,
,,,,,,,,,,,,,,,,,,,,,,,,,,,,,,,,,,,,,,,,,,,,,,,,,,,,,,,,,,,,,,,,,,,,,,,,,,,,,,,,,,,,,,,,,,,,,,,,,,,,,,,,,,,,,,,,,,,,,,,,,,,,,,,,,,,,,,,,,,,,,,,,,,,,,,,
,,,,,,,,,,,,,,,,,,,,,,,,,,,,,,,,,,,,,,,,,,,,,,,,,,,,,,,,,,,,,,,,,,,,,,,,,,,,,,,,,,,,,,,,,,,,,,,,,,,,,,,,,,,,,,,,,,,,,,,,,,,,,,,,,,,,,,,,,,,,,,,,,,,,,,,
,,,,,,,,,,,,,,,,,,,,,,,,,,,,,,,,,,,,,,,,,,,,,,,,,,,,,,,,,,,,,,,,,,,,,,,,,,,,,,,,,,,,,,,,,,,,,,,,,,,,,,,,,,,,,,,,,,,,,,,,,,,,,,,,,,,,,,,,,,,,,,,,,,,,,,,
,,,,,,,,,,,,,,,,,,,,,,,,,,,,,,,,,,,,,,,,,,,,,,,,,,,,,,,,,,,,,,,,,,,,,,,,,,,,,,,,,,,,,,,,,,,,,,,,,,,,,,,,,,,,,,,,,,,,,,,,,,,,,,,,,,,,,,,,,,,,,,,,,,,,,,,
,,,,,,,,,,,,,,,,,,,,,,,,,,,,,,,,,,,,,,,,,,,,,,,,,,,,,,,,,,,,,,,,,,,,,,,,,,,,,,,,,,,,,,,,,,,,,,,,,,,,,,,,,,,,,,,,,,,,,,,,,,,,,,,,,,,,,,,,,,,,,,,,,,,,,,,
,,,,,,,,,,,,,,,,,,,,,,,,,,,,,,,,,,,,,,,,,,,,,,,,,,,,,,,,,,,,,,,,,,,,,,,,,,,,,,,,,,,,,,,,,,,,,,,,,,,,,,,,,,,,,,,,,,,,,,,,,,,,,,,,,,,,,,,,,,,,,,,,,,,,,,,
,,,,,,,,,,,,,,,,,,,,,,,,,,,,,,,,,,,,,,,,,,,,,,,,,,,,,,,,,,,,,,,,,,,,,,,,,,,,,,,,,,,,,,,,,,,,,,,,,,,,,,,,,,,,,,,,,,,,,,,,,,,,,,,,,,,,,,,,,,,,,,,,,,,,,,,
,,,,,,,,,,,,,,,,,,,,,,,,,,,,,,,,,,,,,,,,,,,,,,,,,,,,,,,,,,,,,,,,,,,,,,,,,,,,,,,,,,,,,,,,,,,,,,,,,,,,,,,,,,,,,,,,,,,,,,,,,,,,,,,,,,,,,,,,,,,,,,,,,,,,,,,
,,,,,,,,,,,,,,,,,,,,,,,,,,,,,,,,,,,,,,,,,,,,,,,,,,,,,,,,,,,,,,,,,,,,,,,,,,,,,,,,,,,,,,,,,,,,,,,,,,,,,,,,,,,,,,,,,,,,,,,,,,,,,,,,,,,,,,,,,,,,,,,,,,,,,,,
,,,,,,,,,,,,,,,,,,,,,,,,,,,,,,,,,,,,,,,,,,,,,,,,,,,,,,,,,,,,,,,,,,,,,,,,,,,,,,,,,,,,,,,,,,,,,,,,,,,,,,,,,,,,,,,,,,,,,,,,,,,,,,,,,,,,,,,,,,,,,,,,,,,,,,,
,,,,,,,,,,,,,,,,,,,,,,,,,,,,,,,,,,,,,,,,,,,,,,,,,,,,,,,,,,,,,,,,,,,,,,,,,,,,,,,,,,,,,,,,,,,,,,,,,,,,,,,,,,,,,,,,,,,,,,,,,,,,,,,,,,,,,,,,,,,,,,,,,,,,,,,
,,,,,,,,,,,,,,,,,,,,,,,,,,,,,,,,,,,,,,,,,,,,,,,,,,,,,,,,,,,,,,,,,,,,,,,,,,,,,,,,,,,,,,,,,,,,,,,,,,,,,,,,,,,,,,,,,,,,,,,,,,,,,,,,,,,,,,,,,,,,,,,,,,,,,,,
,,,,,,,,,,,,,,,,,,,,,,,,,,,,,,,,,,,,,,,,,,,,,,,,,,,,,,,,,,,,,,,,,,,,,,,,,,,,,,,,,,,,,,,,,,,,,,,,,,,,,,,,,,,,,,,,,,,,,,,,,,,,,,,,,,,,,,,,,,,,,,,,,,,,,,,
,,,,,,,,,,,,,,,,,,,,,,,,,,,,,,,,,,,,,,,,,,,,,,,,,,,,,,,,,,,,,,,,,,,,,,,,,,,,,,,,,,,,,,,,,,,,,,,,,,,,,,,,,,,,,,,,,,,,,,,,,,,,,,,,,,,,,,,,,,,,,,,,,,,,,,,
,,,,,,,,,,,,,,,,,,,,,,,,,,,,,,,,,,,,,,,,,,,,,,,,,,,,,,,,,,,,,,,,,,,,,,,,,,,,,,,,,,,,,,,,,,,,,,,,,,,,,,,,,,,,,,,,,,,,,,,,,,,,,,,,,,,,,,,,,,,,,,,,,,,,,,,
,,,,,,,,,,,,,,,,,,,,,,,,,,,,,,,,,,,,,,,,,,,,,,,,,,,,,,,,,,,,,,,,,,,,,,,,,,,,,,,,,,,,,,,,,,,,,,,,,,,,,,,,,,,,,,,,,,,,,,,,,,,,,,,,,,,,,,,,,,,,,,,,,,,,,,,
,,,,,,,,,,,,,,,,,,,,,,,,,,,,,,,,,,,,,,,,,,,,,,,,,,,,,,,,,,,,,,,,,,,,,,,,,,,,,,,,,,,,,,,,,,,,,,,,,,,,,,,,,,,,,,,,,,,,,,,,,,,,,,,,,,,,,,,,,,,,,,,,,,,,,,,
,,,,,,,,,,,,,,,,,,,,,,,,,,,,,,,,,,,,,,,,,,,,,,,,,,,,,,,,,,,,,,,,,,,,,,,,,,,,,,,,,,,,,,,,,,,,,,,,,,,,,,,,,,,,,,,,,,,,,,,,,,,,,,,,,,,,,,,,,,,,,,,,,,,,,,,
,,,,,,,,,,,,,,,,,,,,,,,,,,,,,,,,,,,,,,,,,,,,,,,,,,,,,,,,,,,,,,,,,,,,,,,,,,,,,,,,,,,,,,,,,,,,,,,,,,,,,,,,,,,,,,,,,,,,,,,,,,,,,,,,,,,,,,,,,,,,,,,,,,,,,,,
,,,,,,,,,,,,,,,,,,,,,,,,,,,,,,,,,,,,,,,,,,,,,,,,,,,,,,,,,,,,,,,,,,,,,,,,,,,,,,,,,,,,,,,,,,,,,,,,,,,,,,,,,,,,,,,,,,,,,,,,,,,,,,,,,,,,,,,,,,,,,,,,,,,,,,,
,,,,,,,,,,,,,,,,,,,,,,,,,,,,,,,,,,,,,,,,,,,,,,,,,,,,,,,,,,,,,,,,,,,,,,,,,,,,,,,,,,,,,,,,,,,,,,,,,,,,,,,,,,,,,,,,,,,,,,,,,,,,,,,,,,,,,,,,,,,,,,,,,,,,,,,
,,,,,,,,,,,,,,,,,,,,,,,,,,,,,,,,,,,,,,,,,,,,,,,,,,,,,,,,,,,,,,,,,,,,,,,,,,,,,,,,,,,,,,,,,,,,,,,,,,,,,,,,,,,,,,,,,,,,,,,,,,,,,,,,,,,,,,,,,,,,,,,,,,,,,,,
,,,,,,,,,,,,,,,,,,,,,,,,,,,,,,,,,,,,,,,,,,,,,,,,,,,,,,,,,,,,,,,,,,,,,,,,,,,,,,,,,,,,,,,,,,,,,,,,,,,,,,,,,,,,,,,,,,,,,,,,,,,,,,,,,,,,,,,,,,,,,,,,,,,,,,,
,,,,,,,,,,,,,,,,,,,,,,,,,,,,,,,,,,,,,,,,,,,,,,,,,,,,,,,,,,,,,,,,,,,,,,,,,,,,,,,,,,,,,,,,,,,,,,,,,,,,,,,,,,,,,,,,,,,,,,,,,,,,,,,,,,,,,,,,,,,,,,,,,,,,,,,
,,,,,,,,,,,,,,,,,,,,,,,,,,,,,,,,,,,,,,,,,,,,,,,,,,,,,,,,,,,,,,,,,,,,,,,,,,,,,,,,,,,,,,,,,,,,,,,,,,,,,,,,,,,,,,,,,,,,,,,,,,,,,,,,,,,,,,,,,,,,,,,,,,,,,,,
,,,,,,,,,,,,,,,,,,,,,,,,,,,,,,,,,,,,,,,,,,,,,,,,,,,,,,,,,,,,,,,,,,,,,,,,,,,,,,,,,,,,,,,,,,,,,,,,,,,,,,,,,,,,,,,,,,,,,,,,,,,,,,,,,,,,,,,,,,,,,,,,,,,,,,,
,,,,,,,,,,,,,,,,,,,,,,,,,,,,,,,,,,,,,,,,,,,,,,,,,,,,,,,,,,,,,,,,,,,,,,,,,,,,,,,,,,,,,,,,,,,,,,,,,,,,,,,,,,,,,,,,,,,,,,,,,,,,,,,,,,,,,,,,,,,,,,,,,,,,,,,
,,,,,,,,,,,,,,,,,,,,,,,,,,,,,,,,,,,,,,,,,,,,,,,,,,,,,,,,,,,,,,,,,,,,,,,,,,,,,,,,,,,,,,,,,,,,,,,,,,,,,,,,,,,,,,,,,,,,,,,,,,,,,,,,,,,,,,,,,,,,,,,,,,,,,,,
,,,,,,,,,,,,,,,,,,,,,,,,,,,,,,,,,,,,,,,,,,,,,,,,,,,,,,,,,,,,,,,,,,,,,,,,,,,,,,,,,,,,,,,,,,,,,,,,,,,,,,,,,,,,,,,,,,,,,,,,,,,,,,,,,,,,,,,,,,,,,,,,,,,,,,,
,,,,,,,,,,,,,,,,,,,,,,,,,,,,,,,,,,,,,,,,,,,,,,,,,,,,,,,,,,,,,,,,,,,,,,,,,,,,,,,,,,,,,,,,,,,,,,,,,,,,,,,,,,,,,,,,,,,,,,,,,,,,,,,,,,,,,,,,,,,,,,,,,,,,,,,
,,,,,,,,,,,,,,,,,,,,,,,,,,,,,,,,,,,,,,,,,,,,,,,,,,,,,,,,,,,,,,,,,,,,,,,,,,,,,,,,,,,,,,,,,,,,,,,,,,,,,,,,,,,,,,,,,,,,,,,,,,,,,,,,,,,,,,,,,,,,,,,,,,,,,,,
,,,,,,,,,,,,,,,,,,,,,,,,,,,,,,,,,,,,,,,,,,,,,,,,,,,,,,,,,,,,,,,,,,,,,,,,,,,,,,,,,,,,,,,,,,,,,,,,,,,,,,,,,,,,,,,,,,,,,,,,,,,,,,,,,,,,,,,,,,,,,,,,,,,,,,,
,,,,,,,,,,,,,,,,,,,,,,,,,,,,,,,,,,,,,,,,,,,,,,,,,,,,,,,,,,,,,,,,,,,,,,,,,,,,,,,,,,,,,,,,,,,,,,,,,,,,,,,,,,,,,,,,,,,,,,,,,,,,,,,,,,,,,,,,,,,,,,,,,,,,,,,
,,,,,,,,,,,,,,,,,,,,,,,,,,,,,,,,,,,,,,,,,,,,,,,,,,,,,,,,,,,,,,,,,,,,,,,,,,,,,,,,,,,,,,,,,,,,,,,,,,,,,,,,,,,,,,,,,,,,,,,,,,,,,,,,,,,,,,,,,,,,,,,,,,,,,,,
,,,,,,,,,,,,,,,,,,,,,,,,,,,,,,,,,,,,,,,,,,,,,,,,,,,,,,,,,,,,,,,,,,,,,,,,,,,,,,,,,,,,,,,,,,,,,,,,,,,,,,,,,,,,,,,,,,,,,,,,,,,,,,,,,,,,,,,,,,,,,,,,,,,,,,,
,,,,,,,,,,,,,,,,,,,,,,,,,,,,,,,,,,,,,,,,,,,,,,,,,,,,,,,,,,,,,,,,,,,,,,,,,,,,,,,,,,,,,,,,,,,,,,,,,,,,,,,,,,,,,,,,,,,,,,,,,,,,,,,,,,,,,,,,,,,,,,,,,,,,,,,
,,,,,,,,,,,,,,,,,,,,,,,,,,,,,,,,,,,,,,,,,,,,,,,,,,,,,,,,,,,,,,,,,,,,,,,,,,,,,,,,,,,,,,,,,,,,,,,,,,,,,,,,,,,,,,,,,,,,,,,,,,,,,,,,,,,,,,,,,,,,,,,,,,,,,,,
,,,,,,,,,,,,,,,,,,,,,,,,,,,,,,,,,,,,,,,,,,,,,,,,,,,,,,,,,,,,,,,,,,,,,,,,,,,,,,,,,,,,,,,,,,,,,,,,,,,,,,,,,,,,,,,,,,,,,,,,,,,,,,,,,,,,,,,,,,,,,,,,,,,,,,,
,,,,,,,,,,,,,,,,,,,,,,,,,,,,,,,,,,,,,,,,,,,,,,,,,,,,,,,,,,,,,,,,,,,,,,,,,,,,,,,,,,,,,,,,,,,,,,,,,,,,,,,,,,,,,,,,,,,,,,,,,,,,,,,,,,,,,,,,,,,,,,,,,,,,,,,
,,,,,,,,,,,,,,,,,,,,,,,,,,,,,,,,,,,,,,,,,,,,,,,,,,,,,,,,,,,,,,,,,,,,,,,,,,,,,,,,,,,,,,,,,,,,,,,,,,,,,,,,,,,,,,,,,,,,,,,,,,,,,,,,,,,,,,,,,,,,,,,,,,,,,,,
,,,,,,,,,,,,,,,,,,,,,,,,,,,,,,,,,,,,,,,,,,,,,,,,,,,,,,,,,,,,,,,,,,,,,,,,,,,,,,,,,,,,,,,,,,,,,,,,,,,,,,,,,,,,,,,,,,,,,,,,,,,,,,,,,,,,,,,,,,,,,,,,,,,,,,,
,,,,,,,,,,,,,,,,,,,,,,,,,,,,,,,,,,,,,,,,,,,,,,,,,,,,,,,,,,,,,,,,,,,,,,,,,,,,,,,,,,,,,,,,,,,,,,,,,,,,,,,,,,,,,,,,,,,,,,,,,,,,,,,,,,,,,,,,,,,,,,,,,,,,,,,
,,,,,,,,,,,,,,,,,,,,,,,,,,,,,,,,,,,,,,,,,,,,,,,,,,,,,,,,,,,,,,,,,,,,,,,,,,,,,,,,,,,,,,,,,,,,,,,,,,,,,,,,,,,,,,,,,,,,,,,,,,,,,,,,,,,,,,,,,,,,,,,,,,,,,,,
,,,,,,,,,,,,,,,,,,,,,,,,,,,,,,,,,,,,,,,,,,,,,,,,,,,,,,,,,,,,,,,,,,,,,,,,,,,,,,,,,,,,,,,,,,,,,,,,,,,,,,,,,,,,,,,,,,,,,,,,,,,,,,,,,,,,,,,,,,,,,,,,,,,,,,,
,,,,,,,,,,,,,,,,,,,,,,,,,,,,,,,,,,,,,,,,,,,,,,,,,,,,,,,,,,,,,,,,,,,,,,,,,,,,,,,,,,,,,,,,,,,,,,,,,,,,,,,,,,,,,,,,,,,,,,,,,,,,,,,,,,,,,,,,,,,,,,,,,,,,,,,
,,,,,,,,,,,,,,,,,,,,,,,,,,,,,,,,,,,,,,,,,,,,,,,,,,,,,,,,,,,,,,,,,,,,,,,,,,,,,,,,,,,,,,,,,,,,,,,,,,,,,,,,,,,,,,,,,,,,,,,,,,,,,,,,,,,,,,,,,,,,,,,,,,,,,,,
,,,,,,,,,,,,,,,,,,,,,,,,,,,,,,,,,,,,,,,,,,,,,,,,,,,,,,,,,,,,,,,,,,,,,,,,,,,,,,,,,,,,,,,,,,,,,,,,,,,,,,,,,,,,,,,,,,,,,,,,,,,,,,,,,,,,,,,,,,,,,,,,,,,,,,,
,,,,,,,,,,,,,,,,,,,,,,,,,,,,,,,,,,,,,,,,,,,,,,,,,,,,,,,,,,,,,,,,,,,,,,,,,,,,,,,,,,,,,,,,,,,,,,,,,,,,,,,,,,,,,,,,,,,,,,,,,,,,,,,,,,,,,,,,,,,,,,,,,,,,,,,
,,,,,,,,,,,,,,,,,,,,,,,,,,,,,,,,,,,,,,,,,,,,,,,,,,,,,,,,,,,,,,,,,,,,,,,,,,,,,,,,,,,,,,,,,,,,,,,,,,,,,,,,,,,,,,,,,,,,,,,,,,,,,,,,,,,,,,,,,,,,,,,,,,,,,,,
,,,,,,,,,,,,,,,,,,,,,,,,,,,,,,,,,,,,,,,,,,,,,,,,,,,,,,,,,,,,,,,,,,,,,,,,,,,,,,,,,,,,,,,,,,,,,,,,,,,,,,,,,,,,,,,,,,,,,,,,,,,,,,,,,,,,,,,,,,,,,,,,,,,,,,,
,,,,,,,,,,,,,,,,,,,,,,,,,,,,,,,,,,,,,,,,,,,,,,,,,,,,,,,,,,,,,,,,,,,,,,,,,,,,,,,,,,,,,,,,,,,,,,,,,,,,,,,,,,,,,,,,,,,,,,,,,,,,,,,,,,,,,,,,,,,,,,,,,,,,,,,
,,,,,,,,,,,,,,,,,,,,,,,,,,,,,,,,,,,,,,,,,,,,,,,,,,,,,,,,,,,,,,,,,,,,,,,,,,,,,,,,,,,,,,,,,,,,,,,,,,,,,,,,,,,,,,,,,,,,,,,,,,,,,,,,,,,,,,,,,,,,,,,,,,,,,,,
,,,,,,,,,,,,,,,,,,,,,,,,,,,,,,,,,,,,,,,,,,,,,,,,,,,,,,,,,,,,,,,,,,,,,,,,,,,,,,,,,,,,,,,,,,,,,,,,,,,,,,,,,,,,,,,,,,,,,,,,,,,,,,,,,,,,,,,,,,,,,,,,,,,,,,,
,,,,,,,,,,,,,,,,,,,,,,,,,,,,,,,,,,,,,,,,,,,,,,,,,,,,,,,,,,,,,,,,,,,,,,,,,,,,,,,,,,,,,,,,,,,,,,,,,,,,,,,,,,,,,,,,,,,,,,,,,,,,,,,,,,,,,,,,,,,,,,,,,,,,,,,
,,,,,,,,,,,,,,,,,,,,,,,,,,,,,,,,,,,,,,,,,,,,,,,,,,,,,,,,,,,,,,,,,,,,,,,,,,,,,,,,,,,,,,,,,,,,,,,,,,,,,,,,,,,,,,,,,,,,,,,,,,,,,,,,,,,,,,,,,,,,,,,,,,,,,,,
,,,,,,,,,,,,,,,,,,,,,,,,,,,,,,,,,,,,,,,,,,,,,,,,,,,,,,,,,,,,,,,,,,,,,,,,,,,,,,,,,,,,,,,,,,,,,,,,,,,,,,,,,,,,,,,,,,,,,,,,,,,,,,,,,,,,,,,,,,,,,,,,,,,,,,,
,,,,,,,,,,,,,,,,,,,,,,,,,,,,,,,,,,,,,,,,,,,,,,,,,,,,,,,,,,,,,,,,,,,,,,,,,,,,,,,,,,,,,,,,,,,,,,,,,,,,,,,,,,,,,,,,,,,,,,,,,,,,,,,,,,,,,,,,,,,,,,,,,,,,,,,
,,,,,,,,,,,,,,,,,,,,,,,,,,,,,,,,,,,,,,,,,,,,,,,,,,,,,,,,,,,,,,,,,,,,,,,,,,,,,,,,,,,,,,,,,,,,,,,,,,,,,,,,,,,,,,,,,,,,,,,,,,,,,,,,,,,,,,,,,,,,,,,,,,,,,,,
,,,,,,,,,,,,,,,,,,,,,,,,,,,,,,,,,,,,,,,,,,,,,,,,,,,,,,,,,,,,,,,,,,,,,,,,,,,,,,,,,,,,,,,,,,,,,,,,,,,,,,,,,,,,,,,,,,,,,,,,,,,,,,,,,,,,,,,,,,,,,,,,,,,,,,,
,,,,,,,,,,,,,,,,,,,,,,,,,,,,,,,,,,,,,,,,,,,,,,,,,,,,,,,,,,,,,,,,,,,,,,,,,,,,,,,,,,,,,,,,,,,,,,,,,,,,,,,,,,,,,,,,,,,,,,,,,,,,,,,,,,,,,,,,,,,,,,,,,,,,,,,
,,,,,,,,,,,,,,,,,,,,,,,,,,,,,,,,,,,,,,,,,,,,,,,,,,,,,,,,,,,,,,,,,,,,,,,,,,,,,,,,,,,,,,,,,,,,,,,,,,,,,,,,,,,,,,,,,,,,,,,,,,,,,,,,,,,,,,,,,,,,,,,,,,,,,,,
,,,,,,,,,,,,,,,,,,,,,,,,,,,,,,,,,,,,,,,,,,,,,,,,,,,,,,,,,,,,,,,,,,,,,,,,,,,,,,,,,,,,,,,,,,,,,,,,,,,,,,,,,,,,,,,,,,,,,,,,,,,,,,,,,,,,,,,,,,,,,,,,,,,,,,,
,,,,,,,,,,,,,,,,,,,,,,,,,,,,,,,,,,,,,,,,,,,,,,,,,,,,,,,,,,,,,,,,,,,,,,,,,,,,,,,,,,,,,,,,,,,,,,,,,,,,,,,,,,,,,,,,,,,,,,,,,,,,,,,,,,,,,,,,,,,,,,,,,,,,,,,
,,,,,,,,,,,,,,,,,,,,,,,,,,,,,,,,,,,,,,,,,,,,,,,,,,,,,,,,,,,,,,,,,,,,,,,,,,,,,,,,,,,,,,,,,,,,,,,,,,,,,,,,,,,,,,,,,,,,,,,,,,,,,,,,,,,,,,,,,,,,,,,,,,,,,,,
,,,,,,,,,,,,,,,,,,,,,,,,,,,,,,,,,,,,,,,,,,,,,,,,,,,,,,,,,,,,,,,,,,,,,,,,,,,,,,,,,,,,,,,,,,,,,,,,,,,,,,,,,,,,,,,,,,,,,,,,,,,,,,,,,,,,,,,,,,,,,,,,,,,,,,,
,,,,,,,,,,,,,,,,,,,,,,,,,,,,,,,,,,,,,,,,,,,,,,,,,,,,,,,,,,,,,,,,,,,,,,,,,,,,,,,,,,,,,,,,,,,,,,,,,,,,,,,,,,,,,,,,,,,,,,,,,,,,,,,,,,,,,,,,,,,,,,,,,,,,,,,
,,,,,,,,,,,,,,,,,,,,,,,,,,,,,,,,,,,,,,,,,,,,,,,,,,,,,,,,,,,,,,,,,,,,,,,,,,,,,,,,,,,,,,,,,,,,,,,,,,,,,,,,,,,,,,,,,,,,,,,,,,,,,,,,,,,,,,,,,,,,,,,,,,,,,,,
,,,,,,,,,,,,,,,,,,,,,,,,,,,,,,,,,,,,,,,,,,,,,,,,,,,,,,,,,,,,,,,,,,,,,,,,,,,,,,,,,,,,,,,,,,,,,,,,,,,,,,,,,,,,,,,,,,,,,,,,,,,,,,,,,,,,,,,,,,,,,,,,,,,,,,,
,,,,,,,,,,,,,,,,,,,,,,,,,,,,,,,,,,,,,,,,,,,,,,,,,,,,,,,,,,,,,,,,,,,,,,,,,,,,,,,,,,,,,,,,,,,,,,,,,,,,,,,,,,,,,,,,,,,,,,,,,,,,,,,,,,,,,,,,,,,,,,,,,,,,,,,
,,,,,,,,,,,,,,,,,,,,,,,,,,,,,,,,,,,,,,,,,,,,,,,,,,,,,,,,,,,,,,,,,,,,,,,,,,,,,,,,,,,,,,,,,,,,,,,,,,,,,,,,,,,,,,,,,,,,,,,,,,,,,,,,,,,,,,,,,,,,,,,,,,,,,,,
,,,,,,,,,,,,,,,,,,,,,,,,,,,,,,,,,,,,,,,,,,,,,,,,,,,,,,,,,,,,,,,,,,,,,,,,,,,,,,,,,,,,,,,,,,,,,,,,,,,,,,,,,,,,,,,,,,,,,,,,,,,,,,,,,,,,,,,,,,,,,,,,,,,,,,,
,,,,,,,,,,,,,,,,,,,,,,,,,,,,,,,,,,,,,,,,,,,,,,,,,,,,,,,,,,,,,,,,,,,,,,,,,,,,,,,,,,,,,,,,,,,,,,,,,,,,,,,,,,,,,,,,,,,,,,,,,,,,,,,,,,,,,,,,,,,,,,,,,,,,,,,
,,,,,,,,,,,,,,,,,,,,,,,,,,,,,,,,,,,,,,,,,,,,,,,,,,,,,,,,,,,,,,,,,,,,,,,,,,,,,,,,,,,,,,,,,,,,,,,,,,,,,,,,,,,,,,,,,,,,,,,,,,,,,,,,,,,,,,,,,,,,,,,,,,,,,,,
,,,,,,,,,,,,,,,,,,,,,,,,,,,,,,,,,,,,,,,,,,,,,,,,,,,,,,,,,,,,,,,,,,,,,,,,,,,,,,,,,,,,,,,,,,,,,,,,,,,,,,,,,,,,,,,,,,,,,,,,,,,,,,,,,,,,,,,,,,,,,,,,,,,,,,,
,,,,,,,,,,,,,,,,,,,,,,,,,,,,,,,,,,,,,,,,,,,,,,,,,,,,,,,,,,,,,,,,,,,,,,,,,,,,,,,,,,,,,,,,,,,,,,,,,,,,,,,,,,,,,,,,,,,,,,,,,,,,,,,,,,,,,,,,,,,,,,,,,,,,,,,
,,,,,,,,,,,,,,,,,,,,,,,,,,,,,,,,,,,,,,,,,,,,,,,,,,,,,,,,,,,,,,,,,,,,,,,,,,,,,,,,,,,,,,,,,,,,,,,,,,,,,,,,,,,,,,,,,,,,,,,,,,,,,,,,,,,,,,,,,,,,,,,,,,,,,,,
,,,,,,,,,,,,,,,,,,,,,,,,,,,,,,,,,,,,,,,,,,,,,,,,,,,,,,,,,,,,,,,,,,,,,,,,,,,,,,,,,,,,,,,,,,,,,,,,,,,,,,,,,,,,,,,,,,,,,,,,,,,,,,,,,,,,,,,,,,,,,,,,,,,,,,,
,,,,,,,,,,,,,,,,,,,,,,,,,,,,,,,,,,,,,,,,,,,,,,,,,,,,,,,,,,,,,,,,,,,,,,,,,,,,,,,,,,,,,,,,,,,,,,,,,,,,,,,,,,,,,,,,,,,,,,,,,,,,,,,,,,,,,,,,,,,,,,,,,,,,,,,
,,,,,,,,,,,,,,,,,,,,,,,,,,,,,,,,,,,,,,,,,,,,,,,,,,,,,,,,,,,,,,,,,,,,,,,,,,,,,,,,,,,,,,,,,,,,,,,,,,,,,,,,,,,,,,,,,,,,,,,,,,,,,,,,,,,,,,,,,,,,,,,,,,,,,,,
,,,,,,,,,,,,,,,,,,,,,,,,,,,,,,,,,,,,,,,,,,,,,,,,,,,,,,,,,,,,,,,,,,,,,,,,,,,,,,,,,,,,,,,,,,,,,,,,,,,,,,,,,,,,,,,,,,,,,,,,,,,,,,,,,,,,,,,,,,,,,,,,,,,,,,,
,,,,,,,,,,,,,,,,,,,,,,,,,,,,,,,,,,,,,,,,,,,,,,,,,,,,,,,,,,,,,,,,,,,,,,,,,,,,,,,,,,,,,,,,,,,,,,,,,,,,,,,,,,,,,,,,,,,,,,,,,,,,,,,,,,,,,,,,,,,,,,,,,,,,,,,
,,,,,,,,,,,,,,,,,,,,,,,,,,,,,,,,,,,,,,,,,,,,,,,,,,,,,,,,,,,,,,,,,,,,,,,,,,,,,,,,,,,,,,,,,,,,,,,,,,,,,,,,,,,,,,,,,,,,,,,,,,,,,,,,,,,,,,,,,,,,,,,,,,,,,,,
,,,,,,,,,,,,,,,,,,,,,,,,,,,,,,,,,,,,,,,,,,,,,,,,,,,,,,,,,,,,,,,,,,,,,,,,,,,,,,,,,,,,,,,,,,,,,,,,,,,,,,,,,,,,,,,,,,,,,,,,,,,,,,,,,,,,,,,,,,,,,,,,,,,,,,,
,,,,,,,,,,,,,,,,,,,,,,,,,,,,,,,,,,,,,,,,,,,,,,,,,,,,,,,,,,,,,,,,,,,,,,,,,,,,,,,,,,,,,,,,,,,,,,,,,,,,,,,,,,,,,,,,,,,,,,,,,,,,,,,,,,,,,,,,,,,,,,,,,,,,,,,
,,,,,,,,,,,,,,,,,,,,,,,,,,,,,,,,,,,,,,,,,,,,,,,,,,,,,,,,,,,,,,,,,,,,,,,,,,,,,,,,,,,,,,,,,,,,,,,,,,,,,,,,,,,,,,,,,,,,,,,,,,,,,,,,,,,,,,,,,,,,,,,,,,,,,,,
,,,,,,,,,,,,,,,,,,,,,,,,,,,,,,,,,,,,,,,,,,,,,,,,,,,,,,,,,,,,,,,,,,,,,,,,,,,,,,,,,,,,,,,,,,,,,,,,,,,,,,,,,,,,,,,,,,,,,,,,,,,,,,,,,,,,,,,,,,,,,,,,,,,,,,,
,,,,,,,,,,,,,,,,,,,,,,,,,,,,,,,,,,,,,,,,,,,,,,,,,,,,,,,,,,,,,,,,,,,,,,,,,,,,,,,,,,,,,,,,,,,,,,,,,,,,,,,,,,,,,,,,,,,,,,,,,,,,,,,,,,,,,,,,,,,,,,,,,,,,,,,
,,,,,,,,,,,,,,,,,,,,,,,,,,,,,,,,,,,,,,,,,,,,,,,,,,,,,,,,,,,,,,,,,,,,,,,,,,,,,,,,,,,,,,,,,,,,,,,,,,,,,,,,,,,,,,,,,,,,,,,,,,,,,,,,,,,,,,,,,,,,,,,,,,,,,,,
,,,,,,,,,,,,,,,,,,,,,,,,,,,,,,,,,,,,,,,,,,,,,,,,,,,,,,,,,,,,,,,,,,,,,,,,,,,,,,,,,,,,,,,,,,,,,,,,,,,,,,,,,,,,,,,,,,,,,,,,,,,,,,,,,,,,,,,,,,,,,,,,,,,,,,,
,,,,,,,,,,,,,,,,,,,,,,,,,,,,,,,,,,,,,,,,,,,,,,,,,,,,,,,,,,,,,,,,,,,,,,,,,,,,,,,,,,,,,,,,,,,,,,,,,,,,,,,,,,,,,,,,,,,,,,,,,,,,,,,,,,,,,,,,,,,,,,,,,,,,,,,
,,,,,,,,,,,,,,,,,,,,,,,,,,,,,,,,,,,,,,,,,,,,,,,,,,,,,,,,,,,,,,,,,,,,,,,,,,,,,,,,,,,,,,,,,,,,,,,,,,,,,,,,,,,,,,,,,,,,,,,,,,,,,,,,,,,,,,,,,,,,,,,,,,,,,,,
,,,,,,,,,,,,,,,,,,,,,,,,,,,,,,,,,,,,,,,,,,,,,,,,,,,,,,,,,,,,,,,,,,,,,,,,,,,,,,,,,,,,,,,,,,,,,,,,,,,,,,,,,,,,,,,,,,,,,,,,,,,,,,,,,,,,,,,,,,,,,,,,,,,,,,,
,,,,,,,,,,,,,,,,,,,,,,,,,,,,,,,,,,,,,,,,,,,,,,,,,,,,,,,,,,,,,,,,,,,,,,,,,,,,,,,,,,,,,,,,,,,,,,,,,,,,,,,,,,,,,,,,,,,,,,,,,,,,,,,,,,,,,,,,,,,,,,,,,,,,,,,
,,,,,,,,,,,,,,,,,,,,,,,,,,,,,,,,,,,,,,,,,,,,,,,,,,,,,,,,,,,,,,,,,,,,,,,,,,,,,,,,,,,,,,,,,,,,,,,,,,,,,,,,,,,,,,,,,,,,,,,,,,,,,,,,,,,,,,,,,,,,,,,,,,,,,,,
,,,,,,,,,,,,,,,,,,,,,,,,,,,,,,,,,,,,,,,,,,,,,,,,,,,,,,,,,,,,,,,,,,,,,,,,,,,,,,,,,,,,,,,,,,,,,,,,,,,,,,,,,,,,,,,,,,,,,,,,,,,,,,,,,,,,,,,,,,,,,,,,,,,,,,,
,,,,,,,,,,,,,,,,,,,,,,,,,,,,,,,,,,,,,,,,,,,,,,,,,,,,,,,,,,,,,,,,,,,,,,,,,,,,,,,,,,,,,,,,,,,,,,,,,,,,,,,,,,,,,,,,,,,,,,,,,,,,,,,,,,,,,,,,,,,,,,,,,,,,,,,
,,,,,,,,,,,,,,,,,,,,,,,,,,,,,,,,,,,,,,,,,,,,,,,,,,,,,,,,,,,,,,,,,,,,,,,,,,,,,,,,,,,,,,,,,,,,,,,,,,,,,,,,,,,,,,,,,,,,,,,,,,,,,,,,,,,,,,,,,,,,,,,,,,,,,,,
,,,,,,,,,,,,,,,,,,,,,,,,,,,,,,,,,,,,,,,,,,,,,,,,,,,,,,,,,,,,,,,,,,,,,,,,,,,,,,,,,,,,,,,,,,,,,,,,,,,,,,,,,,,,,,,,,,,,,,,,,,,,,,,,,,,,,,,,,,,,,,,,,,,,,,,
,,,,,,,,,,,,,,,,,,,,,,,,,,,,,,,,,,,,,,,,,,,,,,,,,,,,,,,,,,,,,,,,,,,,,,,,,,,,,,,,,,,,,,,,,,,,,,,,,,,,,,,,,,,,,,,,,,,,,,,,,,,,,,,,,,,,,,,,,,,,,,,,,,,,,,,
,,,,,,,,,,,,,,,,,,,,,,,,,,,,,,,,,,,,,,,,,,,,,,,,,,,,,,,,,,,,,,,,,,,,,,,,,,,,,,,,,,,,,,,,,,,,,,,,,,,,,,,,,,,,,,,,,,,,,,,,,,,,,,,,,,,,,,,,,,,,,,,,,,,,,,,
,,,,,,,,,,,,,,,,,,,,,,,,,,,,,,,,,,,,,,,,,,,,,,,,,,,,,,,,,,,,,,,,,,,,,,,,,,,,,,,,,,,,,,,,,,,,,,,,,,,,,,,,,,,,,,,,,,,,,,,,,,,,,,,,,,,,,,,,,,,,,,,,,,,,,,,
,,,,,,,,,,,,,,,,,,,,,,,,,,,,,,,,,,,,,,,,,,,,,,,,,,,,,,,,,,,,,,,,,,,,,,,,,,,,,,,,,,,,,,,,,,,,,,,,,,,,,,,,,,,,,,,,,,,,,,,,,,,,,,,,,,,,,,,,,,,,,,,,,,,,,,,
,,,,,,,,,,,,,,,,,,,,,,,,,,,,,,,,,,,,,,,,,,,,,,,,,,,,,,,,,,,,,,,,,,,,,,,,,,,,,,,,,,,,,,,,,,,,,,,,,,,,,,,,,,,,,,,,,,,,,,,,,,,,,,,,,,,,,,,,,,,,,,,,,,,,,,,
,,,,,,,,,,,,,,,,,,,,,,,,,,,,,,,,,,,,,,,,,,,,,,,,,,,,,,,,,,,,,,,,,,,,,,,,,,,,,,,,,,,,,,,,,,,,,,,,,,,,,,,,,,,,,,,,,,,,,,,,,,,,,,,,,,,,,,,,,,,,,,,,,,,,,,,
,,,,,,,,,,,,,,,,,,,,,,,,,,,,,,,,,,,,,,,,,,,,,,,,,,,,,,,,,,,,,,,,,,,,,,,,,,,,,,,,,,,,,,,,,,,,,,,,,,,,,,,,,,,,,,,,,,,,,,,,,,,,,,,,,,,,,,,,,,,,,,,,,,,,,,,
,,,,,,,,,,,,,,,,,,,,,,,,,,,,,,,,,,,,,,,,,,,,,,,,,,,,,,,,,,,,,,,,,,,,,,,,,,,,,,,,,,,,,,,,,,,,,,,,,,,,,,,,,,,,,,,,,,,,,,,,,,,,,,,,,,,,,,,,,,,,,,,,,,,,,,,
,,,,,,,,,,,,,,,,,,,,,,,,,,,,,,,,,,,,,,,,,,,,,,,,,,,,,,,,,,,,,,,,,,,,,,,,,,,,,,,,,,,,,,,,,,,,,,,,,,,,,,,,,,,,,,,,,,,,,,,,,,,,,,,,,,,,,,,,,,,,,,,,,,,,,,,
,,,,,,,,,,,,,,,,,,,,,,,,,,,,,,,,,,,,,,,,,,,,,,,,,,,,,,,,,,,,,,,,,,,,,,,,,,,,,,,,,,,,,,,,,,,,,,,,,,,,,,,,,,,,,,,,,,,,,,,,,,,,,,,,,,,,,,,,,,,,,,,,,,,,,,,
,,,,,,,,,,,,,,,,,,,,,,,,,,,,,,,,,,,,,,,,,,,,,,,,,,,,,,,,,,,,,,,,,,,,,,,,,,,,,,,,,,,,,,,,,,,,,,,,,,,,,,,,,,,,,,,,,,,,,,,,,,,,,,,,,,,,,,,,,,,,,,,,,,,,,,,
,,,,,,,,,,,,,,,,,,,,,,,,,,,,,,,,,,,,,,,,,,,,,,,,,,,,,,,,,,,,,,,,,,,,,,,,,,,,,,,,,,,,,,,,,,,,,,,,,,,,,,,,,,,,,,,,,,,,,,,,,,,,,,,,,,,,,,,,,,,,,,,,,,,,,,,
,,,,,,,,,,,,,,,,,,,,,,,,,,,,,,,,,,,,,,,,,,,,,,,,,,,,,,,,,,,,,,,,,,,,,,,,,,,,,,,,,,,,,,,,,,,,,,,,,,,,,,,,,,,,,,,,,,,,,,,,,,,,,,,,,,,,,,,,,,,,,,,,,,,,,,,
,,,,,,,,,,,,,,,,,,,,,,,,,,,,,,,,,,,,,,,,,,,,,,,,,,,,,,,,,,,,,,,,,,,,,,,,,,,,,,,,,,,,,,,,,,,,,,,,,,,,,,,,,,,,,,,,,,,,,,,,,,,,,,,,,,,,,,,,,,,,,,,,,,,,,,,
,,,,,,,,,,,,,,,,,,,,,,,,,,,,,,,,,,,,,,,,,,,,,,,,,,,,,,,,,,,,,,,,,,,,,,,,,,,,,,,,,,,,,,,,,,,,,,,,,,,,,,,,,,,,,,,,,,,,,,,,,,,,,,,,,,,,,,,,,,,,,,,,,,,,,,,
,,,,,,,,,,,,,,,,,,,,,,,,,,,,,,,,,,,,,,,,,,,,,,,,,,,,,,,,,,,,,,,,,,,,,,,,,,,,,,,,,,,,,,,,,,,,,,,,,,,,,,,,,,,,,,,,,,,,,,,,,,,,,,,,,,,,,,,,,,,,,,,,,,,,,,,
,,,,,,,,,,,,,,,,,,,,,,,,,,,,,,,,,,,,,,,,,,,,,,,,,,,,,,,,,,,,,,,,,,,,,,,,,,,,,,,,,,,,,,,,,,,,,,,,,,,,,,,,,,,,,,,,,,,,,,,,,,,,,,,,,,,,,,,,,,,,,,,,,,,,,,,
,,,,,,,,,,,,,,,,,,,,,,,,,,,,,,,,,,,,,,,,,,,,,,,,,,,,,,,,,,,,,,,,,,,,,,,,,,,,,,,,,,,,,,,,,,,,,,,,,,,,,,,,,,,,,,,,,,,,,,,,,,,,,,,,,,,,,,,,,,,,,,,,,,,,,,,
,,,,,,,,,,,,,,,,,,,,,,,,,,,,,,,,,,,,,,,,,,,,,,,,,,,,,,,,,,,,,,,,,,,,,,,,,,,,,,,,,,,,,,,,,,,,,,,,,,,,,,,,,,,,,,,,,,,,,,,,,,,,,,,,,,,,,,,,,,,,,,,,,,,,,,,
,,,,,,,,,,,,,,,,,,,,,,,,,,,,,,,,,,,,,,,,,,,,,,,,,,,,,,,,,,,,,,,,,,,,,,,,,,,,,,,,,,,,,,,,,,,,,,,,,,,,,,,,,,,,,,,,,,,,,,,,,,,,,,,,,,,,,,,,,,,,,,,,,,,,,,,
,,,,,,,,,,,,,,,,,,,,,,,,,,,,,,,,,,,,,,,,,,,,,,,,,,,,,,,,,,,,,,,,,,,,,,,,,,,,,,,,,,,,,,,,,,,,,,,,,,,,,,,,,,,,,,,,,,,,,,,,,,,,,,,,,,,,,,,,,,,,,,,,,,,,,,,
,,,,,,,,,,,,,,,,,,,,,,,,,,,,,,,,,,,,,,,,,,,,,,,,,,,,,,,,,,,,,,,,,,,,,,,,,,,,,,,,,,,,,,,,,,,,,,,,,,,,,,,,,,,,,,,,,,,,,,,,,,,,,,,,,,,,,,,,,,,,,,,,,,,,,,,
,,,,,,,,,,,,,,,,,,,,,,,,,,,,,,,,,,,,,,,,,,,,,,,,,,,,,,,,,,,,,,,,,,,,,,,,,,,,,,,,,,,,,,,,,,,,,,,,,,,,,,,,,,,,,,,,,,,,,,,,,,,,,,,,,,,,,,,,,,,,,,,,,,,,,,,
,,,,,,,,,,,,,,,,,,,,,,,,,,,,,,,,,,,,,,,,,,,,,,,,,,,,,,,,,,,,,,,,,,,,,,,,,,,,,,,,,,,,,,,,,,,,,,,,,,,,,,,,,,,,,,,,,,,,,,,,,,,,,,,,,,,,,,,,,,,,,,,,,,,,,,,
,,,,,,,,,,,,,,,,,,,,,,,,,,,,,,,,,,,,,,,,,,,,,,,,,,,,,,,,,,,,,,,,,,,,,,,,,,,,,,,,,,,,,,,,,,,,,,,,,,,,,,,,,,,,,,,,,,,,,,,,,,,,,,,,,,,,,,,,,,,,,,,,,,,,,,,
,,,,,,,,,,,,,,,,,,,,,,,,,,,,,,,,,,,,,,,,,,,,,,,,,,,,,,,,,,,,,,,,,,,,,,,,,,,,,,,,,,,,,,,,,,,,,,,,,,,,,,,,,,,,,,,,,,,,,,,,,,,,,,,,,,,,,,,,,,,,,,,,,,,,,,,
,,,,,,,,,,,,,,,,,,,,,,,,,,,,,,,,,,,,,,,,,,,,,,,,,,,,,,,,,,,,,,,,,,,,,,,,,,,,,,,,,,,,,,,,,,,,,,,,,,,,,,,,,,,,,,,,,,,,,,,,,,,,,,,,,,,,,,,,,,,,,,,,,,,,,,,
,,,,,,,,,,,,,,,,,,,,,,,,,,,,,,,,,,,,,,,,,,,,,,,,,,,,,,,,,,,,,,,,,,,,,,,,,,,,,,,,,,,,,,,,,,,,,,,,,,,,,,,,,,,,,,,,,,,,,,,,,,,,,,,,,,,,,,,,,,,,,,,,,,,,,,,
,,,,,,,,,,,,,,,,,,,,,,,,,,,,,,,,,,,,,,,,,,,,,,,,,,,,,,,,,,,,,,,,,,,,,,,,,,,,,,,,,,,,,,,,,,,,,,,,,,,,,,,,,,,,,,,,,,,,,,,,,,,,,,,,,,,,,,,,,,,,,,,,,,,,,,,
,,,,,,,,,,,,,,,,,,,,,,,,,,,,,,,,,,,,,,,,,,,,,,,,,,,,,,,,,,,,,,,,,,,,,,,,,,,,,,,,,,,,,,,,,,,,,,,,,,,,,,,,,,,,,,,,,,,,,,,,,,,,,,,,,,,,,,,,,,,,,,,,,,,,,,,
,,,,,,,,,,,,,,,,,,,,,,,,,,,,,,,,,,,,,,,,,,,,,,,,,,,,,,,,,,,,,,,,,,,,,,,,,,,,,,,,,,,,,,,,,,,,,,,,,,,,,,,,,,,,,,,,,,,,,,,,,,,,,,,,,,,,,,,,,,,,,,,,,,,,,,,
,,,,,,,,,,,,,,,,,,,,,,,,,,,,,,,,,,,,,,,,,,,,,,,,,,,,,,,,,,,,,,,,,,,,,,,,,,,,,,,,,,,,,,,,,,,,,,,,,,,,,,,,,,,,,,,,,,,,,,,,,,,,,,,,,,,,,,,,,,,,,,,,,,,,,,,
,,,,,,,,,,,,,,,,,,,,,,,,,,,,,,,,,,,,,,,,,,,,,,,,,,,,,,,,,,,,,,,,,,,,,,,,,,,,,,,,,,,,,,,,,,,,,,,,,,,,,,,,,,,,,,,,,,,,,,,,,,,,,,,,,,,,,,,,,,,,,,,,,,,,,,,
,,,,,,,,,,,,,,,,,,,,,,,,,,,,,,,,,,,,,,,,,,,,,,,,,,,,,,,,,,,,,,,,,,,,,,,,,,,,,,,,,,,,,,,,,,,,,,,,,,,,,,,,,,,,,,,,,,,,,,,,,,,,,,,,,,,,,,,,,,,,,,,,,,,,,,,
,,,,,,,,,,,,,,,,,,,,,,,,,,,,,,,,,,,,,,,,,,,,,,,,,,,,,,,,,,,,,,,,,,,,,,,,,,,,,,,,,,,,,,,,,,,,,,,,,,,,,,,,,,,,,,,,,,,,,,,,,,,,,,,,,,,,,,,,,,,,,,,,,,,,,,,
,,,,,,,,,,,,,,,,,,,,,,,,,,,,,,,,,,,,,,,,,,,,,,,,,,,,,,,,,,,,,,,,,,,,,,,,,,,,,,,,,,,,,,,,,,,,,,,,,,,,,,,,,,,,,,,,,,,,,,,,,,,,,,,,,,,,,,,,,,,,,,,,,,,,,,,
,,,,,,,,,,,,,,,,,,,,,,,,,,,,,,,,,,,,,,,,,,,,,,,,,,,,,,,,,,,,,,,,,,,,,,,,,,,,,,,,,,,,,,,,,,,,,,,,,,,,,,,,,,,,,,,,,,,,,,,,,,,,,,,,,,,,,,,,,,,,,,,,,,,,,,,
,,,,,,,,,,,,,,,,,,,,,,,,,,,,,,,,,,,,,,,,,,,,,,,,,,,,,,,,,,,,,,,,,,,,,,,,,,,,,,,,,,,,,,,,,,,,,,,,,,,,,,,,,,,,,,,,,,,,,,,,,,,,,,,,,,,,,,,,,,,,,,,,,,,,,,,
,,,,,,,,,,,,,,,,,,,,,,,,,,,,,,,,,,,,,,,,,,,,,,,,,,,,,,,,,,,,,,,,,,,,,,,,,,,,,,,,,,,,,,,,,,,,,,,,,,,,,,,,,,,,,,,,,,,,,,,,,,,,,,,,,,,,,,,,,,,,,,,,,,,,,,,
,,,,,,,,,,,,,,,,,,,,,,,,,,,,,,,,,,,,,,,,,,,,,,,,,,,,,,,,,,,,,,,,,,,,,,,,,,,,,,,,,,,,,,,,,,,,,,,,,,,,,,,,,,,,,,,,,,,,,,,,,,,,,,,,,,,,,,,,,,,,,,,,,,,,,,,
,,,,,,,,,,,,,,,,,,,,,,,,,,,,,,,,,,,,,,,,,,,,,,,,,,,,,,,,,,,,,,,,,,,,,,,,,,,,,,,,,,,,,,,,,,,,,,,,,,,,,,,,,,,,,,,,,,,,,,,,,,,,,,,,,,,,,,,,,,,,,,,,,,,,,,,
,,,,,,,,,,,,,,,,,,,,,,,,,,,,,,,,,,,,,,,,,,,,,,,,,,,,,,,,,,,,,,,,,,,,,,,,,,,,,,,,,,,,,,,,,,,,,,,,,,,,,,,,,,,,,,,,,,,,,,,,,,,,,,,,,,,,,,,,,,,,,,,,,,,,,,,
,,,,,,,,,,,,,,,,,,,,,,,,,,,,,,,,,,,,,,,,,,,,,,,,,,,,,,,,,,,,,,,,,,,,,,,,,,,,,,,,,,,,,,,,,,,,,,,,,,,,,,,,,,,,,,,,,,,,,,,,,,,,,,,,,,,,,,,,,,,,,,,,,,,,,,,
,,,,,,,,,,,,,,,,,,,,,,,,,,,,,,,,,,,,,,,,,,,,,,,,,,,,,,,,,,,,,,,,,,,,,,,,,,,,,,,,,,,,,,,,,,,,,,,,,,,,,,,,,,,,,,,,,,,,,,,,,,,,,,,,,,,,,,,,,,,,,,,,,,,,,,,
,,,,,,,,,,,,,,,,,,,,,,,,,,,,,,,,,,,,,,,,,,,,,,,,,,,,,,,,,,,,,,,,,,,,,,,,,,,,,,,,,,,,,,,,,,,,,,,,,,,,,,,,,,,,,,,,,,,,,,,,,,,,,,,,,,,,,,,,,,,,,,,,,,,,,,,
,,,,,,,,,,,,,,,,,,,,,,,,,,,,,,,,,,,,,,,,,,,,,,,,,,,,,,,,,,,,,,,,,,,,,,,,,,,,,,,,,,,,,,,,,,,,,,,,,,,,,,,,,,,,,,,,,,,,,,,,,,,,,,,,,,,,,,,,,,,,,,,,,,,,,,,
,,,,,,,,,,,,,,,,,,,,,,,,,,,,,,,,,,,,,,,,,,,,,,,,,,,,,,,,,,,,,,,,,,,,,,,,,,,,,,,,,,,,,,,,,,,,,,,,,,,,,,,,,,,,,,,,,,,,,,,,,,,,,,,,,,,,,,,,,,,,,,,,,,,,,,,
,,,,,,,,,,,,,,,,,,,,,,,,,,,,,,,,,,,,,,,,,,,,,,,,,,,,,,,,,,,,,,,,,,,,,,,,,,,,,,,,,,,,,,,,,,,,,,,,,,,,,,,,,,,,,,,,,,,,,,,,,,,,,,,,,,,,,,,,,,,,,,,,,,,,,,,
,,,,,,,,,,,,,,,,,,,,,,,,,,,,,,,,,,,,,,,,,,,,,,,,,,,,,,,,,,,,,,,,,,,,,,,,,,,,,,,,,,,,,,,,,,,,,,,,,,,,,,,,,,,,,,,,,,,,,,,,,,,,,,,,,,,,,,,,,,,,,,,,,,,,,,,
,,,,,,,,,,,,,,,,,,,,,,,,,,,,,,,,,,,,,,,,,,,,,,,,,,,,,,,,,,,,,,,,,,,,,,,,,,,,,,,,,,,,,,,,,,,,,,,,,,,,,,,,,,,,,,,,,,,,,,,,,,,,,,,,,,,,,,,,,,,,,,,,,,,,,,,
,,,,,,,,,,,,,,,,,,,,,,,,,,,,,,,,,,,,,,,,,,,,,,,,,,,,,,,,,,,,,,,,,,,,,,,,,,,,,,,,,,,,,,,,,,,,,,,,,,,,,,,,,,,,,,,,,,,,,,,,,,,,,,,,,,,,,,,,,,,,,,,,,,,,,,,
,,,,,,,,,,,,,,,,,,,,,,,,,,,,,,,,,,,,,,,,,,,,,,,,,,,,,,,,,,,,,,,,,,,,,,,,,,,,,,,,,,,,,,,,,,,,,,,,,,,,,,,,,,,,,,,,,,,,,,,,,,,,,,,,,,,,,,,,,,,,,,,,,,,,,,,
,,,,,,,,,,,,,,,,,,,,,,,,,,,,,,,,,,,,,,,,,,,,,,,,,,,,,,,,,,,,,,,,,,,,,,,,,,,,,,,,,,,,,,,,,,,,,,,,,,,,,,,,,,,,,,,,,,,,,,,,,,,,,,,,,,,,,,,,,,,,,,,,,,,,,,,
,,,,,,,,,,,,,,,,,,,,,,,,,,,,,,,,,,,,,,,,,,,,,,,,,,,,,,,,,,,,,,,,,,,,,,,,,,,,,,,,,,,,,,,,,,,,,,,,,,,,,,,,,,,,,,,,,,,,,,,,,,,,,,,,,,,,,,,,,,,,,,,,,,,,,,,
,,,,,,,,,,,,,,,,,,,,,,,,,,,,,,,,,,,,,,,,,,,,,,,,,,,,,,,,,,,,,,,,,,,,,,,,,,,,,,,,,,,,,,,,,,,,,,,,,,,,,,,,,,,,,,,,,,,,,,,,,,,,,,,,,,,,,,,,,,,,,,,,,,,,,,,
,,,,,,,,,,,,,,,,,,,,,,,,,,,,,,,,,,,,,,,,,,,,,,,,,,,,,,,,,,,,,,,,,,,,,,,,,,,,,,,,,,,,,,,,,,,,,,,,,,,,,,,,,,,,,,,,,,,,,,,,,,,,,,,,,,,,,,,,,,,,,,,,,,,,,,,
,,,,,,,,,,,,,,,,,,,,,,,,,,,,,,,,,,,,,,,,,,,,,,,,,,,,,,,,,,,,,,,,,,,,,,,,,,,,,,,,,,,,,,,,,,,,,,,,,,,,,,,,,,,,,,,,,,,,,,,,,,,,,,,,,,,,,,,,,,,,,,,,,,,,,,,
,,,,,,,,,,,,,,,,,,,,,,,,,,,,,,,,,,,,,,,,,,,,,,,,,,,,,,,,,,,,,,,,,,,,,,,,,,,,,,,,,,,,,,,,,,,,,,,,,,,,,,,,,,,,,,,,,,,,,,,,,,,,,,,,,,,,,,,,,,,,,,,,,,,,,,,
,,,,,,,,,,,,,,,,,,,,,,,,,,,,,,,,,,,,,,,,,,,,,,,,,,,,,,,,,,,,,,,,,,,,,,,,,,,,,,,,,,,,,,,,,,,,,,,,,,,,,,,,,,,,,,,,,,,,,,,,,,,,,,,,,,,,,,,,,,,,,,,,,,,,,,,
,,,,,,,,,,,,,,,,,,,,,,,,,,,,,,,,,,,,,,,,,,,,,,,,,,,,,,,,,,,,,,,,,,,,,,,,,,,,,,,,,,,,,,,,,,,,,,,,,,,,,,,,,,,,,,,,,,,,,,,,,,,,,,,,,,,,,,,,,,,,,,,,,,,,,,,
,,,,,,,,,,,,,,,,,,,,,,,,,,,,,,,,,,,,,,,,,,,,,,,,,,,,,,,,,,,,,,,,,,,,,,,,,,,,,,,,,,,,,,,,,,,,,,,,,,,,,,,,,,,,,,,,,,,,,,,,,,,,,,,,,,,,,,,,,,,,,,,,,,,,,,,
,,,,,,,,,,,,,,,,,,,,,,,,,,,,,,,,,,,,,,,,,,,,,,,,,,,,,,,,,,,,,,,,,,,,,,,,,,,,,,,,,,,,,,,,,,,,,,,,,,,,,,,,,,,,,,,,,,,,,,,,,,,,,,,,,,,,,,,,,,,,,,,,,,,,,,,
,,,,,,,,,,,,,,,,,,,,,,,,,,,,,,,,,,,,,,,,,,,,,,,,,,,,,,,,,,,,,,,,,,,,,,,,,,,,,,,,,,,,,,,,,,,,,,,,,,,,,,,,,,,,,,,,,,,,,,,,,,,,,,,,,,,,,,,,,,,,,,,,,,,,,,,
,,,,,,,,,,,,,,,,,,,,,,,,,,,,,,,,,,,,,,,,,,,,,,,,,,,,,,,,,,,,,,,,,,,,,,,,,,,,,,,,,,,,,,,,,,,,,,,,,,,,,,,,,,,,,,,,,,,,,,,,,,,,,,,,,,,,,,,,,,,,,,,,,,,,,,,
,,,,,,,,,,,,,,,,,,,,,,,,,,,,,,,,,,,,,,,,,,,,,,,,,,,,,,,,,,,,,,,,,,,,,,,,,,,,,,,,,,,,,,,,,,,,,,,,,,,,,,,,,,,,,,,,,,,,,,,,,,,,,,,,,,,,,,,,,,,,,,,,,,,,,,,
,,,,,,,,,,,,,,,,,,,,,,,,,,,,,,,,,,,,,,,,,,,,,,,,,,,,,,,,,,,,,,,,,,,,,,,,,,,,,,,,,,,,,,,,,,,,,,,,,,,,,,,,,,,,,,,,,,,,,,,,,,,,,,,,,,,,,,,,,,,,,,,,,,,,,,,
,,,,,,,,,,,,,,,,,,,,,,,,,,,,,,,,,,,,,,,,,,,,,,,,,,,,,,,,,,,,,,,,,,,,,,,,,,,,,,,,,,,,,,,,,,,,,,,,,,,,,,,,,,,,,,,,,,,,,,,,,,,,,,,,,,,,,,,,,,,,,,,,,,,,,,,
,,,,,,,,,,,,,,,,,,,,,,,,,,,,,,,,,,,,,,,,,,,,,,,,,,,,,,,,,,,,,,,,,,,,,,,,,,,,,,,,,,,,,,,,,,,,,,,,,,,,,,,,,,,,,,,,,,,,,,,,,,,,,,,,,,,,,,,,,,,,,,,,,,,,,,,
,,,,,,,,,,,,,,,,,,,,,,,,,,,,,,,,,,,,,,,,,,,,,,,,,,,,,,,,,,,,,,,,,,,,,,,,,,,,,,,,,,,,,,,,,,,,,,,,,,,,,,,,,,,,,,,,,,,,,,,,,,,,,,,,,,,,,,,,,,,,,,,,,,,,,,,
,,,,,,,,,,,,,,,,,,,,,,,,,,,,,,,,,,,,,,,,,,,,,,,,,,,,,,,,,,,,,,,,,,,,,,,,,,,,,,,,,,,,,,,,,,,,,,,,,,,,,,,,,,,,,,,,,,,,,,,,,,,,,,,,,,,,,,,,,,,,,,,,,,,,,,,
,,,,,,,,,,,,,,,,,,,,,,,,,,,,,,,,,,,,,,,,,,,,,,,,,,,,,,,,,,,,,,,,,,,,,,,,,,,,,,,,,,,,,,,,,,,,,,,,,,,,,,,,,,,,,,,,,,,,,,,,,,,,,,,,,,,,,,,,,,,,,,,,,,,,,,,
,,,,,,,,,,,,,,,,,,,,,,,,,,,,,,,,,,,,,,,,,,,,,,,,,,,,,,,,,,,,,,,,,,,,,,,,,,,,,,,,,,,,,,,,,,,,,,,,,,,,,,,,,,,,,,,,,,,,,,,,,,,,,,,,,,,,,,,,,,,,,,,,,,,,,,,
,,,,,,,,,,,,,,,,,,,,,,,,,,,,,,,,,,,,,,,,,,,,,,,,,,,,,,,,,,,,,,,,,,,,,,,,,,,,,,,,,,,,,,,,,,,,,,,,,,,,,,,,,,,,,,,,,,,,,,,,,,,,,,,,,,,,,,,,,,,,,,,,,,,,,,,
,,,,,,,,,,,,,,,,,,,,,,,,,,,,,,,,,,,,,,,,,,,,,,,,,,,,,,,,,,,,,,,,,,,,,,,,,,,,,,,,,,,,,,,,,,,,,,,,,,,,,,,,,,,,,,,,,,,,,,,,,,,,,,,,,,,,,,,,,,,,,,,,,,,,,,,
,,,,,,,,,,,,,,,,,,,,,,,,,,,,,,,,,,,,,,,,,,,,,,,,,,,,,,,,,,,,,,,,,,,,,,,,,,,,,,,,,,,,,,,,,,,,,,,,,,,,,,,,,,,,,,,,,,,,,,,,,,,,,,,,,,,,,,,,,,,,,,,,,,,,,,,
,,,,,,,,,,,,,,,,,,,,,,,,,,,,,,,,,,,,,,,,,,,,,,,,,,,,,,,,,,,,,,,,,,,,,,,,,,,,,,,,,,,,,,,,,,,,,,,,,,,,,,,,,,,,,,,,,,,,,,,,,,,,,,,,,,,,,,,,,,,,,,,,,,,,,,,
,,,,,,,,,,,,,,,,,,,,,,,,,,,,,,,,,,,,,,,,,,,,,,,,,,,,,,,,,,,,,,,,,,,,,,,,,,,,,,,,,,,,,,,,,,,,,,,,,,,,,,,,,,,,,,,,,,,,,,,,,,,,,,,,,,,,,,,,,,,,,,,,,,,,,,,
,,,,,,,,,,,,,,,,,,,,,,,,,,,,,,,,,,,,,,,,,,,,,,,,,,,,,,,,,,,,,,,,,,,,,,,,,,,,,,,,,,,,,,,,,,,,,,,,,,,,,,,,,,,,,,,,,,,,,,,,,,,,,,,,,,,,,,,,,,,,,,,,,,,,,,,
,,,,,,,,,,,,,,,,,,,,,,,,,,,,,,,,,,,,,,,,,,,,,,,,,,,,,,,,,,,,,,,,,,,,,,,,,,,,,,,,,,,,,,,,,,,,,,,,,,,,,,,,,,,,,,,,,,,,,,,,,,,,,,,,,,,,,,,,,,,,,,,,,,,,,,,
,,,,,,,,,,,,,,,,,,,,,,,,,,,,,,,,,,,,,,,,,,,,,,,,,,,,,,,,,,,,,,,,,,,,,,,,,,,,,,,,,,,,,,,,,,,,,,,,,,,,,,,,,,,,,,,,,,,,,,,,,,,,,,,,,,,,,,,,,,,,,,,,,,,,,,,
,,,,,,,,,,,,,,,,,,,,,,,,,,,,,,,,,,,,,,,,,,,,,,,,,,,,,,,,,,,,,,,,,,,,,,,,,,,,,,,,,,,,,,,,,,,,,,,,,,,,,,,,,,,,,,,,,,,,,,,,,,,,,,,,,,,,,,,,,,,,,,,,,,,,,,,
,,,,,,,,,,,,,,,,,,,,,,,,,,,,,,,,,,,,,,,,,,,,,,,,,,,,,,,,,,,,,,,,,,,,,,,,,,,,,,,,,,,,,,,,,,,,,,,,,,,,,,,,,,,,,,,,,,,,,,,,,,,,,,,,,,,,,,,,,,,,,,,,,,,,,,,
,,,,,,,,,,,,,,,,,,,,,,,,,,,,,,,,,,,,,,,,,,,,,,,,,,,,,,,,,,,,,,,,,,,,,,,,,,,,,,,,,,,,,,,,,,,,,,,,,,,,,,,,,,,,,,,,,,,,,,,,,,,,,,,,,,,,,,,,,,,,,,,,,,,,,,,
,,,,,,,,,,,,,,,,,,,,,,,,,,,,,,,,,,,,,,,,,,,,,,,,,,,,,,,,,,,,,,,,,,,,,,,,,,,,,,,,,,,,,,,,,,,,,,,,,,,,,,,,,,,,,,,,,,,,,,,,,,,,,,,,,,,,,,,,,,,,,,,,,,,,,,,
,,,,,,,,,,,,,,,,,,,,,,,,,,,,,,,,,,,,,,,,,,,,,,,,,,,,,,,,,,,,,,,,,,,,,,,,,,,,,,,,,,,,,,,,,,,,,,,,,,,,,,,,,,,,,,,,,,,,,,,,,,,,,,,,,,,,,,,,,,,,,,,,,,,,,,,
,,,,,,,,,,,,,,,,,,,,,,,,,,,,,,,,,,,,,,,,,,,,,,,,,,,,,,,,,,,,,,,,,,,,,,,,,,,,,,,,,,,,,,,,,,,,,,,,,,,,,,,,,,,,,,,,,,,,,,,,,,,,,,,,,,,,,,,,,,,,,,,,,,,,,,,
,,,,,,,,,,,,,,,,,,,,,,,,,,,,,,,,,,,,,,,,,,,,,,,,,,,,,,,,,,,,,,,,,,,,,,,,,,,,,,,,,,,,,,,,,,,,,,,,,,,,,,,,,,,,,,,,,,,,,,,,,,,,,,,,,,,,,,,,,,,,,,,,,,,,,,,
,,,,,,,,,,,,,,,,,,,,,,,,,,,,,,,,,,,,,,,,,,,,,,,,,,,,,,,,,,,,,,,,,,,,,,,,,,,,,,,,,,,,,,,,,,,,,,,,,,,,,,,,,,,,,,,,,,,,,,,,,,,,,,,,,,,,,,,,,,,,,,,,,,,,,,,
,,,,,,,,,,,,,,,,,,,,,,,,,,,,,,,,,,,,,,,,,,,,,,,,,,,,,,,,,,,,,,,,,,,,,,,,,,,,,,,,,,,,,,,,,,,,,,,,,,,,,,,,,,,,,,,,,,,,,,,,,,,,,,,,,,,,,,,,,,,,,,,,,,,,,,,
,,,,,,,,,,,,,,,,,,,,,,,,,,,,,,,,,,,,,,,,,,,,,,,,,,,,,,,,,,,,,,,,,,,,,,,,,,,,,,,,,,,,,,,,,,,,,,,,,,,,,,,,,,,,,,,,,,,,,,,,,,,,,,,,,,,,,,,,,,,,,,,,,,,,,,,
,,,,,,,,,,,,,,,,,,,,,,,,,,,,,,,,,,,,,,,,,,,,,,,,,,,,,,,,,,,,,,,,,,,,,,,,,,,,,,,,,,,,,,,,,,,,,,,,,,,,,,,,,,,,,,,,,,,,,,,,,,,,,,,,,,,,,,,,,,,,,,,,,,,,,,,
,,,,,,,,,,,,,,,,,,,,,,,,,,,,,,,,,,,,,,,,,,,,,,,,,,,,,,,,,,,,,,,,,,,,,,,,,,,,,,,,,,,,,,,,,,,,,,,,,,,,,,,,,,,,,,,,,,,,,,,,,,,,,,,,,,,,,,,,,,,,,,,,,,,,,,,
,,,,,,,,,,,,,,,,,,,,,,,,,,,,,,,,,,,,,,,,,,,,,,,,,,,,,,,,,,,,,,,,,,,,,,,,,,,,,,,,,,,,,,,,,,,,,,,,,,,,,,,,,,,,,,,,,,,,,,,,,,,,,,,,,,,,,,,,,,,,,,,,,,,,,,,
,,,,,,,,,,,,,,,,,,,,,,,,,,,,,,,,,,,,,,,,,,,,,,,,,,,,,,,,,,,,,,,,,,,,,,,,,,,,,,,,,,,,,,,,,,,,,,,,,,,,,,,,,,,,,,,,,,,,,,,,,,,,,,,,,,,,,,,,,,,,,,,,,,,,,,,
,,,,,,,,,,,,,,,,,,,,,,,,,,,,,,,,,,,,,,,,,,,,,,,,,,,,,,,,,,,,,,,,,,,,,,,,,,,,,,,,,,,,,,,,,,,,,,,,,,,,,,,,,,,,,,,,,,,,,,,,,,,,,,,,,,,,,,,,,,,,,,,,,,,,,,,
,,,,,,,,,,,,,,,,,,,,,,,,,,,,,,,,,,,,,,,,,,,,,,,,,,,,,,,,,,,,,,,,,,,,,,,,,,,,,,,,,,,,,,,,,,,,,,,,,,,,,,,,,,,,,,,,,,,,,,,,,,,,,,,,,,,,,,,,,,,,,,,,,,,,,,,
,,,,,,,,,,,,,,,,,,,,,,,,,,,,,,,,,,,,,,,,,,,,,,,,,,,,,,,,,,,,,,,,,,,,,,,,,,,,,,,,,,,,,,,,,,,,,,,,,,,,,,,,,,,,,,,,,,,,,,,,,,,,,,,,,,,,,,,,,,,,,,,,,,,,,,,
,,,,,,,,,,,,,,,,,,,,,,,,,,,,,,,,,,,,,,,,,,,,,,,,,,,,,,,,,,,,,,,,,,,,,,,,,,,,,,,,,,,,,,,,,,,,,,,,,,,,,,,,,,,,,,,,,,,,,,,,,,,,,,,,,,,,,,,,,,,,,,,,,,,,,,,
,,,,,,,,,,,,,,,,,,,,,,,,,,,,,,,,,,,,,,,,,,,,,,,,,,,,,,,,,,,,,,,,,,,,,,,,,,,,,,,,,,,,,,,,,,,,,,,,,,,,,,,,,,,,,,,,,,,,,,,,,,,,,,,,,,,,,,,,,,,,,,,,,,,,,,,
,,,,,,,,,,,,,,,,,,,,,,,,,,,,,,,,,,,,,,,,,,,,,,,,,,,,,,,,,,,,,,,,,,,,,,,,,,,,,,,,,,,,,,,,,,,,,,,,,,,,,,,,,,,,,,,,,,,,,,,,,,,,,,,,,,,,,,,,,,,,,,,,,,,,,,,
,,,,,,,,,,,,,,,,,,,,,,,,,,,,,,,,,,,,,,,,,,,,,,,,,,,,,,,,,,,,,,,,,,,,,,,,,,,,,,,,,,,,,,,,,,,,,,,,,,,,,,,,,,,,,,,,,,,,,,,,,,,,,,,,,,,,,,,,,,,,,,,,,,,,,,,
,,,,,,,,,,,,,,,,,,,,,,,,,,,,,,,,,,,,,,,,,,,,,,,,,,,,,,,,,,,,,,,,,,,,,,,,,,,,,,,,,,,,,,,,,,,,,,,,,,,,,,,,,,,,,,,,,,,,,,,,,,,,,,,,,,,,,,,,,,,,,,,,,,,,,,,
,,,,,,,,,,,,,,,,,,,,,,,,,,,,,,,,,,,,,,,,,,,,,,,,,,,,,,,,,,,,,,,,,,,,,,,,,,,,,,,,,,,,,,,,,,,,,,,,,,,,,,,,,,,,,,,,,,,,,,,,,,,,,,,,,,,,,,,,,,,,,,,,,,,,,,,
,,,,,,,,,,,,,,,,,,,,,,,,,,,,,,,,,,,,,,,,,,,,,,,,,,,,,,,,,,,,,,,,,,,,,,,,,,,,,,,,,,,,,,,,,,,,,,,,,,,,,,,,,,,,,,,,,,,,,,,,,,,,,,,,,,,,,,,,,,,,,,,,,,,,,,,
,,,,,,,,,,,,,,,,,,,,,,,,,,,,,,,,,,,,,,,,,,,,,,,,,,,,,,,,,,,,,,,,,,,,,,,,,,,,,,,,,,,,,,,,,,,,,,,,,,,,,,,,,,,,,,,,,,,,,,,,,,,,,,,,,,,,,,,,,,,,,,,,,,,,,,,
,,,,,,,,,,,,,,,,,,,,,,,,,,,,,,,,,,,,,,,,,,,,,,,,,,,,,,,,,,,,,,,,,,,,,,,,,,,,,,,,,,,,,,,,,,,,,,,,,,,,,,,,,,,,,,,,,,,,,,,,,,,,,,,,,,,,,,,,,,,,,,,,,,,,,,,
,,,,,,,,,,,,,,,,,,,,,,,,,,,,,,,,,,,,,,,,,,,,,,,,,,,,,,,,,,,,,,,,,,,,,,,,,,,,,,,,,,,,,,,,,,,,,,,,,,,,,,,,,,,,,,,,,,,,,,,,,,,,,,,,,,,,,,,,,,,,,,,,,,,,,,,
,,,,,,,,,,,,,,,,,,,,,,,,,,,,,,,,,,,,,,,,,,,,,,,,,,,,,,,,,,,,,,,,,,,,,,,,,,,,,,,,,,,,,,,,,,,,,,,,,,,,,,,,,,,,,,,,,,,,,,,,,,,,,,,,,,,,,,,,,,,,,,,,,,,,,,,
,,,,,,,,,,,,,,,,,,,,,,,,,,,,,,,,,,,,,,,,,,,,,,,,,,,,,,,,,,,,,,,,,,,,,,,,,,,,,,,,,,,,,,,,,,,,,,,,,,,,,,,,,,,,,,,,,,,,,,,,,,,,,,,,,,,,,,,,,,,,,,,,,,,,,,,
,,,,,,,,,,,,,,,,,,,,,,,,,,,,,,,,,,,,,,,,,,,,,,,,,,,,,,,,,,,,,,,,,,,,,,,,,,,,,,,,,,,,,,,,,,,,,,,,,,,,,,,,,,,,,,,,,,,,,,,,,,,,,,,,,,,,,,,,,,,,,,,,,,,,,,,
,,,,,,,,,,,,,,,,,,,,,,,,,,,,,,,,,,,,,,,,,,,,,,,,,,,,,,,,,,,,,,,,,,,,,,,,,,,,,,,,,,,,,,,,,,,,,,,,,,,,,,,,,,,,,,,,,,,,,,,,,,,,,,,,,,,,,,,,,,,,,,,,,,,,,,,
,,,,,,,,,,,,,,,,,,,,,,,,,,,,,,,,,,,,,,,,,,,,,,,,,,,,,,,,,,,,,,,,,,,,,,,,,,,,,,,,,,,,,,,,,,,,,,,,,,,,,,,,,,,,,,,,,,,,,,,,,,,,,,,,,,,,,,,,,,,,,,,,,,,,,,,
,,,,,,,,,,,,,,,,,,,,,,,,,,,,,,,,,,,,,,,,,,,,,,,,,,,,,,,,,,,,,,,,,,,,,,,,,,,,,,,,,,,,,,,,,,,,,,,,,,,,,,,,,,,,,,,,,,,,,,,,,,,,,,,,,,,,,,,,,,,,,,,,,,,,,,,
,,,,,,,,,,,,,,,,,,,,,,,,,,,,,,,,,,,,,,,,,,,,,,,,,,,,,,,,,,,,,,,,,,,,,,,,,,,,,,,,,,,,,,,,,,,,,,,,,,,,,,,,,,,,,,,,,,,,,,,,,,,,,,,,,,,,,,,,,,,,,,,,,,,,,,,
,,,,,,,,,,,,,,,,,,,,,,,,,,,,,,,,,,,,,,,,,,,,,,,,,,,,,,,,,,,,,,,,,,,,,,,,,,,,,,,,,,,,,,,,,,,,,,,,,,,,,,,,,,,,,,,,,,,,,,,,,,,,,,,,,,,,,,,,,,,,,,,,,,,,,,,
,,,,,,,,,,,,,,,,,,,,,,,,,,,,,,,,,,,,,,,,,,,,,,,,,,,,,,,,,,,,,,,,,,,,,,,,,,,,,,,,,,,,,,,,,,,,,,,,,,,,,,,,,,,,,,,,,,,,,,,,,,,,,,,,,,,,,,,,,,,,,,,,,,,,,,,
,,,,,,,,,,,,,,,,,,,,,,,,,,,,,,,,,,,,,,,,,,,,,,,,,,,,,,,,,,,,,,,,,,,,,,,,,,,,,,,,,,,,,,,,,,,,,,,,,,,,,,,,,,,,,,,,,,,,,,,,,,,,,,,,,,,,,,,,,,,,,,,,,,,,,,,
,,,,,,,,,,,,,,,,,,,,,,,,,,,,,,,,,,,,,,,,,,,,,,,,,,,,,,,,,,,,,,,,,,,,,,,,,,,,,,,,,,,,,,,,,,,,,,,,,,,,,,,,,,,,,,,,,,,,,,,,,,,,,,,,,,,,,,,,,,,,,,,,,,,,,,,
,,,,,,,,,,,,,,,,,,,,,,,,,,,,,,,,,,,,,,,,,,,,,,,,,,,,,,,,,,,,,,,,,,,,,,,,,,,,,,,,,,,,,,,,,,,,,,,,,,,,,,,,,,,,,,,,,,,,,,,,,,,,,,,,,,,,,,,,,,,,,,,,,,,,,,,
,,,,,,,,,,,,,,,,,,,,,,,,,,,,,,,,,,,,,,,,,,,,,,,,,,,,,,,,,,,,,,,,,,,,,,,,,,,,,,,,,,,,,,,,,,,,,,,,,,,,,,,,,,,,,,,,,,,,,,,,,,,,,,,,,,,,,,,,,,,,,,,,,,,,,,,
,,,,,,,,,,,,,,,,,,,,,,,,,,,,,,,,,,,,,,,,,,,,,,,,,,,,,,,,,,,,,,,,,,,,,,,,,,,,,,,,,,,,,,,,,,,,,,,,,,,,,,,,,,,,,,,,,,,,,,,,,,,,,,,,,,,,,,,,,,,,,,,,,,,,,,,
,,,,,,,,,,,,,,,,,,,,,,,,,,,,,,,,,,,,,,,,,,,,,,,,,,,,,,,,,,,,,,,,,,,,,,,,,,,,,,,,,,,,,,,,,,,,,,,,,,,,,,,,,,,,,,,,,,,,,,,,,,,,,,,,,,,,,,,,,,,,,,,,,,,,,,,
,,,,,,,,,,,,,,,,,,,,,,,,,,,,,,,,,,,,,,,,,,,,,,,,,,,,,,,,,,,,,,,,,,,,,,,,,,,,,,,,,,,,,,,,,,,,,,,,,,,,,,,,,,,,,,,,,,,,,,,,,,,,,,,,,,,,,,,,,,,,,,,,,,,,,,,
,,,,,,,,,,,,,,,,,,,,,,,,,,,,,,,,,,,,,,,,,,,,,,,,,,,,,,,,,,,,,,,,,,,,,,,,,,,,,,,,,,,,,,,,,,,,,,,,,,,,,,,,,,,,,,,,,,,,,,,,,,,,,,,,,,,,,,,,,,,,,,,,,,,,,,,
,,,,,,,,,,,,,,,,,,,,,,,,,,,,,,,,,,,,,,,,,,,,,,,,,,,,,,,,,,,,,,,,,,,,,,,,,,,,,,,,,,,,,,,,,,,,,,,,,,,,,,,,,,,,,,,,,,,,,,,,,,,,,,,,,,,,,,,,,,,,,,,,,,,,,,,
,,,,,,,,,,,,,,,,,,,,,,,,,,,,,,,,,,,,,,,,,,,,,,,,,,,,,,,,,,,,,,,,,,,,,,,,,,,,,,,,,,,,,,,,,,,,,,,,,,,,,,,,,,,,,,,,,,,,,,,,,,,,,,,,,,,,,,,,,,,,,,,,,,,,,,,
,,,,,,,,,,,,,,,,,,,,,,,,,,,,,,,,,,,,,,,,,,,,,,,,,,,,,,,,,,,,,,,,,,,,,,,,,,,,,,,,,,,,,,,,,,,,,,,,,,,,,,,,,,,,,,,,,,,,,,,,,,,,,,,,,,,,,,,,,,,,,,,,,,,,,,,
,,,,,,,,,,,,,,,,,,,,,,,,,,,,,,,,,,,,,,,,,,,,,,,,,,,,,,,,,,,,,,,,,,,,,,,,,,,,,,,,,,,,,,,,,,,,,,,,,,,,,,,,,,,,,,,,,,,,,,,,,,,,,,,,,,,,,,,,,,,,,,,,,,,,,,,
,,,,,,,,,,,,,,,,,,,,,,,,,,,,,,,,,,,,,,,,,,,,,,,,,,,,,,,,,,,,,,,,,,,,,,,,,,,,,,,,,,,,,,,,,,,,,,,,,,,,,,,,,,,,,,,,,,,,,,,,,,,,,,,,,,,,,,,,,,,,,,,,,,,,,,,
,,,,,,,,,,,,,,,,,,,,,,,,,,,,,,,,,,,,,,,,,,,,,,,,,,,,,,,,,,,,,,,,,,,,,,,,,,,,,,,,,,,,,,,,,,,,,,,,,,,,,,,,,,,,,,,,,,,,,,,,,,,,,,,,,,,,,,,,,,,,,,,,,,,,,,,
,,,,,,,,,,,,,,,,,,,,,,,,,,,,,,,,,,,,,,,,,,,,,,,,,,,,,,,,,,,,,,,,,,,,,,,,,,,,,,,,,,,,,,,,,,,,,,,,,,,,,,,,,,,,,,,,,,,,,,,,,,,,,,,,,,,,,,,,,,,,,,,,,,,,,,,
,,,,,,,,,,,,,,,,,,,,,,,,,,,,,,,,,,,,,,,,,,,,,,,,,,,,,,,,,,,,,,,,,,,,,,,,,,,,,,,,,,,,,,,,,,,,,,,,,,,,,,,,,,,,,,,,,,,,,,,,,,,,,,,,,,,,,,,,,,,,,,,,,,,,,,,
,,,,,,,,,,,,,,,,,,,,,,,,,,,,,,,,,,,,,,,,,,,,,,,,,,,,,,,,,,,,,,,,,,,,,,,,,,,,,,,,,,,,,,,,,,,,,,,,,,,,,,,,,,,,,,,,,,,,,,,,,,,,,,,,,,,,,,,,,,,,,,,,,,,,,,,
,,,,,,,,,,,,,,,,,,,,,,,,,,,,,,,,,,,,,,,,,,,,,,,,,,,,,,,,,,,,,,,,,,,,,,,,,,,,,,,,,,,,,,,,,,,,,,,,,,,,,,,,,,,,,,,,,,,,,,,,,,,,,,,,,,,,,,,,,,,,,,,,,,,,,,,
,,,,,,,,,,,,,,,,,,,,,,,,,,,,,,,,,,,,,,,,,,,,,,,,,,,,,,,,,,,,,,,,,,,,,,,,,,,,,,,,,,,,,,,,,,,,,,,,,,,,,,,,,,,,,,,,,,,,,,,,,,,,,,,,,,,,,,,,,,,,,,,,,,,,,,,
,,,,,,,,,,,,,,,,,,,,,,,,,,,,,,,,,,,,,,,,,,,,,,,,,,,,,,,,,,,,,,,,,,,,,,,,,,,,,,,,,,,,,,,,,,,,,,,,,,,,,,,,,,,,,,,,,,,,,,,,,,,,,,,,,,,,,,,,,,,,,,,,,,,,,,,
,,,,,,,,,,,,,,,,,,,,,,,,,,,,,,,,,,,,,,,,,,,,,,,,,,,,,,,,,,,,,,,,,,,,,,,,,,,,,,,,,,,,,,,,,,,,,,,,,,,,,,,,,,,,,,,,,,,,,,,,,,,,,,,,,,,,,,,,,,,,,,,,,,,,,,,
,,,,,,,,,,,,,,,,,,,,,,,,,,,,,,,,,,,,,,,,,,,,,,,,,,,,,,,,,,,,,,,,,,,,,,,,,,,,,,,,,,,,,,,,,,,,,,,,,,,,,,,,,,,,,,,,,,,,,,,,,,,,,,,,,,,,,,,,,,,,,,,,,,,,,,,
,,,,,,,,,,,,,,,,,,,,,,,,,,,,,,,,,,,,,,,,,,,,,,,,,,,,,,,,,,,,,,,,,,,,,,,,,,,,,,,,,,,,,,,,,,,,,,,,,,,,,,,,,,,,,,,,,,,,,,,,,,,,,,,,,,,,,,,,,,,,,,,,,,,,,,,
,,,,,,,,,,,,,,,,,,,,,,,,,,,,,,,,,,,,,,,,,,,,,,,,,,,,,,,,,,,,,,,,,,,,,,,,,,,,,,,,,,,,,,,,,,,,,,,,,,,,,,,,,,,,,,,,,,,,,,,,,,,,,,,,,,,,,,,,,,,,,,,,,,,,,,,
,,,,,,,,,,,,,,,,,,,,,,,,,,,,,,,,,,,,,,,,,,,,,,,,,,,,,,,,,,,,,,,,,,,,,,,,,,,,,,,,,,,,,,,,,,,,,,,,,,,,,,,,,,,,,,,,,,,,,,,,,,,,,,,,,,,,,,,,,,,,,,,,,,,,,,,
,,,,,,,,,,,,,,,,,,,,,,,,,,,,,,,,,,,,,,,,,,,,,,,,,,,,,,,,,,,,,,,,,,,,,,,,,,,,,,,,,,,,,,,,,,,,,,,,,,,,,,,,,,,,,,,,,,,,,,,,,,,,,,,,,,,,,,,,,,,,,,,,,,,,,,,
,,,,,,,,,,,,,,,,,,,,,,,,,,,,,,,,,,,,,,,,,,,,,,,,,,,,,,,,,,,,,,,,,,,,,,,,,,,,,,,,,,,,,,,,,,,,,,,,,,,,,,,,,,,,,,,,,,,,,,,,,,,,,,,,,,,,,,,,,,,,,,,,,,,,,,,
,,,,,,,,,,,,,,,,,,,,,,,,,,,,,,,,,,,,,,,,,,,,,,,,,,,,,,,,,,,,,,,,,,,,,,,,,,,,,,,,,,,,,,,,,,,,,,,,,,,,,,,,,,,,,,,,,,,,,,,,,,,,,,,,,,,,,,,,,,,,,,,,,,,,,,,
,,,,,,,,,,,,,,,,,,,,,,,,,,,,,,,,,,,,,,,,,,,,,,,,,,,,,,,,,,,,,,,,,,,,,,,,,,,,,,,,,,,,,,,,,,,,,,,,,,,,,,,,,,,,,,,,,,,,,,,,,,,,,,,,,,,,,,,,,,,,,,,,,,,,,,,
,,,,,,,,,,,,,,,,,,,,,,,,,,,,,,,,,,,,,,,,,,,,,,,,,,,,,,,,,,,,,,,,,,,,,,,,,,,,,,,,,,,,,,,,,,,,,,,,,,,,,,,,,,,,,,,,,,,,,,,,,,,,,,,,,,,,,,,,,,,,,,,,,,,,,,,
,,,,,,,,,,,,,,,,,,,,,,,,,,,,,,,,,,,,,,,,,,,,,,,,,,,,,,,,,,,,,,,,,,,,,,,,,,,,,,,,,,,,,,,,,,,,,,,,,,,,,,,,,,,,,,,,,,,,,,,,,,,,,,,,,,,,,,,,,,,,,,,,,,,,,,,
,,,,,,,,,,,,,,,,,,,,,,,,,,,,,,,,,,,,,,,,,,,,,,,,,,,,,,,,,,,,,,,,,,,,,,,,,,,,,,,,,,,,,,,,,,,,,,,,,,,,,,,,,,,,,,,,,,,,,,,,,,,,,,,,,,,,,,,,,,,,,,,,,,,,,,,
,,,,,,,,,,,,,,,,,,,,,,,,,,,,,,,,,,,,,,,,,,,,,,,,,,,,,,,,,,,,,,,,,,,,,,,,,,,,,,,,,,,,,,,,,,,,,,,,,,,,,,,,,,,,,,,,,,,,,,,,,,,,,,,,,,,,,,,,,,,,,,,,,,,,,,,
,,,,,,,,,,,,,,,,,,,,,,,,,,,,,,,,,,,,,,,,,,,,,,,,,,,,,,,,,,,,,,,,,,,,,,,,,,,,,,,,,,,,,,,,,,,,,,,,,,,,,,,,,,,,,,,,,,,,,,,,,,,,,,,,,,,,,,,,,,,,,,,,,,,,,,,
,,,,,,,,,,,,,,,,,,,,,,,,,,,,,,,,,,,,,,,,,,,,,,,,,,,,,,,,,,,,,,,,,,,,,,,,,,,,,,,,,,,,,,,,,,,,,,,,,,,,,,,,,,,,,,,,,,,,,,,,,,,,,,,,,,,,,,,,,,,,,,,,,,,,,,,
,,,,,,,,,,,,,,,,,,,,,,,,,,,,,,,,,,,,,,,,,,,,,,,,,,,,,,,,,,,,,,,,,,,,,,,,,,,,,,,,,,,,,,,,,,,,,,,,,,,,,,,,,,,,,,,,,,,,,,,,,,,,,,,,,,,,,,,,,,,,,,,,,,,,,,,
,,,,,,,,,,,,,,,,,,,,,,,,,,,,,,,,,,,,,,,,,,,,,,,,,,,,,,,,,,,,,,,,,,,,,,,,,,,,,,,,,,,,,,,,,,,,,,,,,,,,,,,,,,,,,,,,,,,,,,,,,,,,,,,,,,,,,,,,,,,,,,,,,,,,,,,
,,,,,,,,,,,,,,,,,,,,,,,,,,,,,,,,,,,,,,,,,,,,,,,,,,,,,,,,,,,,,,,,,,,,,,,,,,,,,,,,,,,,,,,,,,,,,,,,,,,,,,,,,,,,,,,,,,,,,,,,,,,,,,,,,,,,,,,,,,,,,,,,,,,,,,,
,,,,,,,,,,,,,,,,,,,,,,,,,,,,,,,,,,,,,,,,,,,,,,,,,,,,,,,,,,,,,,,,,,,,,,,,,,,,,,,,,,,,,,,,,,,,,,,,,,,,,,,,,,,,,,,,,,,,,,,,,,,,,,,,,,,,,,,,,,,,,,,,,,,,,,,
,,,,,,,,,,,,,,,,,,,,,,,,,,,,,,,,,,,,,,,,,,,,,,,,,,,,,,,,,,,,,,,,,,,,,,,,,,,,,,,,,,,,,,,,,,,,,,,,,,,,,,,,,,,,,,,,,,,,,,,,,,,,,,,,,,,,,,,,,,,,,,,,,,,,,,,
,,,,,,,,,,,,,,,,,,,,,,,,,,,,,,,,,,,,,,,,,,,,,,,,,,,,,,,,,,,,,,,,,,,,,,,,,,,,,,,,,,,,,,,,,,,,,,,,,,,,,,,,,,,,,,,,,,,,,,,,,,,,,,,,,,,,,,,,,,,,,,,,,,,,,,,
,,,,,,,,,,,,,,,,,,,,,,,,,,,,,,,,,,,,,,,,,,,,,,,,,,,,,,,,,,,,,,,,,,,,,,,,,,,,,,,,,,,,,,,,,,,,,,,,,,,,,,,,,,,,,,,,,,,,,,,,,,,,,,,,,,,,,,,,,,,,,,,,,,,,,,,
,,,,,,,,,,,,,,,,,,,,,,,,,,,,,,,,,,,,,,,,,,,,,,,,,,,,,,,,,,,,,,,,,,,,,,,,,,,,,,,,,,,,,,,,,,,,,,,,,,,,,,,,,,,,,,,,,,,,,,,,,,,,,,,,,,,,,,,,,,,,,,,,,,,,,,,
,,,,,,,,,,,,,,,,,,,,,,,,,,,,,,,,,,,,,,,,,,,,,,,,,,,,,,,,,,,,,,,,,,,,,,,,,,,,,,,,,,,,,,,,,,,,,,,,,,,,,,,,,,,,,,,,,,,,,,,,,,,,,,,,,,,,,,,,,,,,,,,,,,,,,,,
,,,,,,,,,,,,,,,,,,,,,,,,,,,,,,,,,,,,,,,,,,,,,,,,,,,,,,,,,,,,,,,,,,,,,,,,,,,,,,,,,,,,,,,,,,,,,,,,,,,,,,,,,,,,,,,,,,,,,,,,,,,,,,,,,,,,,,,,,,,,,,,,,,,,,,,
,,,,,,,,,,,,,,,,,,,,,,,,,,,,,,,,,,,,,,,,,,,,,,,,,,,,,,,,,,,,,,,,,,,,,,,,,,,,,,,,,,,,,,,,,,,,,,,,,,,,,,,,,,,,,,,,,,,,,,,,,,,,,,,,,,,,,,,,,,,,,,,,,,,,,,,
,,,,,,,,,,,,,,,,,,,,,,,,,,,,,,,,,,,,,,,,,,,,,,,,,,,,,,,,,,,,,,,,,,,,,,,,,,,,,,,,,,,,,,,,,,,,,,,,,,,,,,,,,,,,,,,,,,,,,,,,,,,,,,,,,,,,,,,,,,,,,,,,,,,,,,,
,,,,,,,,,,,,,,,,,,,,,,,,,,,,,,,,,,,,,,,,,,,,,,,,,,,,,,,,,,,,,,,,,,,,,,,,,,,,,,,,,,,,,,,,,,,,,,,,,,,,,,,,,,,,,,,,,,,,,,,,,,,,,,,,,,,,,,,,,,,,,,,,,,,,,,,
,,,,,,,,,,,,,,,,,,,,,,,,,,,,,,,,,,,,,,,,,,,,,,,,,,,,,,,,,,,,,,,,,,,,,,,,,,,,,,,,,,,,,,,,,,,,,,,,,,,,,,,,,,,,,,,,,,,,,,,,,,,,,,,,,,,,,,,,,,,,,,,,,,,,,,,
,,,,,,,,,,,,,,,,,,,,,,,,,,,,,,,,,,,,,,,,,,,,,,,,,,,,,,,,,,,,,,,,,,,,,,,,,,,,,,,,,,,,,,,,,,,,,,,,,,,,,,,,,,,,,,,,,,,,,,,,,,,,,,,,,,,,,,,,,,,,,,,,,,,,,,,
,,,,,,,,,,,,,,,,,,,,,,,,,,,,,,,,,,,,,,,,,,,,,,,,,,,,,,,,,,,,,,,,,,,,,,,,,,,,,,,,,,,,,,,,,,,,,,,,,,,,,,,,,,,,,,,,,,,,,,,,,,,,,,,,,,,,,,,,,,,,,,,,,,,,,,,
,,,,,,,,,,,,,,,,,,,,,,,,,,,,,,,,,,,,,,,,,,,,,,,,,,,,,,,,,,,,,,,,,,,,,,,,,,,,,,,,,,,,,,,,,,,,,,,,,,,,,,,,,,,,,,,,,,,,,,,,,,,,,,,,,,,,,,,,,,,,,,,,,,,,,,,
,,,,,,,,,,,,,,,,,,,,,,,,,,,,,,,,,,,,,,,,,,,,,,,,,,,,,,,,,,,,,,,,,,,,,,,,,,,,,,,,,,,,,,,,,,,,,,,,,,,,,,,,,,,,,,,,,,,,,,,,,,,,,,,,,,,,,,,,,,,,,,,,,,,,,,,
,,,,,,,,,,,,,,,,,,,,,,,,,,,,,,,,,,,,,,,,,,,,,,,,,,,,,,,,,,,,,,,,,,,,,,,,,,,,,,,,,,,,,,,,,,,,,,,,,,,,,,,,,,,,,,,,,,,,,,,,,,,,,,,,,,,,,,,,,,,,,,,,,,,,,,,
,,,,,,,,,,,,,,,,,,,,,,,,,,,,,,,,,,,,,,,,,,,,,,,,,,,,,,,,,,,,,,,,,,,,,,,,,,,,,,,,,,,,,,,,,,,,,,,,,,,,,,,,,,,,,,,,,,,,,,,,,,,,,,,,,,,,,,,,,,,,,,,,,,,,,,,
,,,,,,,,,,,,,,,,,,,,,,,,,,,,,,,,,,,,,,,,,,,,,,,,,,,,,,,,,,,,,,,,,,,,,,,,,,,,,,,,,,,,,,,,,,,,,,,,,,,,,,,,,,,,,,,,,,,,,,,,,,,,,,,,,,,,,,,,,,,,,,,,,,,,,,,
,,,,,,,,,,,,,,,,,,,,,,,,,,,,,,,,,,,,,,,,,,,,,,,,,,,,,,,,,,,,,,,,,,,,,,,,,,,,,,,,,,,,,,,,,,,,,,,,,,,,,,,,,,,,,,,,,,,,,,,,,,,,,,,,,,,,,,,,,,,,,,,,,,,,,,,
,,,,,,,,,,,,,,,,,,,,,,,,,,,,,,,,,,,,,,,,,,,,,,,,,,,,,,,,,,,,,,,,,,,,,,,,,,,,,,,,,,,,,,,,,,,,,,,,,,,,,,,,,,,,,,,,,,,,,,,,,,,,,,,,,,,,,,,,,,,,,,,,,,,,,,,
,,,,,,,,,,,,,,,,,,,,,,,,,,,,,,,,,,,,,,,,,,,,,,,,,,,,,,,,,,,,,,,,,,,,,,,,,,,,,,,,,,,,,,,,,,,,,,,,,,,,,,,,,,,,,,,,,,,,,,,,,,,,,,,,,,,,,,,,,,,,,,,,,,,,,,,
,,,,,,,,,,,,,,,,,,,,,,,,,,,,,,,,,,,,,,,,,,,,,,,,,,,,,,,,,,,,,,,,,,,,,,,,,,,,,,,,,,,,,,,,,,,,,,,,,,,,,,,,,,,,,,,,,,,,,,,,,,,,,,,,,,,,,,,,,,,,,,,,,,,,,,,
,,,,,,,,,,,,,,,,,,,,,,,,,,,,,,,,,,,,,,,,,,,,,,,,,,,,,,,,,,,,,,,,,,,,,,,,,,,,,,,,,,,,,,,,,,,,,,,,,,,,,,,,,,,,,,,,,,,,,,,,,,,,,,,,,,,,,,,,,,,,,,,,,,,,,,,
,,,,,,,,,,,,,,,,,,,,,,,,,,,,,,,,,,,,,,,,,,,,,,,,,,,,,,,,,,,,,,,,,,,,,,,,,,,,,,,,,,,,,,,,,,,,,,,,,,,,,,,,,,,,,,,,,,,,,,,,,,,,,,,,,,,,,,,,,,,,,,,,,,,,,,,
,,,,,,,,,,,,,,,,,,,,,,,,,,,,,,,,,,,,,,,,,,,,,,,,,,,,,,,,,,,,,,,,,,,,,,,,,,,,,,,,,,,,,,,,,,,,,,,,,,,,,,,,,,,,,,,,,,,,,,,,,,,,,,,,,,,,,,,,,,,,,,,,,,,,,,,
,,,,,,,,,,,,,,,,,,,,,,,,,,,,,,,,,,,,,,,,,,,,,,,,,,,,,,,,,,,,,,,,,,,,,,,,,,,,,,,,,,,,,,,,,,,,,,,,,,,,,,,,,,,,,,,,,,,,,,,,,,,,,,,,,,,,,,,,,,,,,,,,,,,,,,,
,,,,,,,,,,,,,,,,,,,,,,,,,,,,,,,,,,,,,,,,,,,,,,,,,,,,,,,,,,,,,,,,,,,,,,,,,,,,,,,,,,,,,,,,,,,,,,,,,,,,,,,,,,,,,,,,,,,,,,,,,,,,,,,,,,,,,,,,,,,,,,,,,,,,,,,
,,,,,,,,,,,,,,,,,,,,,,,,,,,,,,,,,,,,,,,,,,,,,,,,,,,,,,,,,,,,,,,,,,,,,,,,,,,,,,,,,,,,,,,,,,,,,,,,,,,,,,,,,,,,,,,,,,,,,,,,,,,,,,,,,,,,,,,,,,,,,,,,,,,,,,,
,,,,,,,,,,,,,,,,,,,,,,,,,,,,,,,,,,,,,,,,,,,,,,,,,,,,,,,,,,,,,,,,,,,,,,,,,,,,,,,,,,,,,,,,,,,,,,,,,,,,,,,,,,,,,,,,,,,,,,,,,,,,,,,,,,,,,,,,,,,,,,,,,,,,,,,
,,,,,,,,,,,,,,,,,,,,,,,,,,,,,,,,,,,,,,,,,,,,,,,,,,,,,,,,,,,,,,,,,,,,,,,,,,,,,,,,,,,,,,,,,,,,,,,,,,,,,,,,,,,,,,,,,,,,,,,,,,,,,,,,,,,,,,,,,,,,,,,,,,,,,,,
,,,,,,,,,,,,,,,,,,,,,,,,,,,,,,,,,,,,,,,,,,,,,,,,,,,,,,,,,,,,,,,,,,,,,,,,,,,,,,,,,,,,,,,,,,,,,,,,,,,,,,,,,,,,,,,,,,,,,,,,,,,,,,,,,,,,,,,,,,,,,,,,,,,,,,,
,,,,,,,,,,,,,,,,,,,,,,,,,,,,,,,,,,,,,,,,,,,,,,,,,,,,,,,,,,,,,,,,,,,,,,,,,,,,,,,,,,,,,,,,,,,,,,,,,,,,,,,,,,,,,,,,,,,,,,,,,,,,,,,,,,,,,,,,,,,,,,,,,,,,,,,
,,,,,,,,,,,,,,,,,,,,,,,,,,,,,,,,,,,,,,,,,,,,,,,,,,,,,,,,,,,,,,,,,,,,,,,,,,,,,,,,,,,,,,,,,,,,,,,,,,,,,,,,,,,,,,,,,,,,,,,,,,,,,,,,,,,,,,,,,,,,,,,,,,,,,,,
,,,,,,,,,,,,,,,,,,,,,,,,,,,,,,,,,,,,,,,,,,,,,,,,,,,,,,,,,,,,,,,,,,,,,,,,,,,,,,,,,,,,,,,,,,,,,,,,,,,,,,,,,,,,,,,,,,,,,,,,,,,,,,,,,,,,,,,,,,,,,,,,,,,,,,,
,,,,,,,,,,,,,,,,,,,,,,,,,,,,,,,,,,,,,,,,,,,,,,,,,,,,,,,,,,,,,,,,,,,,,,,,,,,,,,,,,,,,,,,,,,,,,,,,,,,,,,,,,,,,,,,,,,,,,,,,,,,,,,,,,,,,,,,,,,,,,,,,,,,,,,,
,,,,,,,,,,,,,,,,,,,,,,,,,,,,,,,,,,,,,,,,,,,,,,,,,,,,,,,,,,,,,,,,,,,,,,,,,,,,,,,,,,,,,,,,,,,,,,,,,,,,,,,,,,,,,,,,,,,,,,,,,,,,,,,,,,,,,,,,,,,,,,,,,,,,,,,
,,,,,,,,,,,,,,,,,,,,,,,,,,,,,,,,,,,,,,,,,,,,,,,,,,,,,,,,,,,,,,,,,,,,,,,,,,,,,,,,,,,,,,,,,,,,,,,,,,,,,,,,,,,,,,,,,,,,,,,,,,,,,,,,,,,,,,,,,,,,,,,,,,,,,,,
,,,,,,,,,,,,,,,,,,,,,,,,,,,,,,,,,,,,,,,,,,,,,,,,,,,,,,,,,,,,,,,,,,,,,,,,,,,,,,,,,,,,,,,,,,,,,,,,,,,,,,,,,,,,,,,,,,,,,,,,,,,,,,,,,,,,,,,,,,,,,,,,,,,,,,,
,,,,,,,,,,,,,,,,,,,,,,,,,,,,,,,,,,,,,,,,,,,,,,,,,,,,,,,,,,,,,,,,,,,,,,,,,,,,,,,,,,,,,,,,,,,,,,,,,,,,,,,,,,,,,,,,,,,,,,,,,,,,,,,,,,,,,,,,,,,,,,,,,,,,,,,
,,,,,,,,,,,,,,,,,,,,,,,,,,,,,,,,,,,,,,,,,,,,,,,,,,,,,,,,,,,,,,,,,,,,,,,,,,,,,,,,,,,,,,,,,,,,,,,,,,,,,,,,,,,,,,,,,,,,,,,,,,,,,,,,,,,,,,,,,,,,,,,,,,,,,,,
,,,,,,,,,,,,,,,,,,,,,,,,,,,,,,,,,,,,,,,,,,,,,,,,,,,,,,,,,,,,,,,,,,,,,,,,,,,,,,,,,,,,,,,,,,,,,,,,,,,,,,,,,,,,,,,,,,,,,,,,,,,,,,,,,,,,,,,,,,,,,,,,,,,,,,,
,,,,,,,,,,,,,,,,,,,,,,,,,,,,,,,,,,,,,,,,,,,,,,,,,,,,,,,,,,,,,,,,,,,,,,,,,,,,,,,,,,,,,,,,,,,,,,,,,,,,,,,,,,,,,,,,,,,,,,,,,,,,,,,,,,,,,,,,,,,,,,,,,,,,,,,
,,,,,,,,,,,,,,,,,,,,,,,,,,,,,,,,,,,,,,,,,,,,,,,,,,,,,,,,,,,,,,,,,,,,,,,,,,,,,,,,,,,,,,,,,,,,,,,,,,,,,,,,,,,,,,,,,,,,,,,,,,,,,,,,,,,,,,,,,,,,,,,,,,,,,,,
,,,,,,,,,,,,,,,,,,,,,,,,,,,,,,,,,,,,,,,,,,,,,,,,,,,,,,,,,,,,,,,,,,,,,,,,,,,,,,,,,,,,,,,,,,,,,,,,,,,,,,,,,,,,,,,,,,,,,,,,,,,,,,,,,,,,,,,,,,,,,,,,,,,,,,,
,,,,,,,,,,,,,,,,,,,,,,,,,,,,,,,,,,,,,,,,,,,,,,,,,,,,,,,,,,,,,,,,,,,,,,,,,,,,,,,,,,,,,,,,,,,,,,,,,,,,,,,,,,,,,,,,,,,,,,,,,,,,,,,,,,,,,,,,,,,,,,,,,,,,,,,
,,,,,,,,,,,,,,,,,,,,,,,,,,,,,,,,,,,,,,,,,,,,,,,,,,,,,,,,,,,,,,,,,,,,,,,,,,,,,,,,,,,,,,,,,,,,,,,,,,,,,,,,,,,,,,,,,,,,,,,,,,,,,,,,,,,,,,,,,,,,,,,,,,,,,,,
,,,,,,,,,,,,,,,,,,,,,,,,,,,,,,,,,,,,,,,,,,,,,,,,,,,,,,,,,,,,,,,,,,,,,,,,,,,,,,,,,,,,,,,,,,,,,,,,,,,,,,,,,,,,,,,,,,,,,,,,,,,,,,,,,,,,,,,,,,,,,,,,,,,,,,,
,,,,,,,,,,,,,,,,,,,,,,,,,,,,,,,,,,,,,,,,,,,,,,,,,,,,,,,,,,,,,,,,,,,,,,,,,,,,,,,,,,,,,,,,,,,,,,,,,,,,,,,,,,,,,,,,,,,,,,,,,,,,,,,,,,,,,,,,,,,,,,,,,,,,,,,
,,,,,,,,,,,,,,,,,,,,,,,,,,,,,,,,,,,,,,,,,,,,,,,,,,,,,,,,,,,,,,,,,,,,,,,,,,,,,,,,,,,,,,,,,,,,,,,,,,,,,,,,,,,,,,,,,,,,,,,,,,,,,,,,,,,,,,,,,,,,,,,,,,,,,,,
,,,,,,,,,,,,,,,,,,,,,,,,,,,,,,,,,,,,,,,,,,,,,,,,,,,,,,,,,,,,,,,,,,,,,,,,,,,,,,,,,,,,,,,,,,,,,,,,,,,,,,,,,,,,,,,,,,,,,,,,,,,,,,,,,,,,,,,,,,,,,,,,,,,,,,,
,,,,,,,,,,,,,,,,,,,,,,,,,,,,,,,,,,,,,,,,,,,,,,,,,,,,,,,,,,,,,,,,,,,,,,,,,,,,,,,,,,,,,,,,,,,,,,,,,,,,,,,,,,,,,,,,,,,,,,,,,,,,,,,,,,,,,,,,,,,,,,,,,,,,,,,
,,,,,,,,,,,,,,,,,,,,,,,,,,,,,,,,,,,,,,,,,,,,,,,,,,,,,,,,,,,,,,,,,,,,,,,,,,,,,,,,,,,,,,,,,,,,,,,,,,,,,,,,,,,,,,,,,,,,,,,,,,,,,,,,,,,,,,,,,,,,,,,,,,,,,,,
,,,,,,,,,,,,,,,,,,,,,,,,,,,,,,,,,,,,,,,,,,,,,,,,,,,,,,,,,,,,,,,,,,,,,,,,,,,,,,,,,,,,,,,,,,,,,,,,,,,,,,,,,,,,,,,,,,,,,,,,,,,,,,,,,,,,,,,,,,,,,,,,,,,,,,,
,,,,,,,,,,,,,,,,,,,,,,,,,,,,,,,,,,,,,,,,,,,,,,,,,,,,,,,,,,,,,,,,,,,,,,,,,,,,,,,,,,,,,,,,,,,,,,,,,,,,,,,,,,,,,,,,,,,,,,,,,,,,,,,,,,,,,,,,,,,,,,,,,,,,,,,
,,,,,,,,,,,,,,,,,,,,,,,,,,,,,,,,,,,,,,,,,,,,,,,,,,,,,,,,,,,,,,,,,,,,,,,,,,,,,,,,,,,,,,,,,,,,,,,,,,,,,,,,,,,,,,,,,,,,,,,,,,,,,,,,,,,,,,,,,,,,,,,,,,,,,,,
,,,,,,,,,,,,,,,,,,,,,,,,,,,,,,,,,,,,,,,,,,,,,,,,,,,,,,,,,,,,,,,,,,,,,,,,,,,,,,,,,,,,,,,,,,,,,,,,,,,,,,,,,,,,,,,,,,,,,,,,,,,,,,,,,,,,,,,,,,,,,,,,,,,,,,,
,,,,,,,,,,,,,,,,,,,,,,,,,,,,,,,,,,,,,,,,,,,,,,,,,,,,,,,,,,,,,,,,,,,,,,,,,,,,,,,,,,,,,,,,,,,,,,,,,,,,,,,,,,,,,,,,,,,,,,,,,,,,,,,,,,,,,,,,,,,,,,,,,,,,,,,
,,,,,,,,,,,,,,,,,,,,,,,,,,,,,,,,,,,,,,,,,,,,,,,,,,,,,,,,,,,,,,,,,,,,,,,,,,,,,,,,,,,,,,,,,,,,,,,,,,,,,,,,,,,,,,,,,,,,,,,,,,,,,,,,,,,,,,,,,,,,,,,,,,,,,,,
,,,,,,,,,,,,,,,,,,,,,,,,,,,,,,,,,,,,,,,,,,,,,,,,,,,,,,,,,,,,,,,,,,,,,,,,,,,,,,,,,,,,,,,,,,,,,,,,,,,,,,,,,,,,,,,,,,,,,,,,,,,,,,,,,,,,,,,,,,,,,,,,,,,,,,,
,,,,,,,,,,,,,,,,,,,,,,,,,,,,,,,,,,,,,,,,,,,,,,,,,,,,,,,,,,,,,,,,,,,,,,,,,,,,,,,,,,,,,,,,,,,,,,,,,,,,,,,,,,,,,,,,,,,,,,,,,,,,,,,,,,,,,,,,,,,,,,,,,,,,,,,
,,,,,,,,,,,,,,,,,,,,,,,,,,,,,,,,,,,,,,,,,,,,,,,,,,,,,,,,,,,,,,,,,,,,,,,,,,,,,,,,,,,,,,,,,,,,,,,,,,,,,,,,,,,,,,,,,,,,,,,,,,,,,,,,,,,,,,,,,,,,,,,,,,,,,,,
,,,,,,,,,,,,,,,,,,,,,,,,,,,,,,,,,,,,,,,,,,,,,,,,,,,,,,,,,,,,,,,,,,,,,,,,,,,,,,,,,,,,,,,,,,,,,,,,,,,,,,,,,,,,,,,,,,,,,,,,,,,,,,,,,,,,,,,,,,,,,,,,,,,,,,,
,,,,,,,,,,,,,,,,,,,,,,,,,,,,,,,,,,,,,,,,,,,,,,,,,,,,,,,,,,,,,,,,,,,,,,,,,,,,,,,,,,,,,,,,,,,,,,,,,,,,,,,,,,,,,,,,,,,,,,,,,,,,,,,,,,,,,,,,,,,,,,,,,,,,,,,
,,,,,,,,,,,,,,,,,,,,,,,,,,,,,,,,,,,,,,,,,,,,,,,,,,,,,,,,,,,,,,,,,,,,,,,,,,,,,,,,,,,,,,,,,,,,,,,,,,,,,,,,,,,,,,,,,,,,,,,,,,,,,,,,,,,,,,,,,,,,,,,,,,,,,,,
,,,,,,,,,,,,,,,,,,,,,,,,,,,,,,,,,,,,,,,,,,,,,,,,,,,,,,,,,,,,,,,,,,,,,,,,,,,,,,,,,,,,,,,,,,,,,,,,,,,,,,,,,,,,,,,,,,,,,,,,,,,,,,,,,,,,,,,,,,,,,,,,,,,,,,,
,,,,,,,,,,,,,,,,,,,,,,,,,,,,,,,,,,,,,,,,,,,,,,,,,,,,,,,,,,,,,,,,,,,,,,,,,,,,,,,,,,,,,,,,,,,,,,,,,,,,,,,,,,,,,,,,,,,,,,,,,,,,,,,,,,,,,,,,,,,,,,,,,,,,,,,
,,,,,,,,,,,,,,,,,,,,,,,,,,,,,,,,,,,,,,,,,,,,,,,,,,,,,,,,,,,,,,,,,,,,,,,,,,,,,,,,,,,,,,,,,,,,,,,,,,,,,,,,,,,,,,,,,,,,,,,,,,,,,,,,,,,,,,,,,,,,,,,,,,,,,,,
,,,,,,,,,,,,,,,,,,,,,,,,,,,,,,,,,,,,,,,,,,,,,,,,,,,,,,,,,,,,,,,,,,,,,,,,,,,,,,,,,,,,,,,,,,,,,,,,,,,,,,,,,,,,,,,,,,,,,,,,,,,,,,,,,,,,,,,,,,,,,,,,,,,,,,,
,,,,,,,,,,,,,,,,,,,,,,,,,,,,,,,,,,,,,,,,,,,,,,,,,,,,,,,,,,,,,,,,,,,,,,,,,,,,,,,,,,,,,,,,,,,,,,,,,,,,,,,,,,,,,,,,,,,,,,,,,,,,,,,,,,,,,,,,,,,,,,,,,,,,,,,
,,,,,,,,,,,,,,,,,,,,,,,,,,,,,,,,,,,,,,,,,,,,,,,,,,,,,,,,,,,,,,,,,,,,,,,,,,,,,,,,,,,,,,,,,,,,,,,,,,,,,,,,,,,,,,,,,,,,,,,,,,,,,,,,,,,,,,,,,,,,,,,,,,,,,,,
,,,,,,,,,,,,,,,,,,,,,,,,,,,,,,,,,,,,,,,,,,,,,,,,,,,,,,,,,,,,,,,,,,,,,,,,,,,,,,,,,,,,,,,,,,,,,,,,,,,,,,,,,,,,,,,,,,,,,,,,,,,,,,,,,,,,,,,,,,,,,,,,,,,,,,,
,,,,,,,,,,,,,,,,,,,,,,,,,,,,,,,,,,,,,,,,,,,,,,,,,,,,,,,,,,,,,,,,,,,,,,,,,,,,,,,,,,,,,,,,,,,,,,,,,,,,,,,,,,,,,,,,,,,,,,,,,,,,,,,,,,,,,,,,,,,,,,,,,,,,,,,
,,,,,,,,,,,,,,,,,,,,,,,,,,,,,,,,,,,,,,,,,,,,,,,,,,,,,,,,,,,,,,,,,,,,,,,,,,,,,,,,,,,,,,,,,,,,,,,,,,,,,,,,,,,,,,,,,,,,,,,,,,,,,,,,,,,,,,,,,,,,,,,,,,,,,,,
,,,,,,,,,,,,,,,,,,,,,,,,,,,,,,,,,,,,,,,,,,,,,,,,,,,,,,,,,,,,,,,,,,,,,,,,,,,,,,,,,,,,,,,,,,,,,,,,,,,,,,,,,,,,,,,,,,,,,,,,,,,,,,,,,,,,,,,,,,,,,,,,,,,,,,,
,,,,,,,,,,,,,,,,,,,,,,,,,,,,,,,,,,,,,,,,,,,,,,,,,,,,,,,,,,,,,,,,,,,,,,,,,,,,,,,,,,,,,,,,,,,,,,,,,,,,,,,,,,,,,,,,,,,,,,,,,,,,,,,,,,,,,,,,,,,,,,,,,,,,,,,
,,,,,,,,,,,,,,,,,,,,,,,,,,,,,,,,,,,,,,,,,,,,,,,,,,,,,,,,,,,,,,,,,,,,,,,,,,,,,,,,,,,,,,,,,,,,,,,,,,,,,,,,,,,,,,,,,,,,,,,,,,,,,,,,,,,,,,,,,,,,,,,,,,,,,,,
,,,,,,,,,,,,,,,,,,,,,,,,,,,,,,,,,,,,,,,,,,,,,,,,,,,,,,,,,,,,,,,,,,,,,,,,,,,,,,,,,,,,,,,,,,,,,,,,,,,,,,,,,,,,,,,,,,,,,,,,,,,,,,,,,,,,,,,,,,,,,,,,,,,,,,,
,,,,,,,,,,,,,,,,,,,,,,,,,,,,,,,,,,,,,,,,,,,,,,,,,,,,,,,,,,,,,,,,,,,,,,,,,,,,,,,,,,,,,,,,,,,,,,,,,,,,,,,,,,,,,,,,,,,,,,,,,,,,,,,,,,,,,,,,,,,,,,,,,,,,,,,
,,,,,,,,,,,,,,,,,,,,,,,,,,,,,,,,,,,,,,,,,,,,,,,,,,,,,,,,,,,,,,,,,,,,,,,,,,,,,,,,,,,,,,,,,,,,,,,,,,,,,,,,,,,,,,,,,,,,,,,,,,,,,,,,,,,,,,,,,,,,,,,,,,,,,,,
,,,,,,,,,,,,,,,,,,,,,,,,,,,,,,,,,,,,,,,,,,,,,,,,,,,,,,,,,,,,,,,,,,,,,,,,,,,,,,,,,,,,,,,,,,,,,,,,,,,,,,,,,,,,,,,,,,,,,,,,,,,,,,,,,,,,,,,,,,,,,,,,,,,,,,,
,,,,,,,,,,,,,,,,,,,,,,,,,,,,,,,,,,,,,,,,,,,,,,,,,,,,,,,,,,,,,,,,,,,,,,,,,,,,,,,,,,,,,,,,,,,,,,,,,,,,,,,,,,,,,,,,,,,,,,,,,,,,,,,,,,,,,,,,,,,,,,,,,,,,,,,
,,,,,,,,,,,,,,,,,,,,,,,,,,,,,,,,,,,,,,,,,,,,,,,,,,,,,,,,,,,,,,,,,,,,,,,,,,,,,,,,,,,,,,,,,,,,,,,,,,,,,,,,,,,,,,,,,,,,,,,,,,,,,,,,,,,,,,,,,,,,,,,,,,,,,,,
,,,,,,,,,,,,,,,,,,,,,,,,,,,,,,,,,,,,,,,,,,,,,,,,,,,,,,,,,,,,,,,,,,,,,,,,,,,,,,,,,,,,,,,,,,,,,,,,,,,,,,,,,,,,,,,,,,,,,,,,,,,,,,,,,,,,,,,,,,,,,,,,,,,,,,,
,,,,,,,,,,,,,,,,,,,,,,,,,,,,,,,,,,,,,,,,,,,,,,,,,,,,,,,,,,,,,,,,,,,,,,,,,,,,,,,,,,,,,,,,,,,,,,,,,,,,,,,,,,,,,,,,,,,,,,,,,,,,,,,,,,,,,,,,,,,,,,,,,,,,,,,
,,,,,,,,,,,,,,,,,,,,,,,,,,,,,,,,,,,,,,,,,,,,,,,,,,,,,,,,,,,,,,,,,,,,,,,,,,,,,,,,,,,,,,,,,,,,,,,,,,,,,,,,,,,,,,,,,,,,,,,,,,,,,,,,,,,,,,,,,,,,,,,,,,,,,,,
,,,,,,,,,,,,,,,,,,,,,,,,,,,,,,,,,,,,,,,,,,,,,,,,,,,,,,,,,,,,,,,,,,,,,,,,,,,,,,,,,,,,,,,,,,,,,,,,,,,,,,,,,,,,,,,,,,,,,,,,,,,,,,,,,,,,,,,,,,,,,,,,,,,,,,,
,,,,,,,,,,,,,,,,,,,,,,,,,,,,,,,,,,,,,,,,,,,,,,,,,,,,,,,,,,,,,,,,,,,,,,,,,,,,,,,,,,,,,,,,,,,,,,,,,,,,,,,,,,,,,,,,,,,,,,,,,,,,,,,,,,,,,,,,,,,,,,,,,,,,,,,
,,,,,,,,,,,,,,,,,,,,,,,,,,,,,,,,,,,,,,,,,,,,,,,,,,,,,,,,,,,,,,,,,,,,,,,,,,,,,,,,,,,,,,,,,,,,,,,,,,,,,,,,,,,,,,,,,,,,,,,,,,,,,,,,,,,,,,,,,,,,,,,,,,,,,,,
,,,,,,,,,,,,,,,,,,,,,,,,,,,,,,,,,,,,,,,,,,,,,,,,,,,,,,,,,,,,,,,,,,,,,,,,,,,,,,,,,,,,,,,,,,,,,,,,,,,,,,,,,,,,,,,,,,,,,,,,,,,,,,,,,,,,,,,,,,,,,,,,,,,,,,,
,,,,,,,,,,,,,,,,,,,,,,,,,,,,,,,,,,,,,,,,,,,,,,,,,,,,,,,,,,,,,,,,,,,,,,,,,,,,,,,,,,,,,,,,,,,,,,,,,,,,,,,,,,,,,,,,,,,,,,,,,,,,,,,,,,,,,,,,,,,,,,,,,,,,,,,
,,,,,,,,,,,,,,,,,,,,,,,,,,,,,,,,,,,,,,,,,,,,,,,,,,,,,,,,,,,,,,,,,,,,,,,,,,,,,,,,,,,,,,,,,,,,,,,,,,,,,,,,,,,,,,,,,,,,,,,,,,,,,,,,,,,,,,,,,,,,,,,,,,,,,,,
,,,,,,,,,,,,,,,,,,,,,,,,,,,,,,,,,,,,,,,,,,,,,,,,,,,,,,,,,,,,,,,,,,,,,,,,,,,,,,,,,,,,,,,,,,,,,,,,,,,,,,,,,,,,,,,,,,,,,,,,,,,,,,,,,,,,,,,,,,,,,,,,,,,,,,,
,,,,,,,,,,,,,,,,,,,,,,,,,,,,,,,,,,,,,,,,,,,,,,,,,,,,,,,,,,,,,,,,,,,,,,,,,,,,,,,,,,,,,,,,,,,,,,,,,,,,,,,,,,,,,,,,,,,,,,,,,,,,,,,,,,,,,,,,,,,,,,,,,,,,,,,
,,,,,,,,,,,,,,,,,,,,,,,,,,,,,,,,,,,,,,,,,,,,,,,,,,,,,,,,,,,,,,,,,,,,,,,,,,,,,,,,,,,,,,,,,,,,,,,,,,,,,,,,,,,,,,,,,,,,,,,,,,,,,,,,,,,,,,,,,,,,,,,,,,,,,,,
,,,,,,,,,,,,,,,,,,,,,,,,,,,,,,,,,,,,,,,,,,,,,,,,,,,,,,,,,,,,,,,,,,,,,,,,,,,,,,,,,,,,,,,,,,,,,,,,,,,,,,,,,,,,,,,,,,,,,,,,,,,,,,,,,,,,,,,,,,,,,,,,,,,,,,,
,,,,,,,,,,,,,,,,,,,,,,,,,,,,,,,,,,,,,,,,,,,,,,,,,,,,,,,,,,,,,,,,,,,,,,,,,,,,,,,,,,,,,,,,,,,,,,,,,,,,,,,,,,,,,,,,,,,,,,,,,,,,,,,,,,,,,,,,,,,,,,,,,,,,,,,
,,,,,,,,,,,,,,,,,,,,,,,,,,,,,,,,,,,,,,,,,,,,,,,,,,,,,,,,,,,,,,,,,,,,,,,,,,,,,,,,,,,,,,,,,,,,,,,,,,,,,,,,,,,,,,,,,,,,,,,,,,,,,,,,,,,,,,,,,,,,,,,,,,,,,,,
,,,,,,,,,,,,,,,,,,,,,,,,,,,,,,,,,,,,,,,,,,,,,,,,,,,,,,,,,,,,,,,,,,,,,,,,,,,,,,,,,,,,,,,,,,,,,,,,,,,,,,,,,,,,,,,,,,,,,,,,,,,,,,,,,,,,,,,,,,,,,,,,,,,,,,,
,,,,,,,,,,,,,,,,,,,,,,,,,,,,,,,,,,,,,,,,,,,,,,,,,,,,,,,,,,,,,,,,,,,,,,,,,,,,,,,,,,,,,,,,,,,,,,,,,,,,,,,,,,,,,,,,,,,,,,,,,,,,,,,,,,,,,,,,,,,,,,,,,,,,,,,
,,,,,,,,,,,,,,,,,,,,,,,,,,,,,,,,,,,,,,,,,,,,,,,,,,,,,,,,,,,,,,,,,,,,,,,,,,,,,,,,,,,,,,,,,,,,,,,,,,,,,,,,,,,,,,,,,,,,,,,,,,,,,,,,,,,,,,,,,,,,,,,,,,,,,,,
,,,,,,,,,,,,,,,,,,,,,,,,,,,,,,,,,,,,,,,,,,,,,,,,,,,,,,,,,,,,,,,,,,,,,,,,,,,,,,,,,,,,,,,,,,,,,,,,,,,,,,,,,,,,,,,,,,,,,,,,,,,,,,,,,,,,,,,,,,,,,,,,,,,,,,,
,,,,,,,,,,,,,,,,,,,,,,,,,,,,,,,,,,,,,,,,,,,,,,,,,,,,,,,,,,,,,,,,,,,,,,,,,,,,,,,,,,,,,,,,,,,,,,,,,,,,,,,,,,,,,,,,,,,,,,,,,,,,,,,,,,,,,,,,,,,,,,,,,,,,,,,
,,,,,,,,,,,,,,,,,,,,,,,,,,,,,,,,,,,,,,,,,,,,,,,,,,,,,,,,,,,,,,,,,,,,,,,,,,,,,,,,,,,,,,,,,,,,,,,,,,,,,,,,,,,,,,,,,,,,,,,,,,,,,,,,,,,,,,,,,,,,,,,,,,,,,,,
,,,,,,,,,,,,,,,,,,,,,,,,,,,,,,,,,,,,,,,,,,,,,,,,,,,,,,,,,,,,,,,,,,,,,,,,,,,,,,,,,,,,,,,,,,,,,,,,,,,,,,,,,,,,,,,,,,,,,,,,,,,,,,,,,,,,,,,,,,,,,,,,,,,,,,,
,,,,,,,,,,,,,,,,,,,,,,,,,,,,,,,,,,,,,,,,,,,,,,,,,,,,,,,,,,,,,,,,,,,,,,,,,,,,,,,,,,,,,,,,,,,,,,,,,,,,,,,,,,,,,,,,,,,,,,,,,,,,,,,,,,,,,,,,,,,,,,,,,,,,,,,
,,,,,,,,,,,,,,,,,,,,,,,,,,,,,,,,,,,,,,,,,,,,,,,,,,,,,,,,,,,,,,,,,,,,,,,,,,,,,,,,,,,,,,,,,,,,,,,,,,,,,,,,,,,,,,,,,,,,,,,,,,,,,,,,,,,,,,,,,,,,,,,,,,,,,,,
,,,,,,,,,,,,,,,,,,,,,,,,,,,,,,,,,,,,,,,,,,,,,,,,,,,,,,,,,,,,,,,,,,,,,,,,,,,,,,,,,,,,,,,,,,,,,,,,,,,,,,,,,,,,,,,,,,,,,,,,,,,,,,,,,,,,,,,,,,,,,,,,,,,,,,,
,,,,,,,,,,,,,,,,,,,,,,,,,,,,,,,,,,,,,,,,,,,,,,,,,,,,,,,,,,,,,,,,,,,,,,,,,,,,,,,,,,,,,,,,,,,,,,,,,,,,,,,,,,,,,,,,,,,,,,,,,,,,,,,,,,,,,,,,,,,,,,,,,,,,,,,
,,,,,,,,,,,,,,,,,,,,,,,,,,,,,,,,,,,,,,,,,,,,,,,,,,,,,,,,,,,,,,,,,,,,,,,,,,,,,,,,,,,,,,,,,,,,,,,,,,,,,,,,,,,,,,,,,,,,,,,,,,,,,,,,,,,,,,,,,,,,,,,,,,,,,,,
,,,,,,,,,,,,,,,,,,,,,,,,,,,,,,,,,,,,,,,,,,,,,,,,,,,,,,,,,,,,,,,,,,,,,,,,,,,,,,,,,,,,,,,,,,,,,,,,,,,,,,,,,,,,,,,,,,,,,,,,,,,,,,,,,,,,,,,,,,,,,,,,,,,,,,,
,,,,,,,,,,,,,,,,,,,,,,,,,,,,,,,,,,,,,,,,,,,,,,,,,,,,,,,,,,,,,,,,,,,,,,,,,,,,,,,,,,,,,,,,,,,,,,,,,,,,,,,,,,,,,,,,,,,,,,,,,,,,,,,,,,,,,,,,,,,,,,,,,,,,,,,
,,,,,,,,,,,,,,,,,,,,,,,,,,,,,,,,,,,,,,,,,,,,,,,,,,,,,,,,,,,,,,,,,,,,,,,,,,,,,,,,,,,,,,,,,,,,,,,,,,,,,,,,,,,,,,,,,,,,,,,,,,,,,,,,,,,,,,,,,,,,,,,,,,,,,,,
,,,,,,,,,,,,,,,,,,,,,,,,,,,,,,,,,,,,,,,,,,,,,,,,,,,,,,,,,,,,,,,,,,,,,,,,,,,,,,,,,,,,,,,,,,,,,,,,,,,,,,,,,,,,,,,,,,,,,,,,,,,,,,,,,,,,,,,,,,,,,,,,,,,,,,,
,,,,,,,,,,,,,,,,,,,,,,,,,,,,,,,,,,,,,,,,,,,,,,,,,,,,,,,,,,,,,,,,,,,,,,,,,,,,,,,,,,,,,,,,,,,,,,,,,,,,,,,,,,,,,,,,,,,,,,,,,,,,,,,,,,,,,,,,,,,,,,,,,,,,,,,
,,,,,,,,,,,,,,,,,,,,,,,,,,,,,,,,,,,,,,,,,,,,,,,,,,,,,,,,,,,,,,,,,,,,,,,,,,,,,,,,,,,,,,,,,,,,,,,,,,,,,,,,,,,,,,,,,,,,,,,,,,,,,,,,,,,,,,,,,,,,,,,,,,,,,,,
,,,,,,,,,,,,,,,,,,,,,,,,,,,,,,,,,,,,,,,,,,,,,,,,,,,,,,,,,,,,,,,,,,,,,,,,,,,,,,,,,,,,,,,,,,,,,,,,,,,,,,,,,,,,,,,,,,,,,,,,,,,,,,,,,,,,,,,,,,,,,,,,,,,,,,,
,,,,,,,,,,,,,,,,,,,,,,,,,,,,,,,,,,,,,,,,,,,,,,,,,,,,,,,,,,,,,,,,,,,,,,,,,,,,,,,,,,,,,,,,,,,,,,,,,,,,,,,,,,,,,,,,,,,,,,,,,,,,,,,,,,,,,,,,,,,,,,,,,,,,,,,
,,,,,,,,,,,,,,,,,,,,,,,,,,,,,,,,,,,,,,,,,,,,,,,,,,,,,,,,,,,,,,,,,,,,,,,,,,,,,,,,,,,,,,,,,,,,,,,,,,,,,,,,,,,,,,,,,,,,,,,,,,,,,,,,,,,,,,,,,,,,,,,,,,,,,,,
,,,,,,,,,,,,,,,,,,,,,,,,,,,,,,,,,,,,,,,,,,,,,,,,,,,,,,,,,,,,,,,,,,,,,,,,,,,,,,,,,,,,,,,,,,,,,,,,,,,,,,,,,,,,,,,,,,,,,,,,,,,,,,,,,,,,,,,,,,,,,,,,,,,,,,,
,,,,,,,,,,,,,,,,,,,,,,,,,,,,,,,,,,,,,,,,,,,,,,,,,,,,,,,,,,,,,,,,,,,,,,,,,,,,,,,,,,,,,,,,,,,,,,,,,,,,,,,,,,,,,,,,,,,,,,,,,,,,,,,,,,,,,,,,,,,,,,,,,,,,,,,
,,,,,,,,,,,,,,,,,,,,,,,,,,,,,,,,,,,,,,,,,,,,,,,,,,,,,,,,,,,,,,,,,,,,,,,,,,,,,,,,,,,,,,,,,,,,,,,,,,,,,,,,,,,,,,,,,,,,,,,,,,,,,,,,,,,,,,,,,,,,,,,,,,,,,,,
,,,,,,,,,,,,,,,,,,,,,,,,,,,,,,,,,,,,,,,,,,,,,,,,,,,,,,,,,,,,,,,,,,,,,,,,,,,,,,,,,,,,,,,,,,,,,,,,,,,,,,,,,,,,,,,,,,,,,,,,,,,,,,,,,,,,,,,,,,,,,,,,,,,,,,,
,,,,,,,,,,,,,,,,,,,,,,,,,,,,,,,,,,,,,,,,,,,,,,,,,,,,,,,,,,,,,,,,,,,,,,,,,,,,,,,,,,,,,,,,,,,,,,,,,,,,,,,,,,,,,,,,,,,,,,,,,,,,,,,,,,,,,,,,,,,,,,,,,,,,,,,
,,,,,,,,,,,,,,,,,,,,,,,,,,,,,,,,,,,,,,,,,,,,,,,,,,,,,,,,,,,,,,,,,,,,,,,,,,,,,,,,,,,,,,,,,,,,,,,,,,,,,,,,,,,,,,,,,,,,,,,,,,,,,,,,,,,,,,,,,,,,,,,,,,,,,,,
,,,,,,,,,,,,,,,,,,,,,,,,,,,,,,,,,,,,,,,,,,,,,,,,,,,,,,,,,,,,,,,,,,,,,,,,,,,,,,,,,,,,,,,,,,,,,,,,,,,,,,,,,,,,,,,,,,,,,,,,,,,,,,,,,,,,,,,,,,,,,,,,,,,,,,,
,,,,,,,,,,,,,,,,,,,,,,,,,,,,,,,,,,,,,,,,,,,,,,,,,,,,,,,,,,,,,,,,,,,,,,,,,,,,,,,,,,,,,,,,,,,,,,,,,,,,,,,,,,,,,,,,,,,,,,,,,,,,,,,,,,,,,,,,,,,,,,,,,,,,,,,
,,,,,,,,,,,,,,,,,,,,,,,,,,,,,,,,,,,,,,,,,,,,,,,,,,,,,,,,,,,,,,,,,,,,,,,,,,,,,,,,,,,,,,,,,,,,,,,,,,,,,,,,,,,,,,,,,,,,,,,,,,,,,,,,,,,,,,,,,,,,,,,,,,,,,,,
,,,,,,,,,,,,,,,,,,,,,,,,,,,,,,,,,,,,,,,,,,,,,,,,,,,,,,,,,,,,,,,,,,,,,,,,,,,,,,,,,,,,,,,,,,,,,,,,,,,,,,,,,,,,,,,,,,,,,,,,,,,,,,,,,,,,,,,,,,,,,,,,,,,,,,,
,,,,,,,,,,,,,,,,,,,,,,,,,,,,,,,,,,,,,,,,,,,,,,,,,,,,,,,,,,,,,,,,,,,,,,,,,,,,,,,,,,,,,,,,,,,,,,,,,,,,,,,,,,,,,,,,,,,,,,,,,,,,,,,,,,,,,,,,,,,,,,,,,,,,,,,
,,,,,,,,,,,,,,,,,,,,,,,,,,,,,,,,,,,,,,,,,,,,,,,,,,,,,,,,,,,,,,,,,,,,,,,,,,,,,,,,,,,,,,,,,,,,,,,,,,,,,,,,,,,,,,,,,,,,,,,,,,,,,,,,,,,,,,,,,,,,,,,,,,,,,,,
,,,,,,,,,,,,,,,,,,,,,,,,,,,,,,,,,,,,,,,,,,,,,,,,,,,,,,,,,,,,,,,,,,,,,,,,,,,,,,,,,,,,,,,,,,,,,,,,,,,,,,,,,,,,,,,,,,,,,,,,,,,,,,,,,,,,,,,,,,,,,,,,,,,,,,,
,,,,,,,,,,,,,,,,,,,,,,,,,,,,,,,,,,,,,,,,,,,,,,,,,,,,,,,,,,,,,,,,,,,,,,,,,,,,,,,,,,,,,,,,,,,,,,,,,,,,,,,,,,,,,,,,,,,,,,,,,,,,,,,,,,,,,,,,,,,,,,,,,,,,,,,
,,,,,,,,,,,,,,,,,,,,,,,,,,,,,,,,,,,,,,,,,,,,,,,,,,,,,,,,,,,,,,,,,,,,,,,,,,,,,,,,,,,,,,,,,,,,,,,,,,,,,,,,,,,,,,,,,,,,,,,,,,,,,,,,,,,,,,,,,,,,,,,,,,,,,,,
,,,,,,,,,,,,,,,,,,,,,,,,,,,,,,,,,,,,,,,,,,,,,,,,,,,,,,,,,,,,,,,,,,,,,,,,,,,,,,,,,,,,,,,,,,,,,,,,,,,,,,,,,,,,,,,,,,,,,,,,,,,,,,,,,,,,,,,,,,,,,,,,,,,,,,,
,,,,,,,,,,,,,,,,,,,,,,,,,,,,,,,,,,,,,,,,,,,,,,,,,,,,,,,,,,,,,,,,,,,,,,,,,,,,,,,,,,,,,,,,,,,,,,,,,,,,,,,,,,,,,,,,,,,,,,,,,,,,,,,,,,,,,,,,,,,,,,,,,,,,,,,
,,,,,,,,,,,,,,,,,,,,,,,,,,,,,,,,,,,,,,,,,,,,,,,,,,,,,,,,,,,,,,,,,,,,,,,,,,,,,,,,,,,,,,,,,,,,,,,,,,,,,,,,,,,,,,,,,,,,,,,,,,,,,,,,,,,,,,,,,,,,,,,,,,,,,,,
,,,,,,,,,,,,,,,,,,,,,,,,,,,,,,,,,,,,,,,,,,,,,,,,,,,,,,,,,,,,,,,,,,,,,,,,,,,,,,,,,,,,,,,,,,,,,,,,,,,,,,,,,,,,,,,,,,,,,,,,,,,,,,,,,,,,,,,,,,,,,,,,,,,,,,,
,,,,,,,,,,,,,,,,,,,,,,,,,,,,,,,,,,,,,,,,,,,,,,,,,,,,,,,,,,,,,,,,,,,,,,,,,,,,,,,,,,,,,,,,,,,,,,,,,,,,,,,,,,,,,,,,,,,,,,,,,,,,,,,,,,,,,,,,,,,,,,,,,,,,,,,
,,,,,,,,,,,,,,,,,,,,,,,,,,,,,,,,,,,,,,,,,,,,,,,,,,,,,,,,,,,,,,,,,,,,,,,,,,,,,,,,,,,,,,,,,,,,,,,,,,,,,,,,,,,,,,,,,,,,,,,,,,,,,,,,,,,,,,,,,,,,,,,,,,,,,,,
,,,,,,,,,,,,,,,,,,,,,,,,,,,,,,,,,,,,,,,,,,,,,,,,,,,,,,,,,,,,,,,,,,,,,,,,,,,,,,,,,,,,,,,,,,,,,,,,,,,,,,,,,,,,,,,,,,,,,,,,,,,,,,,,,,,,,,,,,,,,,,,,,,,,,,,
,,,,,,,,,,,,,,,,,,,,,,,,,,,,,,,,,,,,,,,,,,,,,,,,,,,,,,,,,,,,,,,,,,,,,,,,,,,,,,,,,,,,,,,,,,,,,,,,,,,,,,,,,,,,,,,,,,,,,,,,,,,,,,,,,,,,,,,,,,,,,,,,,,,,,,,
,,,,,,,,,,,,,,,,,,,,,,,,,,,,,,,,,,,,,,,,,,,,,,,,,,,,,,,,,,,,,,,,,,,,,,,,,,,,,,,,,,,,,,,,,,,,,,,,,,,,,,,,,,,,,,,,,,,,,,,,,,,,,,,,,,,,,,,,,,,,,,,,,,,,,,,
,,,,,,,,,,,,,,,,,,,,,,,,,,,,,,,,,,,,,,,,,,,,,,,,,,,,,,,,,,,,,,,,,,,,,,,,,,,,,,,,,,,,,,,,,,,,,,,,,,,,,,,,,,,,,,,,,,,,,,,,,,,,,,,,,,,,,,,,,,,,,,,,,,,,,,,
,,,,,,,,,,,,,,,,,,,,,,,,,,,,,,,,,,,,,,,,,,,,,,,,,,,,,,,,,,,,,,,,,,,,,,,,,,,,,,,,,,,,,,,,,,,,,,,,,,,,,,,,,,,,,,,,,,,,,,,,,,,,,,,,,,,,,,,,,,,,,,,,,,,,,,,
,,,,,,,,,,,,,,,,,,,,,,,,,,,,,,,,,,,,,,,,,,,,,,,,,,,,,,,,,,,,,,,,,,,,,,,,,,,,,,,,,,,,,,,,,,,,,,,,,,,,,,,,,,,,,,,,,,,,,,,,,,,,,,,,,,,,,,,,,,,,,,,,,,,,,,,
,,,,,,,,,,,,,,,,,,,,,,,,,,,,,,,,,,,,,,,,,,,,,,,,,,,,,,,,,,,,,,,,,,,,,,,,,,,,,,,,,,,,,,,,,,,,,,,,,,,,,,,,,,,,,,,,,,,,,,,,,,,,,,,,,,,,,,,,,,,,,,,,,,,,,,,
,,,,,,,,,,,,,,,,,,,,,,,,,,,,,,,,,,,,,,,,,,,,,,,,,,,,,,,,,,,,,,,,,,,,,,,,,,,,,,,,,,,,,,,,,,,,,,,,,,,,,,,,,,,,,,,,,,,,,,,,,,,,,,,,,,,,,,,,,,,,,,,,,,,,,,,
,,,,,,,,,,,,,,,,,,,,,,,,,,,,,,,,,,,,,,,,,,,,,,,,,,,,,,,,,,,,,,,,,,,,,,,,,,,,,,,,,,,,,,,,,,,,,,,,,,,,,,,,,,,,,,,,,,,,,,,,,,,,,,,,,,,,,,,,,,,,,,,,,,,,,,,
,,,,,,,,,,,,,,,,,,,,,,,,,,,,,,,,,,,,,,,,,,,,,,,,,,,,,,,,,,,,,,,,,,,,,,,,,,,,,,,,,,,,,,,,,,,,,,,,,,,,,,,,,,,,,,,,,,,,,,,,,,,,,,,,,,,,,,,,,,,,,,,,,,,,,,,
,,,,,,,,,,,,,,,,,,,,,,,,,,,,,,,,,,,,,,,,,,,,,,,,,,,,,,,,,,,,,,,,,,,,,,,,,,,,,,,,,,,,,,,,,,,,,,,,,,,,,,,,,,,,,,,,,,,,,,,,,,,,,,,,,,,,,,,,,,,,,,,,,,,,,,,
,,,,,,,,,,,,,,,,,,,,,,,,,,,,,,,,,,,,,,,,,,,,,,,,,,,,,,,,,,,,,,,,,,,,,,,,,,,,,,,,,,,,,,,,,,,,,,,,,,,,,,,,,,,,,,,,,,,,,,,,,,,,,,,,,,,,,,,,,,,,,,,,,,,,,,,
,,,,,,,,,,,,,,,,,,,,,,,,,,,,,,,,,,,,,,,,,,,,,,,,,,,,,,,,,,,,,,,,,,,,,,,,,,,,,,,,,,,,,,,,,,,,,,,,,,,,,,,,,,,,,,,,,,,,,,,,,,,,,,,,,,,,,,,,,,,,,,,,,,,,,,,
,,,,,,,,,,,,,,,,,,,,,,,,,,,,,,,,,,,,,,,,,,,,,,,,,,,,,,,,,,,,,,,,,,,,,,,,,,,,,,,,,,,,,,,,,,,,,,,,,,,,,,,,,,,,,,,,,,,,,,,,,,,,,,,,,,,,,,,,,,,,,,,,,,,,,,,
,,,,,,,,,,,,,,,,,,,,,,,,,,,,,,,,,,,,,,,,,,,,,,,,,,,,,,,,,,,,,,,,,,,,,,,,,,,,,,,,,,,,,,,,,,,,,,,,,,,,,,,,,,,,,,,,,,,,,,,,,,,,,,,,,,,,,,,,,,,,,,,,,,,,,,,
,,,,,,,,,,,,,,,,,,,,,,,,,,,,,,,,,,,,,,,,,,,,,,,,,,,,,,,,,,,,,,,,,,,,,,,,,,,,,,,,,,,,,,,,,,,,,,,,,,,,,,,,,,,,,,,,,,,,,,,,,,,,,,,,,,,,,,,,,,,,,,,,,,,,,,,
,,,,,,,,,,,,,,,,,,,,,,,,,,,,,,,,,,,,,,,,,,,,,,,,,,,,,,,,,,,,,,,,,,,,,,,,,,,,,,,,,,,,,,,,,,,,,,,,,,,,,,,,,,,,,,,,,,,,,,,,,,,,,,,,,,,,,,,,,,,,,,,,,,,,,,,
,,,,,,,,,,,,,,,,,,,,,,,,,,,,,,,,,,,,,,,,,,,,,,,,,,,,,,,,,,,,,,,,,,,,,,,,,,,,,,,,,,,,,,,,,,,,,,,,,,,,,,,,,,,,,,,,,,,,,,,,,,,,,,,,,,,,,,,,,,,,,,,,,,,,,,,
,,,,,,,,,,,,,,,,,,,,,,,,,,,,,,,,,,,,,,,,,,,,,,,,,,,,,,,,,,,,,,,,,,,,,,,,,,,,,,,,,,,,,,,,,,,,,,,,,,,,,,,,,,,,,,,,,,,,,,,,,,,,,,,,,,,,,,,,,,,,,,,,,,,,,,,
,,,,,,,,,,,,,,,,,,,,,,,,,,,,,,,,,,,,,,,,,,,,,,,,,,,,,,,,,,,,,,,,,,,,,,,,,,,,,,,,,,,,,,,,,,,,,,,,,,,,,,,,,,,,,,,,,,,,,,,,,,,,,,,,,,,,,,,,,,,,,,,,,,,,,,,
,,,,,,,,,,,,,,,,,,,,,,,,,,,,,,,,,,,,,,,,,,,,,,,,,,,,,,,,,,,,,,,,,,,,,,,,,,,,,,,,,,,,,,,,,,,,,,,,,,,,,,,,,,,,,,,,,,,,,,,,,,,,,,,,,,,,,,,,,,,,,,,,,,,,,,,
,,,,,,,,,,,,,,,,,,,,,,,,,,,,,,,,,,,,,,,,,,,,,,,,,,,,,,,,,,,,,,,,,,,,,,,,,,,,,,,,,,,,,,,,,,,,,,,,,,,,,,,,,,,,,,,,,,,,,,,,,,,,,,,,,,,,,,,,,,,,,,,,,,,,,,,
,,,,,,,,,,,,,,,,,,,,,,,,,,,,,,,,,,,,,,,,,,,,,,,,,,,,,,,,,,,,,,,,,,,,,,,,,,,,,,,,,,,,,,,,,,,,,,,,,,,,,,,,,,,,,,,,,,,,,,,,,,,,,,,,,,,,,,,,,,,,,,,,,,,,,,,
,,,,,,,,,,,,,,,,,,,,,,,,,,,,,,,,,,,,,,,,,,,,,,,,,,,,,,,,,,,,,,,,,,,,,,,,,,,,,,,,,,,,,,,,,,,,,,,,,,,,,,,,,,,,,,,,,,,,,,,,,,,,,,,,,,,,,,,,,,,,,,,,,,,,,,,
,,,,,,,,,,,,,,,,,,,,,,,,,,,,,,,,,,,,,,,,,,,,,,,,,,,,,,,,,,,,,,,,,,,,,,,,,,,,,,,,,,,,,,,,,,,,,,,,,,,,,,,,,,,,,,,,,,,,,,,,,,,,,,,,,,,,,,,,,,,,,,,,,,,,,,,
,,,,,,,,,,,,,,,,,,,,,,,,,,,,,,,,,,,,,,,,,,,,,,,,,,,,,,,,,,,,,,,,,,,,,,,,,,,,,,,,,,,,,,,,,,,,,,,,,,,,,,,,,,,,,,,,,,,,,,,,,,,,,,,,,,,,,,,,,,,,,,,,,,,,,,,
,,,,,,,,,,,,,,,,,,,,,,,,,,,,,,,,,,,,,,,,,,,,,,,,,,,,,,,,,,,,,,,,,,,,,,,,,,,,,,,,,,,,,,,,,,,,,,,,,,,,,,,,,,,,,,,,,,,,,,,,,,,,,,,,,,,,,,,,,,,,,,,,,,,,,,,
,,,,,,,,,,,,,,,,,,,,,,,,,,,,,,,,,,,,,,,,,,,,,,,,,,,,,,,,,,,,,,,,,,,,,,,,,,,,,,,,,,,,,,,,,,,,,,,,,,,,,,,,,,,,,,,,,,,,,,,,,,,,,,,,,,,,,,,,,,,,,,,,,,,,,,,
,,,,,,,,,,,,,,,,,,,,,,,,,,,,,,,,,,,,,,,,,,,,,,,,,,,,,,,,,,,,,,,,,,,,,,,,,,,,,,,,,,,,,,,,,,,,,,,,,,,,,,,,,,,,,,,,,,,,,,,,,,,,,,,,,,,,,,,,,,,,,,,,,,,,,,,
,,,,,,,,,,,,,,,,,,,,,,,,,,,,,,,,,,,,,,,,,,,,,,,,,,,,,,,,,,,,,,,,,,,,,,,,,,,,,,,,,,,,,,,,,,,,,,,,,,,,,,,,,,,,,,,,,,,,,,,,,,,,,,,,,,,,,,,,,,,,,,,,,,,,,,,
,,,,,,,,,,,,,,,,,,,,,,,,,,,,,,,,,,,,,,,,,,,,,,,,,,,,,,,,,,,,,,,,,,,,,,,,,,,,,,,,,,,,,,,,,,,,,,,,,,,,,,,,,,,,,,,,,,,,,,,,,,,,,,,,,,,,,,,,,,,,,,,,,,,,,,,
,,,,,,,,,,,,,,,,,,,,,,,,,,,,,,,,,,,,,,,,,,,,,,,,,,,,,,,,,,,,,,,,,,,,,,,,,,,,,,,,,,,,,,,,,,,,,,,,,,,,,,,,,,,,,,,,,,,,,,,,,,,,,,,,,,,,,,,,,,,,,,,,,,,,,,,
,,,,,,,,,,,,,,,,,,,,,,,,,,,,,,,,,,,,,,,,,,,,,,,,,,,,,,,,,,,,,,,,,,,,,,,,,,,,,,,,,,,,,,,,,,,,,,,,,,,,,,,,,,,,,,,,,,,,,,,,,,,,,,,,,,,,,,,,,,,,,,,,,,,,,,,
,,,,,,,,,,,,,,,,,,,,,,,,,,,,,,,,,,,,,,,,,,,,,,,,,,,,,,,,,,,,,,,,,,,,,,,,,,,,,,,,,,,,,,,,,,,,,,,,,,,,,,,,,,,,,,,,,,,,,,,,,,,,,,,,,,,,,,,,,,,,,,,,,,,,,,,
,,,,,,,,,,,,,,,,,,,,,,,,,,,,,,,,,,,,,,,,,,,,,,,,,,,,,,,,,,,,,,,,,,,,,,,,,,,,,,,,,,,,,,,,,,,,,,,,,,,,,,,,,,,,,,,,,,,,,,,,,,,,,,,,,,,,,,,,,,,,,,,,,,,,,,,
,,,,,,,,,,,,,,,,,,,,,,,,,,,,,,,,,,,,,,,,,,,,,,,,,,,,,,,,,,,,,,,,,,,,,,,,,,,,,,,,,,,,,,,,,,,,,,,,,,,,,,,,,,,,,,,,,,,,,,,,,,,,,,,,,,,,,,,,,,,,,,,,,,,,,,,
,,,,,,,,,,,,,,,,,,,,,,,,,,,,,,,,,,,,,,,,,,,,,,,,,,,,,,,,,,,,,,,,,,,,,,,,,,,,,,,,,,,,,,,,,,,,,,,,,,,,,,,,,,,,,,,,,,,,,,,,,,,,,,,,,,,,,,,,,,,,,,,,,,,,,,,
,,,,,,,,,,,,,,,,,,,,,,,,,,,,,,,,,,,,,,,,,,,,,,,,,,,,,,,,,,,,,,,,,,,,,,,,,,,,,,,,,,,,,,,,,,,,,,,,,,,,,,,,,,,,,,,,,,,,,,,,,,,,,,,,,,,,,,,,,,,,,,,,,,,,,,,
,,,,,,,,,,,,,,,,,,,,,,,,,,,,,,,,,,,,,,,,,,,,,,,,,,,,,,,,,,,,,,,,,,,,,,,,,,,,,,,,,,,,,,,,,,,,,,,,,,,,,,,,,,,,,,,,,,,,,,,,,,,,,,,,,,,,,,,,,,,,,,,,,,,,,,,
,,,,,,,,,,,,,,,,,,,,,,,,,,,,,,,,,,,,,,,,,,,,,,,,,,,,,,,,,,,,,,,,,,,,,,,,,,,,,,,,,,,,,,,,,,,,,,,,,,,,,,,,,,,,,,,,,,,,,,,,,,,,,,,,,,,,,,,,,,,,,,,,,,,,,,,
,,,,,,,,,,,,,,,,,,,,,,,,,,,,,,,,,,,,,,,,,,,,,,,,,,,,,,,,,,,,,,,,,,,,,,,,,,,,,,,,,,,,,,,,,,,,,,,,,,,,,,,,,,,,,,,,,,,,,,,,,,,,,,,,,,,,,,,,,,,,,,,,,,,,,,,
,,,,,,,,,,,,,,,,,,,,,,,,,,,,,,,,,,,,,,,,,,,,,,,,,,,,,,,,,,,,,,,,,,,,,,,,,,,,,,,,,,,,,,,,,,,,,,,,,,,,,,,,,,,,,,,,,,,,,,,,,,,,,,,,,,,,,,,,,,,,,,,,,,,,,,,
,,,,,,,,,,,,,,,,,,,,,,,,,,,,,,,,,,,,,,,,,,,,,,,,,,,,,,,,,,,,,,,,,,,,,,,,,,,,,,,,,,,,,,,,,,,,,,,,,,,,,,,,,,,,,,,,,,,,,,,,,,,,,,,,,,,,,,,,,,,,,,,,,,,,,,,
,,,,,,,,,,,,,,,,,,,,,,,,,,,,,,,,,,,,,,,,,,,,,,,,,,,,,,,,,,,,,,,,,,,,,,,,,,,,,,,,,,,,,,,,,,,,,,,,,,,,,,,,,,,,,,,,,,,,,,,,,,,,,,,,,,,,,,,,,,,,,,,,,,,,,,,
,,,,,,,,,,,,,,,,,,,,,,,,,,,,,,,,,,,,,,,,,,,,,,,,,,,,,,,,,,,,,,,,,,,,,,,,,,,,,,,,,,,,,,,,,,,,,,,,,,,,,,,,,,,,,,,,,,,,,,,,,,,,,,,,,,,,,,,,,,,,,,,,,,,,,,,
,,,,,,,,,,,,,,,,,,,,,,,,,,,,,,,,,,,,,,,,,,,,,,,,,,,,,,,,,,,,,,,,,,,,,,,,,,,,,,,,,,,,,,,,,,,,,,,,,,,,,,,,,,,,,,,,,,,,,,,,,,,,,,,,,,,,,,,,,,,,,,,,,,,,,,,
,,,,,,,,,,,,,,,,,,,,,,,,,,,,,,,,,,,,,,,,,,,,,,,,,,,,,,,,,,,,,,,,,,,,,,,,,,,,,,,,,,,,,,,,,,,,,,,,,,,,,,,,,,,,,,,,,,,,,,,,,,,,,,,,,,,,,,,,,,,,,,,,,,,,,,,
,,,,,,,,,,,,,,,,,,,,,,,,,,,,,,,,,,,,,,,,,,,,,,,,,,,,,,,,,,,,,,,,,,,,,,,,,,,,,,,,,,,,,,,,,,,,,,,,,,,,,,,,,,,,,,,,,,,,,,,,,,,,,,,,,,,,,,,,,,,,,,,,,,,,,,,
,,,,,,,,,,,,,,,,,,,,,,,,,,,,,,,,,,,,,,,,,,,,,,,,,,,,,,,,,,,,,,,,,,,,,,,,,,,,,,,,,,,,,,,,,,,,,,,,,,,,,,,,,,,,,,,,,,,,,,,,,,,,,,,,,,,,,,,,,,,,,,,,,,,,,,,
,,,,,,,,,,,,,,,,,,,,,,,,,,,,,,,,,,,,,,,,,,,,,,,,,,,,,,,,,,,,,,,,,,,,,,,,,,,,,,,,,,,,,,,,,,,,,,,,,,,,,,,,,,,,,,,,,,,,,,,,,,,,,,,,,,,,,,,,,,,,,,,,,,,,,,,
,,,,,,,,,,,,,,,,,,,,,,,,,,,,,,,,,,,,,,,,,,,,,,,,,,,,,,,,,,,,,,,,,,,,,,,,,,,,,,,,,,,,,,,,,,,,,,,,,,,,,,,,,,,,,,,,,,,,,,,,,,,,,,,,,,,,,,,,,,,,,,,,,,,,,,,
,,,,,,,,,,,,,,,,,,,,,,,,,,,,,,,,,,,,,,,,,,,,,,,,,,,,,,,,,,,,,,,,,,,,,,,,,,,,,,,,,,,,,,,,,,,,,,,,,,,,,,,,,,,,,,,,,,,,,,,,,,,,,,,,,,,,,,,,,,,,,,,,,,,,,,,
,,,,,,,,,,,,,,,,,,,,,,,,,,,,,,,,,,,,,,,,,,,,,,,,,,,,,,,,,,,,,,,,,,,,,,,,,,,,,,,,,,,,,,,,,,,,,,,,,,,,,,,,,,,,,,,,,,,,,,,,,,,,,,,,,,,,,,,,,,,,,,,,,,,,,,,
,,,,,,,,,,,,,,,,,,,,,,,,,,,,,,,,,,,,,,,,,,,,,,,,,,,,,,,,,,,,,,,,,,,,,,,,,,,,,,,,,,,,,,,,,,,,,,,,,,,,,,,,,,,,,,,,,,,,,,,,,,,,,,,,,,,,,,,,,,,,,,,,,,,,,,,
,,,,,,,,,,,,,,,,,,,,,,,,,,,,,,,,,,,,,,,,,,,,,,,,,,,,,,,,,,,,,,,,,,,,,,,,,,,,,,,,,,,,,,,,,,,,,,,,,,,,,,,,,,,,,,,,,,,,,,,,,,,,,,,,,,,,,,,,,,,,,,,,,,,,,,,
,,,,,,,,,,,,,,,,,,,,,,,,,,,,,,,,,,,,,,,,,,,,,,,,,,,,,,,,,,,,,,,,,,,,,,,,,,,,,,,,,,,,,,,,,,,,,,,,,,,,,,,,,,,,,,,,,,,,,,,,,,,,,,,,,,,,,,,,,,,,,,,,,,,,,,,
,,,,,,,,,,,,,,,,,,,,,,,,,,,,,,,,,,,,,,,,,,,,,,,,,,,,,,,,,,,,,,,,,,,,,,,,,,,,,,,,,,,,,,,,,,,,,,,,,,,,,,,,,,,,,,,,,,,,,,,,,,,,,,,,,,,,,,,,,,,,,,,,,,,,,,,
,,,,,,,,,,,,,,,,,,,,,,,,,,,,,,,,,,,,,,,,,,,,,,,,,,,,,,,,,,,,,,,,,,,,,,,,,,,,,,,,,,,,,,,,,,,,,,,,,,,,,,,,,,,,,,,,,,,,,,,,,,,,,,,,,,,,,,,,,,,,,,,,,,,,,,,
,,,,,,,,,,,,,,,,,,,,,,,,,,,,,,,,,,,,,,,,,,,,,,,,,,,,,,,,,,,,,,,,,,,,,,,,,,,,,,,,,,,,,,,,,,,,,,,,,,,,,,,,,,,,,,,,,,,,,,,,,,,,,,,,,,,,,,,,,,,,,,,,,,,,,,,
,,,,,,,,,,,,,,,,,,,,,,,,,,,,,,,,,,,,,,,,,,,,,,,,,,,,,,,,,,,,,,,,,,,,,,,,,,,,,,,,,,,,,,,,,,,,,,,,,,,,,,,,,,,,,,,,,,,,,,,,,,,,,,,,,,,,,,,,,,,,,,,,,,,,,,,
,,,,,,,,,,,,,,,,,,,,,,,,,,,,,,,,,,,,,,,,,,,,,,,,,,,,,,,,,,,,,,,,,,,,,,,,,,,,,,,,,,,,,,,,,,,,,,,,,,,,,,,,,,,,,,,,,,,,,,,,,,,,,,,,,,,,,,,,,,,,,,,,,,,,,,,
,,,,,,,,,,,,,,,,,,,,,,,,,,,,,,,,,,,,,,,,,,,,,,,,,,,,,,,,,,,,,,,,,,,,,,,,,,,,,,,,,,,,,,,,,,,,,,,,,,,,,,,,,,,,,,,,,,,,,,,,,,,,,,,,,,,,,,,,,,,,,,,,,,,,,,,
,,,,,,,,,,,,,,,,,,,,,,,,,,,,,,,,,,,,,,,,,,,,,,,,,,,,,,,,,,,,,,,,,,,,,,,,,,,,,,,,,,,,,,,,,,,,,,,,,,,,,,,,,,,,,,,,,,,,,,,,,,,,,,,,,,,,,,,,,,,,,,,,,,,,,,,
,,,,,,,,,,,,,,,,,,,,,,,,,,,,,,,,,,,,,,,,,,,,,,,,,,,,,,,,,,,,,,,,,,,,,,,,,,,,,,,,,,,,,,,,,,,,,,,,,,,,,,,,,,,,,,,,,,,,,,,,,,,,,,,,,,,,,,,,,,,,,,,,,,,,,,,
,,,,,,,,,,,,,,,,,,,,,,,,,,,,,,,,,,,,,,,,,,,,,,,,,,,,,,,,,,,,,,,,,,,,,,,,,,,,,,,,,,,,,,,,,,,,,,,,,,,,,,,,,,,,,,,,,,,,,,,,,,,,,,,,,,,,,,,,,,,,,,,,,,,,,,,
,,,,,,,,,,,,,,,,,,,,,,,,,,,,,,,,,,,,,,,,,,,,,,,,,,,,,,,,,,,,,,,,,,,,,,,,,,,,,,,,,,,,,,,,,,,,,,,,,,,,,,,,,,,,,,,,,,,,,,,,,,,,,,,,,,,,,,,,,,,,,,,,,,,,,,,
,,,,,,,,,,,,,,,,,,,,,,,,,,,,,,,,,,,,,,,,,,,,,,,,,,,,,,,,,,,,,,,,,,,,,,,,,,,,,,,,,,,,,,,,,,,,,,,,,,,,,,,,,,,,,,,,,,,,,,,,,,,,,,,,,,,,,,,,,,,,,,,,,,,,,,,
,,,,,,,,,,,,,,,,,,,,,,,,,,,,,,,,,,,,,,,,,,,,,,,,,,,,,,,,,,,,,,,,,,,,,,,,,,,,,,,,,,,,,,,,,,,,,,,,,,,,,,,,,,,,,,,,,,,,,,,,,,,,,,,,,,,,,,,,,,,,,,,,,,,,,,,
,,,,,,,,,,,,,,,,,,,,,,,,,,,,,,,,,,,,,,,,,,,,,,,,,,,,,,,,,,,,,,,,,,,,,,,,,,,,,,,,,,,,,,,,,,,,,,,,,,,,,,,,,,,,,,,,,,,,,,,,,,,,,,,,,,,,,,,,,,,,,,,,,,,,,,,
,,,,,,,,,,,,,,,,,,,,,,,,,,,,,,,,,,,,,,,,,,,,,,,,,,,,,,,,,,,,,,,,,,,,,,,,,,,,,,,,,,,,,,,,,,,,,,,,,,,,,,,,,,,,,,,,,,,,,,,,,,,,,,,,,,,,,,,,,,,,,,,,,,,,,,,
,,,,,,,,,,,,,,,,,,,,,,,,,,,,,,,,,,,,,,,,,,,,,,,,,,,,,,,,,,,,,,,,,,,,,,,,,,,,,,,,,,,,,,,,,,,,,,,,,,,,,,,,,,,,,,,,,,,,,,,,,,,,,,,,,,,,,,,,,,,,,,,,,,,,,,,
,,,,,,,,,,,,,,,,,,,,,,,,,,,,,,,,,,,,,,,,,,,,,,,,,,,,,,,,,,,,,,,,,,,,,,,,,,,,,,,,,,,,,,,,,,,,,,,,,,,,,,,,,,,,,,,,,,,,,,,,,,,,,,,,,,,,,,,,,,,,,,,,,,,,,,,
,,,,,,,,,,,,,,,,,,,,,,,,,,,,,,,,,,,,,,,,,,,,,,,,,,,,,,,,,,,,,,,,,,,,,,,,,,,,,,,,,,,,,,,,,,,,,,,,,,,,,,,,,,,,,,,,,,,,,,,,,,,,,,,,,,,,,,,,,,,,,,,,,,,,,,,
,,,,,,,,,,,,,,,,,,,,,,,,,,,,,,,,,,,,,,,,,,,,,,,,,,,,,,,,,,,,,,,,,,,,,,,,,,,,,,,,,,,,,,,,,,,,,,,,,,,,,,,,,,,,,,,,,,,,,,,,,,,,,,,,,,,,,,,,,,,,,,,,,,,,,,,
,,,,,,,,,,,,,,,,,,,,,,,,,,,,,,,,,,,,,,,,,,,,,,,,,,,,,,,,,,,,,,,,,,,,,,,,,,,,,,,,,,,,,,,,,,,,,,,,,,,,,,,,,,,,,,,,,,,,,,,,,,,,,,,,,,,,,,,,,,,,,,,,,,,,,,,
,,,,,,,,,,,,,,,,,,,,,,,,,,,,,,,,,,,,,,,,,,,,,,,,,,,,,,,,,,,,,,,,,,,,,,,,,,,,,,,,,,,,,,,,,,,,,,,,,,,,,,,,,,,,,,,,,,,,,,,,,,,,,,,,,,,,,,,,,,,,,,,,,,,,,,,
,,,,,,,,,,,,,,,,,,,,,,,,,,,,,,,,,,,,,,,,,,,,,,,,,,,,,,,,,,,,,,,,,,,,,,,,,,,,,,,,,,,,,,,,,,,,,,,,,,,,,,,,,,,,,,,,,,,,,,,,,,,,,,,,,,,,,,,,,,,,,,,,,,,,,,,
,,,,,,,,,,,,,,,,,,,,,,,,,,,,,,,,,,,,,,,,,,,,,,,,,,,,,,,,,,,,,,,,,,,,,,,,,,,,,,,,,,,,,,,,,,,,,,,,,,,,,,,,,,,,,,,,,,,,,,,,,,,,,,,,,,,,,,,,,,,,,,,,,,,,,,,
,,,,,,,,,,,,,,,,,,,,,,,,,,,,,,,,,,,,,,,,,,,,,,,,,,,,,,,,,,,,,,,,,,,,,,,,,,,,,,,,,,,,,,,,,,,,,,,,,,,,,,,,,,,,,,,,,,,,,,,,,,,,,,,,,,,,,,,,,,,,,,,,,,,,,,,
,,,,,,,,,,,,,,,,,,,,,,,,,,,,,,,,,,,,,,,,,,,,,,,,,,,,,,,,,,,,,,,,,,,,,,,,,,,,,,,,,,,,,,,,,,,,,,,,,,,,,,,,,,,,,,,,,,,,,,,,,,,,,,,,,,,,,,,,,,,,,,,,,,,,,,,
,,,,,,,,,,,,,,,,,,,,,,,,,,,,,,,,,,,,,,,,,,,,,,,,,,,,,,,,,,,,,,,,,,,,,,,,,,,,,,,,,,,,,,,,,,,,,,,,,,,,,,,,,,,,,,,,,,,,,,,,,,,,,,,,,,,,,,,,,,,,,,,,,,,,,,,
,,,,,,,,,,,,,,,,,,,,,,,,,,,,,,,,,,,,,,,,,,,,,,,,,,,,,,,,,,,,,,,,,,,,,,,,,,,,,,,,,,,,,,,,,,,,,,,,,,,,,,,,,,,,,,,,,,,,,,,,,,,,,,,,,,,,,,,,,,,,,,,,,,,,,,,
,,,,,,,,,,,,,,,,,,,,,,,,,,,,,,,,,,,,,,,,,,,,,,,,,,,,,,,,,,,,,,,,,,,,,,,,,,,,,,,,,,,,,,,,,,,,,,,,,,,,,,,,,,,,,,,,,,,,,,,,,,,,,,,,,,,,,,,,,,,,,,,,,,,,,,,
,,,,,,,,,,,,,,,,,,,,,,,,,,,,,,,,,,,,,,,,,,,,,,,,,,,,,,,,,,,,,,,,,,,,,,,,,,,,,,,,,,,,,,,,,,,,,,,,,,,,,,,,,,,,,,,,,,,,,,,,,,,,,,,,,,,,,,,,,,,,,,,,,,,,,,,
,,,,,,,,,,,,,,,,,,,,,,,,,,,,,,,,,,,,,,,,,,,,,,,,,,,,,,,,,,,,,,,,,,,,,,,,,,,,,,,,,,,,,,,,,,,,,,,,,,,,,,,,,,,,,,,,,,,,,,,,,,,,,,,,,,,,,,,,,,,,,,,,,,,,,,,
,,,,,,,,,,,,,,,,,,,,,,,,,,,,,,,,,,,,,,,,,,,,,,,,,,,,,,,,,,,,,,,,,,,,,,,,,,,,,,,,,,,,,,,,,,,,,,,,,,,,,,,,,,,,,,,,,,,,,,,,,,,,,,,,,,,,,,,,,,,,,,,,,,,,,,,
,,,,,,,,,,,,,,,,,,,,,,,,,,,,,,,,,,,,,,,,,,,,,,,,,,,,,,,,,,,,,,,,,,,,,,,,,,,,,,,,,,,,,,,,,,,,,,,,,,,,,,,,,,,,,,,,,,,,,,,,,,,,,,,,,,,,,,,,,,,,,,,,,,,,,,,
,,,,,,,,,,,,,,,,,,,,,,,,,,,,,,,,,,,,,,,,,,,,,,,,,,,,,,,,,,,,,,,,,,,,,,,,,,,,,,,,,,,,,,,,,,,,,,,,,,,,,,,,,,,,,,,,,,,,,,,,,,,,,,,,,,,,,,,,,,,,,,,,,,,,,,,
,,,,,,,,,,,,,,,,,,,,,,,,,,,,,,,,,,,,,,,,,,,,,,,,,,,,,,,,,,,,,,,,,,,,,,,,,,,,,,,,,,,,,,,,,,,,,,,,,,,,,,,,,,,,,,,,,,,,,,,,,,,,,,,,,,,,,,,,,,,,,,,,,,,,,,,
,,,,,,,,,,,,,,,,,,,,,,,,,,,,,,,,,,,,,,,,,,,,,,,,,,,,,,,,,,,,,,,,,,,,,,,,,,,,,,,,,,,,,,,,,,,,,,,,,,,,,,,,,,,,,,,,,,,,,,,,,,,,,,,,,,,,,,,,,,,,,,,,,,,,,,,
,,,,,,,,,,,,,,,,,,,,,,,,,,,,,,,,,,,,,,,,,,,,,,,,,,,,,,,,,,,,,,,,,,,,,,,,,,,,,,,,,,,,,,,,,,,,,,,,,,,,,,,,,,,,,,,,,,,,,,,,,,,,,,,,,,,,,,,,,,,,,,,,,,,,,,,
,,,,,,,,,,,,,,,,,,,,,,,,,,,,,,,,,,,,,,,,,,,,,,,,,,,,,,,,,,,,,,,,,,,,,,,,,,,,,,,,,,,,,,,,,,,,,,,,,,,,,,,,,,,,,,,,,,,,,,,,,,,,,,,,,,,,,,,,,,,,,,,,,,,,,,,
,,,,,,,,,,,,,,,,,,,,,,,,,,,,,,,,,,,,,,,,,,,,,,,,,,,,,,,,,,,,,,,,,,,,,,,,,,,,,,,,,,,,,,,,,,,,,,,,,,,,,,,,,,,,,,,,,,,,,,,,,,,,,,,,,,,,,,,,,,,,,,,,,,,,,,,
,,,,,,,,,,,,,,,,,,,,,,,,,,,,,,,,,,,,,,,,,,,,,,,,,,,,,,,,,,,,,,,,,,,,,,,,,,,,,,,,,,,,,,,,,,,,,,,,,,,,,,,,,,,,,,,,,,,,,,,,,,,,,,,,,,,,,,,,,,,,,,,,,,,,,,,
,,,,,,,,,,,,,,,,,,,,,,,,,,,,,,,,,,,,,,,,,,,,,,,,,,,,,,,,,,,,,,,,,,,,,,,,,,,,,,,,,,,,,,,,,,,,,,,,,,,,,,,,,,,,,,,,,,,,,,,,,,,,,,,,,,,,,,,,,,,,,,,,,,,,,,,
,,,,,,,,,,,,,,,,,,,,,,,,,,,,,,,,,,,,,,,,,,,,,,,,,,,,,,,,,,,,,,,,,,,,,,,,,,,,,,,,,,,,,,,,,,,,,,,,,,,,,,,,,,,,,,,,,,,,,,,,,,,,,,,,,,,,,,,,,,,,,,,,,,,,,,,
,,,,,,,,,,,,,,,,,,,,,,,,,,,,,,,,,,,,,,,,,,,,,,,,,,,,,,,,,,,,,,,,,,,,,,,,,,,,,,,,,,,,,,,,,,,,,,,,,,,,,,,,,,,,,,,,,,,,,,,,,,,,,,,,,,,,,,,,,,,,,,,,,,,,,,,
,,,,,,,,,,,,,,,,,,,,,,,,,,,,,,,,,,,,,,,,,,,,,,,,,,,,,,,,,,,,,,,,,,,,,,,,,,,,,,,,,,,,,,,,,,,,,,,,,,,,,,,,,,,,,,,,,,,,,,,,,,,,,,,,,,,,,,,,,,,,,,,,,,,,,,,
,,,,,,,,,,,,,,,,,,,,,,,,,,,,,,,,,,,,,,,,,,,,,,,,,,,,,,,,,,,,,,,,,,,,,,,,,,,,,,,,,,,,,,,,,,,,,,,,,,,,,,,,,,,,,,,,,,,,,,,,,,,,,,,,,,,,,,,,,,,,,,,,,,,,,,,
,,,,,,,,,,,,,,,,,,,,,,,,,,,,,,,,,,,,,,,,,,,,,,,,,,,,,,,,,,,,,,,,,,,,,,,,,,,,,,,,,,,,,,,,,,,,,,,,,,,,,,,,,,,,,,,,,,,,,,,,,,,,,,,,,,,,,,,,,,,,,,,,,,,,,,,
,,,,,,,,,,,,,,,,,,,,,,,,,,,,,,,,,,,,,,,,,,,,,,,,,,,,,,,,,,,,,,,,,,,,,,,,,,,,,,,,,,,,,,,,,,,,,,,,,,,,,,,,,,,,,,,,,,,,,,,,,,,,,,,,,,,,,,,,,,,,,,,,,,,,,,,
,,,,,,,,,,,,,,,,,,,,,,,,,,,,,,,,,,,,,,,,,,,,,,,,,,,,,,,,,,,,,,,,,,,,,,,,,,,,,,,,,,,,,,,,,,,,,,,,,,,,,,,,,,,,,,,,,,,,,,,,,,,,,,,,,,,,,,,,,,,,,,,,,,,,,,,
,,,,,,,,,,,,,,,,,,,,,,,,,,,,,,,,,,,,,,,,,,,,,,,,,,,,,,,,,,,,,,,,,,,,,,,,,,,,,,,,,,,,,,,,,,,,,,,,,,,,,,,,,,,,,,,,,,,,,,,,,,,,,,,,,,,,,,,,,,,,,,,,,,,,,,,
,,,,,,,,,,,,,,,,,,,,,,,,,,,,,,,,,,,,,,,,,,,,,,,,,,,,,,,,,,,,,,,,,,,,,,,,,,,,,,,,,,,,,,,,,,,,,,,,,,,,,,,,,,,,,,,,,,,,,,,,,,,,,,,,,,,,,,,,,,,,,,,,,,,,,,,
,,,,,,,,,,,,,,,,,,,,,,,,,,,,,,,,,,,,,,,,,,,,,,,,,,,,,,,,,,,,,,,,,,,,,,,,,,,,,,,,,,,,,,,,,,,,,,,,,,,,,,,,,,,,,,,,,,,,,,,,,,,,,,,,,,,,,,,,,,,,,,,,,,,,,,,
,,,,,,,,,,,,,,,,,,,,,,,,,,,,,,,,,,,,,,,,,,,,,,,,,,,,,,,,,,,,,,,,,,,,,,,,,,,,,,,,,,,,,,,,,,,,,,,,,,,,,,,,,,,,,,,,,,,,,,,,,,,,,,,,,,,,,,,,,,,,,,,,,,,,,,,
,,,,,,,,,,,,,,,,,,,,,,,,,,,,,,,,,,,,,,,,,,,,,,,,,,,,,,,,,,,,,,,,,,,,,,,,,,,,,,,,,,,,,,,,,,,,,,,,,,,,,,,,,,,,,,,,,,,,,,,,,,,,,,,,,,,,,,,,,,,,,,,,,,,,,,,
,,,,,,,,,,,,,,,,,,,,,,,,,,,,,,,,,,,,,,,,,,,,,,,,,,,,,,,,,,,,,,,,,,,,,,,,,,,,,,,,,,,,,,,,,,,,,,,,,,,,,,,,,,,,,,,,,,,,,,,,,,,,,,,,,,,,,,,,,,,,,,,,,,,,,,,
,,,,,,,,,,,,,,,,,,,,,,,,,,,,,,,,,,,,,,,,,,,,,,,,,,,,,,,,,,,,,,,,,,,,,,,,,,,,,,,,,,,,,,,,,,,,,,,,,,,,,,,,,,,,,,,,,,,,,,,,,,,,,,,,,,,,,,,,,,,,,,,,,,,,,,,
,,,,,,,,,,,,,,,,,,,,,,,,,,,,,,,,,,,,,,,,,,,,,,,,,,,,,,,,,,,,,,,,,,,,,,,,,,,,,,,,,,,,,,,,,,,,,,,,,,,,,,,,,,,,,,,,,,,,,,,,,,,,,,,,,,,,,,,,,,,,,,,,,,,,,,,
,,,,,,,,,,,,,,,,,,,,,,,,,,,,,,,,,,,,,,,,,,,,,,,,,,,,,,,,,,,,,,,,,,,,,,,,,,,,,,,,,,,,,,,,,,,,,,,,,,,,,,,,,,,,,,,,,,,,,,,,,,,,,,,,,,,,,,,,,,,,,,,,,,,,,,,
,,,,,,,,,,,,,,,,,,,,,,,,,,,,,,,,,,,,,,,,,,,,,,,,,,,,,,,,,,,,,,,,,,,,,,,,,,,,,,,,,,,,,,,,,,,,,,,,,,,,,,,,,,,,,,,,,,,,,,,,,,,,,,,,,,,,,,,,,,,,,,,,,,,,,,,
,,,,,,,,,,,,,,,,,,FIXED,,,,,,,,,,,,,,,,,,,,,,,,,,,,,,,,,,,,,,,,,,,,,,,,,,,,,,,,,,,,,,,,,,,,,,,,,,,,,,,,,,,,,,,,,,,,,,,,,,,,,,,,,,,,,,,,,,,,,,,,,,,,,,,,,,,,,
